manager_model,method,run_id,query_id,history_name,num_required_gold,num_retrieved_gold,any_gold_retrieved,all_gold_retrieved,gold_recall,memory_context_tokens,confounder_tokens,mixed_or_unattributed_tokens,confounder_token_share,retrieved_entry_count,confusion_type,is_mixed_fused,evidence_has_gold_primary_missed
gemma4-e4b,add_all,0,87f097fd-32d3-40e6-b064-ba773a5232ec,001be529,1,1,True,True,1.0,255,209,0,0.8196078431372549,5,type_i,False,False
gemma4-e4b,add_all,0,f79e164a-a5ea-496b-ba7a-be1847f54847,00ca467f,2,0,False,False,0.0,250,250,0,1.0,5,type_i,False,False
gemma4-e4b,add_all,0,1b321d43-0df2-4cd5-8463-1ba2ef7999b7,0100672e,2,1,True,False,0.5,225,171,0,0.76,5,type_i,False,False
gemma4-e4b,add_all,0,12c8972f-d9ce-4dfd-82aa-bd6dc9f9e7a3,01493427,2,0,False,False,0.0,253,253,0,1.0,5,type_ii,False,False
gemma4-e4b,add_all,0,18c3b2d1-4703-4c76-b9c2-617c4aa05898,031748ae,2,1,True,False,0.5,243,184,0,0.757201646090535,5,type_ii,False,False
gemma4-e4b,add_all,0,52121543-cc3b-4493-aaac-32b63715c93e,06878be2,1,0,False,False,0.0,218,218,0,1.0,5,type_i,False,False
gemma4-e4b,add_all,0,7ad381af-2c57-4ac7-abbc-d1ab8e4ed60c,06db6396,2,0,False,False,0.0,219,219,0,1.0,5,type_ii,False,False
gemma4-e4b,add_all,0,4af337a8-32b6-4d8b-a623-2456cdfb7616,06f04340,3,0,False,False,0.0,216,216,0,1.0,4,type_i,False,False
gemma4-e4b,add_all,0,d97c5a29-8d09-4a9c-8411-d7342f33c5ef,07741c44,2,0,False,False,0.0,239,239,0,1.0,5,type_ii,False,False
gemma4-e4b,add_all,0,dcbddf76-81c1-435e-be84-5f30d6d2d75e,07741c45,2,0,False,False,0.0,235,235,0,1.0,5,type_ii,False,False
gemma4-e4b,add_all,0,3f41aa63-d44e-4383-b195-32a655134eea,078150f1,2,0,False,False,0.0,230,230,0,1.0,5,type_i,False,False
gemma4-e4b,add_all,0,294ae4d8-cddd-49e3-9139-f34ed8bb78e5,07b6f563,1,0,False,False,0.0,223,223,0,1.0,5,type_i,False,False
gemma4-e4b,add_all,0,f40ab742-4da7-4785-9af8-99662ca0ce6e,0862e8bf,1,0,False,False,0.0,253,253,0,1.0,6,type_i,False,False
gemma4-e4b,add_all,0,9cc8b533-f8b2-4b08-a52d-e3e9b6129057,08e075c7,1,0,False,False,0.0,247,247,0,1.0,5,type_ii,False,False
gemma4-e4b,add_all,0,c50ecdaa-e050-47ab-b211-0ab30c4d0e05,08f4fc43,2,0,False,False,0.0,214,214,0,1.0,4,type_i,False,False
gemma4-e4b,add_all,0,b3857e59-5aa2-49c2-8787-f61358d64776,0977f2af,2,1,True,False,0.5,231,179,0,0.7748917748917749,5,type_ii,False,False
gemma4-e4b,add_all,0,31a649cd-a136-443a-aa34-46aa887df82e,099778bb,2,1,True,False,0.5,245,181,0,0.7387755102040816,5,type_i,False,False
gemma4-e4b,add_all,0,a554d24f-d6ea-40ac-865a-82065f99db54,09ba9854,2,2,True,True,1.0,246,148,0,0.6016260162601627,5,type_i,False,False
gemma4-e4b,add_all,0,4c207703-8723-40c2-8720-cbde2d441012,09d032c9,2,0,False,False,0.0,254,254,0,1.0,5,type_i,False,False
gemma4-e4b,add_all,0,a34a15bf-c977-45d2-9243-efc3b564b89e,0a34ad58,2,0,False,False,0.0,228,228,0,1.0,5,type_i,False,False
gemma4-e4b,add_all,0,5e0482c5-b6eb-4e99-9d57-7bd48b9835d0,0a995998,3,0,False,False,0.0,228,228,0,1.0,5,type_i,False,False
gemma4-e4b,add_all,0,93d7dd2c-1f4e-487e-ba94-b1ee4f9be1db,0bb5a684,2,1,True,False,0.5,213,103,0,0.4835680751173709,4,type_i,False,False
gemma4-e4b,add_all,0,907b28db-a71e-4b0c-8283-c73dc34ba626,0bc8ad92,2,0,False,False,0.0,234,234,0,1.0,5,type_i,False,False
gemma4-e4b,add_all,0,b3ed8658-f937-4279-a424-94b951a2d363,0bc8ad93,1,0,False,False,0.0,245,245,0,1.0,5,type_i,False,False
gemma4-e4b,add_all,0,b86f55de-7185-4c68-9057-02e12dba2637,0db4c65d,2,1,True,False,0.5,213,102,0,0.4788732394366197,4,type_i,False,False
gemma4-e4b,add_all,0,51539de1-4db6-426a-b650-1a25f9edcf34,0ddfec37,2,0,False,False,0.0,256,256,0,1.0,5,type_ii,False,False
gemma4-e4b,add_all,0,db8ee968-0ec8-4497-9d6c-999fcdfdbd5d,0e4e4c46,2,0,False,False,0.0,248,198,0,0.7983870967741935,5,type_ii,False,False
gemma4-e4b,add_all,0,531249a1-8e89-47d6-be61-945af4fd11cb,0e5e2d1a,1,1,True,True,1.0,239,175,0,0.7322175732217573,4,type_i,False,False
gemma4-e4b,add_all,0,0e1e683e-945c-4b80-932c-17c828278078,0ea62687,2,1,True,False,0.5,205,153,0,0.7463414634146341,4,type_i,False,False
gemma4-e4b,add_all,0,08bdcd12-8870-4497-9d83-a1e8de0a53e2,0edc2aef,1,0,False,False,0.0,228,228,0,1.0,5,type_i,False,False
gemma4-e4b,add_all,0,9be4db64-60fd-4b6f-9227-22e4029786fd,0f05491a,2,2,True,True,1.0,244,100,0,0.4098360655737705,4,type_ii,False,False
gemma4-e4b,add_all,0,7d225fd7-63ac-4177-9584-e1118fe938d9,10d9b85a,3,0,False,False,0.0,254,254,0,1.0,5,type_i,False,False
gemma4-e4b,add_all,0,9b50c82d-0bc8-4bc5-bc8e-5b2bd1796ad6,10e09553,2,0,False,False,0.0,252,252,0,1.0,5,type_ii,False,False
gemma4-e4b,add_all,0,b1fa519d-62e1-40ea-9975-f77c0279d034,118b2229,1,1,True,True,1.0,236,191,0,0.809322033898305,5,type_i,False,False
gemma4-e4b,add_all,0,cd512701-7a38-4372-8f57-7e759ddaeec4,1192316e,2,2,True,True,1.0,245,128,0,0.5224489795918368,5,type_i,False,False
gemma4-e4b,add_all,0,6738468a-a129-49df-8676-a03fe8577b24,129d1232,3,0,False,False,0.0,223,223,0,1.0,5,type_i,False,False
gemma4-e4b,add_all,0,96bcc3be-130d-4958-9cdb-edba25e2fc34,1568498a,1,0,False,False,0.0,228,228,0,1.0,4,type_i,False,False
gemma4-e4b,add_all,0,3fa7fdd2-f94b-4454-8f6d-2d57a6765410,15745da0,1,0,False,False,0.0,235,235,0,1.0,5,type_i,False,False
gemma4-e4b,add_all,0,e3760e42-40ad-4327-86b8-254c6c345ae4,157a136e,2,0,False,False,0.0,219,219,0,1.0,5,type_i,False,False
gemma4-e4b,add_all,0,7dca1d20-0c54-4048-8034-10ccb18f4e35,16c90bf4,1,1,True,True,1.0,211,155,0,0.7345971563981043,4,type_i,False,False
gemma4-e4b,add_all,0,21240c71-0e22-42c7-8fa1-be3287e02cad,184da446,2,0,False,False,0.0,209,209,0,1.0,4,type_ii,False,False
gemma4-e4b,add_all,0,b511b846-670d-4c6e-b036-1333757b2b00,18bc8abd,2,1,True,False,0.5,201,144,0,0.7164179104477612,4,type_ii,False,False
gemma4-e4b,add_all,0,0d426451-8826-46e4-b8e6-27e59efa9b19,18dcd5a5,1,1,True,True,1.0,246,174,0,0.7073170731707317,4,type_i,False,False
gemma4-e4b,add_all,0,edc9b385-39a3-467f-9175-2d5d70e13e20,1903aded,1,1,True,True,1.0,255,193,0,0.7568627450980392,5,type_i,False,False
gemma4-e4b,add_all,0,30f60618-624c-4fdb-9e40-62aa904d1bd2,195a1a1b,1,0,False,False,0.0,231,231,0,1.0,5,type_i,False,False
gemma4-e4b,add_all,0,3bd36286-e0c3-4395-9c8b-4c4bbd5d4605,19b5f2b3,1,0,False,False,0.0,232,232,0,1.0,5,type_i,False,False
gemma4-e4b,add_all,0,ff4f7ccd-bb37-4853-8570-2a2bdb65333f,1a1907b4,1,0,False,False,0.0,228,228,0,1.0,5,type_i,False,False
gemma4-e4b,add_all,0,9aa91cd6-b258-4d4a-8aa1-7d03f4ab765b,1a8a66a6,3,0,False,False,0.0,242,242,0,1.0,5,type_i,False,False
gemma4-e4b,add_all,0,e8a7f656-10b5-4d3c-a1e6-72fd5fffd1e9,1b9b7252,1,1,True,True,1.0,253,171,0,0.6758893280632411,5,type_i,False,False
gemma4-e4b,add_all,0,a2adab9e-f305-46e0-ba1e-59c041d3a0e6,1c0ddc50,4,0,False,False,0.0,232,232,0,1.0,5,type_i,False,False
gemma4-e4b,add_all,0,4a485526-ab5c-4dd5-abbd-1556453894ec,1c549ce4,2,0,False,False,0.0,229,229,0,1.0,5,type_i,False,False
gemma4-e4b,add_all,0,f525ac83-7831-4b56-b166-c563d488d77c,1cea1afa,2,0,False,False,0.0,217,217,0,1.0,5,type_ii,False,False
gemma4-e4b,add_all,0,c447a2b4-0c0b-4c4d-8e3d-0b39fa7c1016,1d4da289,1,1,True,True,1.0,227,175,0,0.7709251101321586,5,type_i,False,False
gemma4-e4b,add_all,0,b3249624-4e08-4739-90d3-a811484c0cb7,1d4e3b97,2,0,False,False,0.0,228,228,0,1.0,4,type_i,False,False
gemma4-e4b,add_all,0,6b037229-ebfc-4e0b-93f8-94d25ee023ac,1da05512,2,0,False,False,0.0,220,220,0,1.0,5,type_i,False,False
gemma4-e4b,add_all,0,38cb764c-bf41-4e2a-ac52-78ea99c2209e,1de5cff2,1,1,True,True,1.0,230,178,0,0.7739130434782608,5,type_i,False,False
gemma4-e4b,add_all,0,e277b9f8-a1f0-4996-a428-5db60ea30ec5,1e043500,1,0,False,False,0.0,256,256,0,1.0,5,type_i,False,False
gemma4-e4b,add_all,0,8f950fa0-6e97-4223-8c04-c27d60a60435,1f2b8d4f,2,1,True,False,0.5,230,172,0,0.7478260869565218,5,type_i,False,False
gemma4-e4b,add_all,0,7baecf60-5e62-4d0f-8481-500555ade331,1faac195,1,1,True,True,1.0,243,202,0,0.831275720164609,5,type_i,False,False
gemma4-e4b,add_all,0,583c12a1-7b0e-4248-9f72-6d7fcc96e28e,2133c1b5,2,0,False,False,0.0,235,189,0,0.8042553191489362,5,type_ii,False,False
gemma4-e4b,add_all,0,01b46a4b-9d7b-4ab1-ac98-60c13e5b1054,21436231,1,1,True,True,1.0,210,160,0,0.7619047619047619,4,type_i,False,False
gemma4-e4b,add_all,0,7cd57b84-94a7-4004-a32a-dc75ea5d30a5,21d02d0d,2,2,True,True,1.0,232,97,0,0.41810344827586204,4,type_i,False,False
gemma4-e4b,add_all,0,ec104c88-8b79-400b-87e6-1108f291415b,22d2cb42,1,0,False,False,0.0,239,196,0,0.8200836820083682,5,type_ii,False,False
gemma4-e4b,add_all,0,0c664502-51b8-4712-b10a-54d809e3c8c0,2311e44b,2,1,True,False,0.5,238,188,0,0.7899159663865546,5,type_i,False,False
gemma4-e4b,add_all,0,37561675-3771-4beb-88fd-41a7d2ecd264,2318644b,2,1,True,False,0.5,206,154,0,0.7475728155339806,4,type_i,False,False
gemma4-e4b,add_all,0,aa170411-4073-4ce5-9b4a-92f57aaa739d,25e5aa4f,1,1,True,True,1.0,216,172,0,0.7962962962962963,5,type_i,False,False
gemma4-e4b,add_all,0,d23fc380-d06a-4274-ba29-46eecd1c6878,2698e78f,2,0,False,False,0.0,218,172,0,0.7889908256880734,5,type_ii,False,False
gemma4-e4b,add_all,0,a91beafe-5607-4ab9-b5fa-c3bd3f95fbdb,26bdc477,2,0,False,False,0.0,251,251,0,1.0,5,type_ii,False,False
gemma4-e4b,add_all,0,6e15f8cd-a8a1-4331-a2a6-6677e5937639,27016adc,2,0,False,False,0.0,209,209,0,1.0,4,type_i,False,False
gemma4-e4b,add_all,0,eec37613-e9ae-4b8f-b0c0-0b6271880753,2788b940,5,0,False,False,0.0,209,209,0,1.0,4,type_i,False,False
gemma4-e4b,add_all,0,de5d9988-40df-408f-b555-71e0ebc7a33f,28bcfaac,1,0,False,False,0.0,192,192,0,1.0,4,type_i,False,False
gemma4-e4b,add_all,0,be4fe919-6e43-4252-b21f-ed57ac2f943b,28dc39ac,5,0,False,False,0.0,252,252,0,1.0,5,type_i,False,False
gemma4-e4b,add_all,0,f2803d17-5581-44fd-aa87-0740217c3696,29f2956b,1,0,False,False,0.0,220,220,0,1.0,4,type_i,False,False
gemma4-e4b,add_all,0,f4c42461-c019-4fbf-b8c0-f62386d4a26b,2a1811e2,2,0,False,False,0.0,209,209,0,1.0,4,type_i,False,False
gemma4-e4b,add_all,0,95da118c-b319-4cb0-af46-6de7db6814b4,2b8f3739,3,0,False,False,0.0,224,224,0,1.0,5,type_i,False,False
gemma4-e4b,add_all,0,defaa999-a1e0-435e-83dd-c1e6fa1f5e7a,2bf43736,1,1,True,True,1.0,245,173,0,0.7061224489795919,4,type_i,False,False
gemma4-e4b,add_all,0,2eabfc19-155e-4233-8d6a-b5a9181e19b2,2c63a862,2,0,False,False,0.0,248,248,0,1.0,5,type_i,False,False
gemma4-e4b,add_all,0,2eb79043-88f9-4e92-8fc3-bd444a460b15,2ce6a0f2,4,0,False,False,0.0,221,221,0,1.0,5,type_i,False,False
gemma4-e4b,add_all,0,f1d8955f-ba22-4111-ad43-390415b63494,2e6d26dc,5,0,False,False,0.0,256,256,0,1.0,5,type_i,False,False
gemma4-e4b,add_all,0,5865954e-fd7a-48e1-ba52-8a92fc086ec8,2ebe6c90,2,2,True,True,1.0,219,101,0,0.4611872146118721,4,type_i,False,False
gemma4-e4b,add_all,0,c4abe153-9443-41f4-a374-5411b10423d7,2ebe6c92,2,0,False,False,0.0,252,252,0,1.0,5,type_i,False,False
gemma4-e4b,add_all,0,2dcdffd9-80a7-48a0-b0c8-fc8b176a393f,311778f1,1,1,True,True,1.0,240,178,0,0.7416666666666667,4,type_i,False,False
gemma4-e4b,add_all,0,f5ff35e1-e889-4e16-a21b-b71826c6f0ae,32260d93,1,0,False,False,0.0,218,218,0,1.0,5,type_i,False,False
gemma4-e4b,add_all,0,cb0b7c95-9aab-4aaa-b79f-32f824fbb1ea,3249768e,1,0,False,False,0.0,218,218,0,1.0,4,type_i,False,False
gemma4-e4b,add_all,0,012957f8-a39d-4587-8336-1abc8ac39728,352ab8bd,1,1,True,True,1.0,198,117,0,0.5909090909090909,3,type_i,False,False
gemma4-e4b,add_all,0,6acdd080-904b-4370-8cf6-72de9ef6c1a6,35a27287,2,0,False,False,0.0,230,230,0,1.0,5,type_i,False,False
gemma4-e4b,add_all,0,8f6656c6-d5f0-4868-8caf-4f4ae382a593,36580ce8,1,0,False,False,0.0,228,228,0,1.0,5,type_i,False,False
gemma4-e4b,add_all,0,5b775ff5-cfea-4383-8881-b0a380e5fa65,36b9f61e,3,0,False,False,0.0,235,235,0,1.0,5,type_i,False,False
gemma4-e4b,add_all,0,1d5d93a4-acf6-4dd4-b03e-b2789c75dadc,370a8ff4,2,1,True,False,0.5,242,191,0,0.7892561983471075,5,type_i,False,False
gemma4-e4b,add_all,0,d3fbdd24-c489-430e-82fc-fca3d1931e48,37d43f65,1,1,True,True,1.0,243,183,0,0.7530864197530864,5,type_i,False,False
gemma4-e4b,add_all,0,3b51f5fe-4fa8-4e48-8af0-b601f6774b02,37f165cf,2,2,True,True,1.0,251,151,0,0.601593625498008,5,type_i,False,False
gemma4-e4b,add_all,0,26568ecd-db01-444a-8d13-789ea19d879a,38146c39,2,0,False,False,0.0,255,201,0,0.788235294117647,5,type_i,False,False
gemma4-e4b,add_all,0,3fcbf430-de97-4116-aa4a-9023e5e5d802,3a704032,3,0,False,False,0.0,240,240,0,1.0,5,type_i,False,False
gemma4-e4b,add_all,0,3c476f27-d02b-44d4-a8a0-524eb230965b,3b6f954b,1,0,False,False,0.0,216,216,0,1.0,5,type_i,False,False
gemma4-e4b,add_all,0,2e02fd7a-02d2-4a57-b9e6-a3d58304ff6c,3ba21379,1,0,False,False,0.0,218,170,0,0.7798165137614679,5,type_ii,False,False
gemma4-e4b,add_all,0,f0002fca-026c-4600-bd05-aea4f66d52d6,3c1045c8,2,0,False,False,0.0,228,228,0,1.0,5,type_i,False,False
gemma4-e4b,add_all,0,cbbdccf5-c945-4f51-8fcb-ccd8dcee6c1c,3d86fd0a,1,1,True,True,1.0,218,174,0,0.7981651376146789,5,type_i,False,False
gemma4-e4b,add_all,0,984835ba-8e13-45b7-8b72-7a16f327e57f,3e321797,1,0,False,False,0.0,231,231,0,1.0,4,type_i,False,False
gemma4-e4b,add_all,0,f441ba43-27a2-40ed-ae56-30d5497b9911,3f1e9474,1,0,False,False,0.0,232,232,0,1.0,5,type_i,False,False
gemma4-e4b,add_all,0,1dfce634-7cff-4f81-812a-8292002ea8dc,3fdac837,2,0,False,False,0.0,230,230,0,1.0,5,type_i,False,False
gemma4-e4b,add_all,0,2e03269f-3336-4882-9298-3de60d7645a7,3fe836c9,2,0,False,False,0.0,237,237,0,1.0,5,type_i,False,False
gemma4-e4b,add_all,0,aefc99d7-c65b-4db2-88ac-7cfe3647ac49,4100d0a0,1,0,False,False,0.0,221,221,0,1.0,5,type_i,False,False
gemma4-e4b,add_all,0,7e92cd56-3ea3-42fc-8015-cee4038bb8c9,41275add,1,1,True,True,1.0,222,133,0,0.5990990990990991,4,type_i,False,False
gemma4-e4b,add_all,0,2ad06b43-bfd1-4de8-ad97-da69d337531b,41698283,2,0,False,False,0.0,238,238,0,1.0,5,type_ii,False,False
gemma4-e4b,add_all,0,33e1700d-2a86-4aad-bfa2-ee42dbdb4992,42ec0761,2,1,True,False,0.5,209,101,0,0.48325358851674644,4,type_ii,False,False
gemma4-e4b,add_all,0,f765a641-2ad0-4520-a25f-52cc75254acf,4388e9dd,1,0,False,False,0.0,246,246,0,1.0,5,type_i,False,False
gemma4-e4b,add_all,0,7c62667c-5d55-4ef9-bbb1-e7e03715e014,45dc21b6,2,0,False,False,0.0,215,215,0,1.0,5,type_ii,False,False
gemma4-e4b,add_all,0,15a9a790-b32a-46d6-9333-7883639ee829,46a3abf7,3,0,False,False,0.0,227,227,0,1.0,5,type_i,False,False
gemma4-e4b,add_all,0,0e46a545-f00b-45e3-be21-d0b1431ee99a,488d3006,1,0,False,False,0.0,239,239,0,1.0,4,type_i,False,False
gemma4-e4b,add_all,0,7ba6b87e-2fd0-45c8-8005-645e32866cff,4adc0475,2,2,True,True,1.0,248,130,0,0.5241935483870968,5,type_i,False,False
gemma4-e4b,add_all,0,0c276f8f-2776-4e77-a523-a12f03c308d5,4b24c848,2,0,False,False,0.0,252,252,0,1.0,6,type_ii,False,False
gemma4-e4b,add_all,0,94c56b84-68e4-4b1a-b7fb-f107aa139445,4baee567,1,1,True,True,1.0,223,168,0,0.7533632286995515,4,type_i,False,False
gemma4-e4b,add_all,0,298544a4-0ea0-492c-914e-f7d028bc6c3b,4bc144e2,2,1,True,False,0.5,215,167,0,0.7767441860465116,5,type_i,False,False
gemma4-e4b,add_all,0,1640bd89-a15f-47fe-8db6-74fb4cca0f8c,4c36ccef,1,0,False,False,0.0,243,243,0,1.0,5,type_i,False,False
gemma4-e4b,add_all,0,8ebd893e-c964-4c06-be0a-f9b42a279bac,4d6b87c8,2,0,False,False,0.0,225,180,0,0.8,5,type_ii,False,False
gemma4-e4b,add_all,0,6c218815-2d9f-47c6-be50-317d0af8e9d3,4dfccbf7,2,0,False,False,0.0,222,222,0,1.0,5,type_i,False,False
gemma4-e4b,add_all,0,e9bc19af-a2be-4601-b2f0-9338e65a0950,4dfccbf8,1,0,False,False,0.0,217,217,0,1.0,5,type_i,False,False
gemma4-e4b,add_all,0,01102572-62ca-48c5-aab8-eb3a47873102,4f54b7c9,5,0,False,False,0.0,227,227,0,1.0,5,type_i,False,False
gemma4-e4b,add_all,0,e7a140ab-62ae-4b47-8ce6-9173d5cf0830,4fd1909e,1,0,False,False,0.0,230,230,0,1.0,5,type_i,False,False
gemma4-e4b,add_all,0,38444c16-4188-4978-ae06-f769ae32894c,5025383b,2,0,False,False,0.0,231,231,0,1.0,5,type_i,False,False
gemma4-e4b,add_all,0,510769bd-acad-41e6-8c04-b5af20445be3,505af2f5,3,1,True,False,0.3333333333333333,247,184,0,0.7449392712550608,5,type_i,False,False
gemma4-e4b,add_all,0,73bfbcce-f6a2-41a2-ad14-24427ad73f84,50635ada,1,0,False,False,0.0,217,217,0,1.0,5,type_ii,False,False
gemma4-e4b,add_all,0,6af45888-bd4e-4d27-9140-ccb3348b0bb3,51a45a95,1,1,True,True,1.0,227,163,0,0.7180616740088106,5,type_i,False,False
gemma4-e4b,add_all,0,d993596c-63e3-48eb-987e-5cab195cb2cd,51b23612,1,1,True,True,1.0,252,191,0,0.7579365079365079,5,type_i,False,False
gemma4-e4b,add_all,0,11a41d78-038d-44b0-8758-a1c22707b700,51c32626,1,1,True,True,1.0,253,195,0,0.7707509881422925,5,type_i,False,False
gemma4-e4b,add_all,0,a717623e-87bf-421d-92c5-318c8ef4f09b,54026fce,1,0,False,False,0.0,224,224,0,1.0,5,type_i,False,False
gemma4-e4b,add_all,0,9c3b436a-77cc-419f-aea4-f49ccdd15512,545bd2b5,1,1,True,True,1.0,234,170,0,0.7264957264957265,4,type_i,False,False
gemma4-e4b,add_all,0,32caad0b-e142-4a5c-adde-e2eee7059780,55241a1f,2,0,False,False,0.0,230,230,0,1.0,5,type_i,False,False
gemma4-e4b,add_all,0,10b537c2-d971-488b-89e1-5ed767a4d1ef,561fabcd,1,1,True,True,1.0,240,193,0,0.8041666666666667,5,type_i,False,False
gemma4-e4b,add_all,0,805036de-43a6-48f9-83b1-a11853d8f214,577d4d32,1,0,False,False,0.0,240,240,0,1.0,5,type_i,False,False
gemma4-e4b,add_all,0,2697184d-c9cb-4f19-af36-34ccabe59727,57f827a0,1,0,False,False,0.0,224,224,0,1.0,4,type_i,False,False
gemma4-e4b,add_all,0,5bdffece-92a1-4694-a9c1-ca63bc0dbdf7,5809eb10,1,0,False,False,0.0,217,217,0,1.0,4,type_i,False,False
gemma4-e4b,add_all,0,7013ca18-4b8b-4e79-a9b7-34abc3631412,5831f84d,2,0,False,False,0.0,237,237,0,1.0,5,type_ii,False,False
gemma4-e4b,add_all,0,d8644e28-2b05-4201-a9b5-330b9d95239a,58470ed2,1,1,True,True,1.0,215,144,0,0.6697674418604651,4,type_i,False,False
gemma4-e4b,add_all,0,20ad54df-84c3-455a-b38d-8b0daef94824,58bf7951,1,0,False,False,0.0,252,252,0,1.0,5,type_i,False,False
gemma4-e4b,add_all,0,babe21c7-0ebf-4ceb-95dc-32917a32ee87,58ef2f1c,1,0,False,False,0.0,232,232,0,1.0,5,type_i,False,False
gemma4-e4b,add_all,0,8ad5d679-ea17-41bf-833d-8bdaca193032,59524333,2,0,False,False,0.0,244,244,0,1.0,5,type_ii,False,False
gemma4-e4b,add_all,0,3f7eeacc-0d7c-4b04-9660-37f8844aa43d,5a4f22c0,1,1,True,True,1.0,213,141,0,0.6619718309859155,4,type_ii,False,False
gemma4-e4b,add_all,0,cb345cc4-5153-4115-81e5-33291bac222c,5a7937c8,3,0,False,False,0.0,235,235,0,1.0,5,type_i,False,False
gemma4-e4b,add_all,0,d49251b7-1f01-46b9-a047-741f6c04e6ab,5c40ec5b,1,0,False,False,0.0,229,229,0,1.0,5,type_ii,False,False
gemma4-e4b,add_all,0,9e3d2931-0418-4865-ab8a-c31bdc838784,5d3d2817,1,0,False,False,0.0,232,232,0,1.0,5,type_i,False,False
gemma4-e4b,add_all,0,93d29a0c-0115-4dfe-924e-117e5e338fd1,5e1b23de,1,1,True,True,1.0,234,180,0,0.7692307692307693,5,type_i,False,False
gemma4-e4b,add_all,0,634a1920-c77c-4e7b-b301-cacb917666d3,60036106,2,1,True,False,0.5,247,189,0,0.7651821862348178,5,type_i,False,False
gemma4-e4b,add_all,0,37a0ba87-1897-4f33-ada3-d58ff5f596cb,60159905,3,0,False,False,0.0,250,250,0,1.0,5,type_i,False,False
gemma4-e4b,add_all,0,31ebdf18-7459-4d9c-b880-6bef16d142a5,603deb26,2,1,True,False,0.5,235,152,0,0.6468085106382979,4,type_ii,False,False
gemma4-e4b,add_all,0,7d771ec0-87ae-4d7c-b8e5-baaab89cb7e3,60472f9c,3,0,False,False,0.0,216,216,0,1.0,5,type_i,False,False
gemma4-e4b,add_all,0,bf963217-c777-4aea-a601-c95effd1d599,6071bd76,2,2,True,True,1.0,241,105,0,0.43568464730290457,4,type_ii,False,False
gemma4-e4b,add_all,0,81ba1976-7100-4d39-a483-cb48513603e3,60bf93ed,1,0,False,False,0.0,239,239,0,1.0,5,type_i,False,False
gemma4-e4b,add_all,0,798ae51f-a000-43f9-9f7a-47d7df6dcb97,60d45044,1,0,False,False,0.0,227,227,0,1.0,5,type_i,False,False
gemma4-e4b,add_all,0,d5e104ee-06b3-4c1c-ad86-8644e115f67a,618f13b2,2,0,False,False,0.0,204,204,0,1.0,4,type_ii,False,False
gemma4-e4b,add_all,0,a3892f52-0def-4659-a85e-f493c2450f18,61f8c8f8,2,2,True,True,1.0,212,101,0,0.47641509433962265,4,type_i,False,False
gemma4-e4b,add_all,0,c43475b2-ecdd-45ce-9b36-a1f0e024fd1e,6222b6eb,1,0,False,False,0.0,247,247,0,1.0,5,type_i,False,False
gemma4-e4b,add_all,0,51d07a94-b968-49e1-9689-e28b4c0604f4,6456829e,2,1,True,False,0.5,221,180,0,0.8144796380090498,5,type_i,False,False
gemma4-e4b,add_all,0,3850d776-a843-4546-b887-31da0c15a62a,65240037,1,1,True,True,1.0,219,161,0,0.7351598173515982,4,type_i,False,False
gemma4-e4b,add_all,0,6b9598e8-30bb-46f8-9265-d59abe8b4185,6613b389,2,0,False,False,0.0,230,230,0,1.0,5,type_i,False,False
gemma4-e4b,add_all,0,51c7dc05-64f7-4198-905e-eff3a632da64,66f24dbb,2,1,True,False,0.5,218,172,0,0.7889908256880734,5,type_i,False,False
gemma4-e4b,add_all,0,efce50a8-08ba-4f7e-b173-11a88cfcde48,67e0d0f2,2,0,False,False,0.0,242,242,0,1.0,5,type_i,False,False
gemma4-e4b,add_all,0,460ad999-b0db-4b4d-8cf4-0add1eb6eb53,681a1674,2,0,False,False,0.0,250,250,0,1.0,5,type_i,False,False
gemma4-e4b,add_all,0,4234c816-43dc-4254-b3a0-5887afe6ce24,69fee5aa,2,0,False,False,0.0,250,250,0,1.0,5,type_ii,False,False
gemma4-e4b,add_all,0,dccf42f5-1ee0-4929-8730-42222c31ab9b,6a1eabeb,2,0,False,False,0.0,213,213,0,1.0,4,type_ii,False,False
gemma4-e4b,add_all,0,0fd9b158-3668-4ce1-bb79-24be5bfc9d9b,6a27ffc2,2,0,False,False,0.0,243,243,0,1.0,5,type_ii,False,False
gemma4-e4b,add_all,0,2fdfb742-09d2-4d91-84c7-f1e26976d4dd,6ade9755,1,0,False,False,0.0,248,248,0,1.0,6,type_i,False,False
gemma4-e4b,add_all,0,0d5cbabf-92af-4df5-bb36-cc21979fc666,6ae235be,1,1,True,True,1.0,204,144,0,0.7058823529411765,4,type_i,False,False
gemma4-e4b,add_all,0,4da624fc-1df9-48ed-b977-2c670998b8fb,6aeb4375,2,0,False,False,0.0,217,177,0,0.815668202764977,5,type_ii,False,False
gemma4-e4b,add_all,0,912dc568-1951-4019-83ff-a5a1d522d6a8,6b168ec8,1,0,False,False,0.0,218,218,0,1.0,5,type_i,False,False
gemma4-e4b,add_all,0,2acf5066-0e6c-423b-b7eb-b17530c4e078,6b7dfb22,5,0,False,False,0.0,221,221,0,1.0,5,type_i,False,False
gemma4-e4b,add_all,0,9ef2ad94-c7ad-4cf5-aa74-ed82b9cbeff5,6c49646a,2,0,False,False,0.0,225,225,0,1.0,5,type_i,False,False
gemma4-e4b,add_all,0,fbcfbd9b-684d-4843-960a-f1460c252a5c,6cb6f249,2,2,True,True,1.0,230,110,0,0.4782608695652174,4,type_i,False,False
gemma4-e4b,add_all,0,37f9a9ca-9822-4455-a616-a5b62742718d,6d550036,2,0,False,False,0.0,237,237,0,1.0,6,type_i,False,False
gemma4-e4b,add_all,0,67b1403a-08d2-491d-8ca2-2d050c83bb62,6e984301,2,0,False,False,0.0,250,250,0,1.0,5,type_i,False,False
gemma4-e4b,add_all,0,748837ee-5aae-4b57-8642-f4cf2561c21a,6e984302,1,0,False,False,0.0,255,255,0,1.0,5,type_i,False,False
gemma4-e4b,add_all,0,1d4de977-a475-4cfd-ad0e-a422fd521ba5,6f9b354f,1,1,True,True,1.0,223,155,0,0.695067264573991,4,type_i,False,False
gemma4-e4b,add_all,0,feeaf5a4-115d-4608-98fb-c269cf9474cd,7024f17c,1,1,True,True,1.0,232,177,0,0.7629310344827587,5,type_i,False,False
gemma4-e4b,add_all,0,4d2aefd3-22d2-4138-86a3-bd213c7f128e,70b3e69b,1,1,True,True,1.0,253,192,0,0.758893280632411,5,type_i,False,False
gemma4-e4b,add_all,0,5f1ae00a-8f1e-467c-b318-94914d406dea,71017276,1,0,False,False,0.0,243,243,0,1.0,4,type_i,False,False
gemma4-e4b,add_all,0,f4115093-28c1-4eb2-9672-8d249fa123ba,71017277,2,1,True,False,0.5,227,175,0,0.7709251101321586,5,type_i,False,False
gemma4-e4b,add_all,0,1999661d-c6da-4c31-9323-58c9b775b702,71315a70,2,0,False,False,0.0,240,191,0,0.7958333333333333,5,type_ii,False,False
gemma4-e4b,add_all,0,41b8318f-5dc5-4e6a-b3ce-e4f626017444,7161e7e2,1,1,True,True,1.0,241,174,0,0.7219917012448133,4,type_i,False,False
gemma4-e4b,add_all,0,7f7d92a1-2412-4aa3-bf2f-e90157313898,71a3fd6b,1,1,True,True,1.0,224,138,0,0.6160714285714286,4,type_i,False,False
gemma4-e4b,add_all,0,70e30c87-154a-452b-ae35-e6e7671408bb,720133ac,2,2,True,True,1.0,252,134,0,0.5317460317460317,5,type_i,False,False
gemma4-e4b,add_all,0,00889b12-6c59-4d9f-b44b-b557e8d1e0ca,726462e0,1,1,True,True,1.0,215,149,0,0.6930232558139535,4,type_i,False,False
gemma4-e4b,add_all,0,727531e1-35d4-4fc8-9ae5-b75bcf4f795b,72e3ee87,2,0,False,False,0.0,243,243,0,1.0,5,type_ii,False,False
gemma4-e4b,add_all,0,a71161d6-9791-40f2-8b95-23b7e3b0eed7,73d42213,2,0,False,False,0.0,226,226,0,1.0,4,type_i,False,False
gemma4-e4b,add_all,0,6d833eac-468c-46e3-8941-93c786b0d383,7401057b,2,0,False,False,0.0,244,192,0,0.7868852459016393,5,type_ii,False,False
gemma4-e4b,add_all,0,3b29831d-913d-4fa0-90f4-356c0d7523a6,7405e8b1,2,2,True,True,1.0,255,146,0,0.5725490196078431,5,type_i,False,False
gemma4-e4b,add_all,0,9052b60c-92c4-4e08-af08-4800c81dac6f,7527f7e2,1,0,False,False,0.0,133,133,0,1.0,3,type_i,False,False
gemma4-e4b,add_all,0,e190ba09-a502-4f8d-9292-a3997f7b2f1c,75499fd8,1,0,False,False,0.0,217,217,0,1.0,5,type_i,False,False
gemma4-e4b,add_all,0,f65dc9fc-1965-4157-8dd2-33ca2918160c,75832dbd,2,0,False,False,0.0,212,212,0,1.0,5,type_i,False,False
gemma4-e4b,add_all,0,72341b5e-95d9-4596-8e9d-6f0d9b15f8d3,75f70248,1,0,False,False,0.0,228,228,0,1.0,5,type_i,False,False
gemma4-e4b,add_all,0,62e61ee2-c2ab-49be-bbb4-43eb1a0bfcb3,76d63226,1,0,False,False,0.0,244,244,0,1.0,5,type_i,False,False
gemma4-e4b,add_all,0,0678d05f-4efa-479a-8a00-d96dc12c62b9,778164c6,1,1,True,True,1.0,244,170,0,0.6967213114754098,5,type_i,False,False
gemma4-e4b,add_all,0,68838d44-be5a-4fa8-9c5c-f17ec178baf9,77eafa52,2,0,False,False,0.0,227,227,0,1.0,5,type_i,False,False
gemma4-e4b,add_all,0,6c9d0255-9872-40ae-bc3d-54668974815e,7a87bd0c,2,0,False,False,0.0,243,243,0,1.0,5,type_ii,False,False
gemma4-e4b,add_all,0,2e61e751-cc05-449a-87ca-5e6ad697cad0,7a8d0b71,1,1,True,True,1.0,232,148,0,0.6379310344827587,4,type_i,False,False
gemma4-e4b,add_all,0,ba8b328a-a300-4c39-8672-35d386264070,7e00a6cb,1,0,False,False,0.0,214,214,0,1.0,4,type_i,False,False
gemma4-e4b,add_all,0,b78f8dfd-84f4-46dd-bd77-552aa26a9d24,7e974930,2,0,False,False,0.0,232,232,0,1.0,5,type_ii,False,False
gemma4-e4b,add_all,0,0502bd8f-b298-4cdf-9ef6-b9659fe099e5,8077ef71,1,0,False,False,0.0,243,243,0,1.0,5,type_i,False,False
gemma4-e4b,add_all,0,cb00dc0b-3881-4729-ad8c-458a0a8bbf69,80ec1f4f,2,0,False,False,0.0,244,244,0,1.0,5,type_i,False,False
gemma4-e4b,add_all,0,ffef6fb8-3ef2-4306-a398-7d3a238db516,81507db6,3,0,False,False,0.0,216,216,0,1.0,5,type_i,False,False
gemma4-e4b,add_all,0,21f99b99-8753-406f-82db-6bdd048c3b86,830ce83f,2,0,False,False,0.0,217,217,0,1.0,5,type_ii,False,False
gemma4-e4b,add_all,0,16edfc9b-0628-42eb-b4ae-3413ebb902de,8464fc84,1,1,True,True,1.0,245,189,0,0.7714285714285715,5,type_i,False,False
gemma4-e4b,add_all,0,6f5aaf73-8027-4fdb-8cae-5884cc2dd31f,852ce960,2,0,False,False,0.0,206,206,0,1.0,4,type_ii,False,False
gemma4-e4b,add_all,0,60697660-54d1-45c7-b8f2-6fb2a1e5879e,853b0a1d,1,0,False,False,0.0,238,238,0,1.0,5,type_i,False,False
gemma4-e4b,add_all,0,b38dd2ba-a7cf-4421-818e-e425f45d4059,8550ddae,1,0,False,False,0.0,239,239,0,1.0,5,type_i,False,False
gemma4-e4b,add_all,0,2b776db4-25c8-4299-9fff-b654e5f34bbf,85fa3a3f,4,3,True,False,0.75,233,51,0,0.21888412017167383,4,type_i,False,False
gemma4-e4b,add_all,0,090c74f0-b4d4-4ce0-a1b9-8e47951327c7,86b68151,1,0,False,False,0.0,254,254,0,1.0,5,type_i,False,False
gemma4-e4b,add_all,0,795c9c2e-5e0b-4c4c-8a69-3a268fc47990,86f00804,1,0,False,False,0.0,252,252,0,1.0,6,type_i,False,False
gemma4-e4b,add_all,0,01694822-6853-4f1d-b29e-472fa00d8780,8752c811,1,0,False,False,0.0,242,242,0,1.0,5,type_i,False,False
gemma4-e4b,add_all,0,579865cf-9925-4d38-bad3-c1ab6189548a,87f22b4a,2,0,False,False,0.0,225,225,0,1.0,5,type_i,False,False
gemma4-e4b,add_all,0,44d130b2-f320-4b59-bacf-5fc0fb2e6891,88432d0a,4,0,False,False,0.0,256,256,0,1.0,5,type_i,False,False
gemma4-e4b,add_all,0,c078fdb0-b678-411b-86c7-9f91a1e9b172,89527b6b,3,2,True,False,0.6666666666666666,241,131,0,0.5435684647302904,5,type_i,False,False
gemma4-e4b,add_all,0,2bfec060-c472-4a98-94e0-f2268375d083,8979f9ec,2,0,False,False,0.0,239,239,0,1.0,5,type_i,False,False
gemma4-e4b,add_all,0,62b04815-99cd-488b-87c3-be57bbb083ec,89941a93,2,1,True,False,0.5,250,176,0,0.704,5,type_ii,False,False
gemma4-e4b,add_all,0,25f56c85-1b86-450d-bcf9-775d2662b97b,89941a94,1,0,False,False,0.0,241,241,0,1.0,5,type_ii,False,False
gemma4-e4b,add_all,0,e1a40dc0-a764-4797-8c31-f04e08c6fd68,8a137a7f,1,1,True,True,1.0,232,180,0,0.7758620689655172,5,type_i,False,False
gemma4-e4b,add_all,0,82fcba62-7a1d-4ba3-b000-1cdee0fbee55,8a2466db,1,0,False,False,0.0,214,214,0,1.0,5,type_i,False,False
gemma4-e4b,add_all,0,e12a5fcc-0790-44b4-b72c-48ac3ee757d8,8aef76bc,1,1,True,True,1.0,252,192,0,0.7619047619047619,5,type_i,False,False
gemma4-e4b,add_all,0,b75ec466-720a-4722-8bb9-8ad149610e74,8b9d4367,1,1,True,True,1.0,214,140,0,0.6542056074766355,4,type_i,False,False
gemma4-e4b,add_all,0,8646cae1-b71f-4523-be01-349bf7052575,8c18457d,2,0,False,False,0.0,204,204,0,1.0,4,type_i,False,False
gemma4-e4b,add_all,0,ec2cf9bd-bb48-4f80-a953-2a237cc044c0,8cf4d046,2,0,False,False,0.0,231,231,0,1.0,5,type_i,False,False
gemma4-e4b,add_all,0,80063a27-c696-4481-98dc-2f5885aa30e3,8cf51dda,3,3,True,True,1.0,208,0,0,0.0,3,type_i,False,False
gemma4-e4b,add_all,0,7fafa942-2cc8-4901-90a8-0817c0ad15dd,8e91e7d9,2,0,False,False,0.0,242,242,0,1.0,6,type_i,False,False
gemma4-e4b,add_all,0,6ed865e9-c608-4655-b358-153df6ed65d4,8e9d538c,1,0,False,False,0.0,241,241,0,1.0,5,type_i,False,False
gemma4-e4b,add_all,0,67a384ec-c2d9-4ac3-ac39-ffd143d4acdc,8ebdbe50,1,0,False,False,0.0,225,225,0,1.0,5,type_i,False,False
gemma4-e4b,add_all,0,805e2f77-2c28-4d36-a4bf-327a98e3c5b7,8fb83627,2,0,False,False,0.0,216,216,0,1.0,5,type_ii,False,False
gemma4-e4b,add_all,0,7a62097b-a0e1-42e2-bc33-8b427fbd63da,91b15a6e,2,2,True,True,1.0,236,142,0,0.6016949152542372,5,type_i,False,False
gemma4-e4b,add_all,0,8a0b1cfc-edc7-4dda-a19f-1825664847b6,92a0aa75,2,0,False,False,0.0,231,231,0,1.0,5,type_i,False,False
gemma4-e4b,add_all,0,f4b9cdbd-9e87-48e1-b2bc-0fe7afff9c0b,945e3d21,2,0,False,False,0.0,228,228,0,1.0,5,type_ii,False,False
gemma4-e4b,add_all,0,a6c83926-1021-4b02-b900-42be223c3df1,94f70d80,1,1,True,True,1.0,237,192,0,0.810126582278481,5,type_i,False,False
gemma4-e4b,add_all,0,5316d2a9-671a-45c7-a1f8-be51df4eacb8,95228167,1,0,False,False,0.0,249,249,0,1.0,5,type_i,False,False
gemma4-e4b,add_all,0,0b2a613a-70af-46a4-a315-bffe45ef94f2,95bcc1c8,1,0,False,False,0.0,251,251,0,1.0,5,type_i,False,False
gemma4-e4b,add_all,0,f51ed016-41a5-40ef-bfa7-deae02c06ee5,982b5123,1,0,False,False,0.0,225,225,0,1.0,5,type_i,False,False
gemma4-e4b,add_all,0,bfc4bf0b-417b-4f0e-b3ca-603113358ce3,993da5e2,2,0,False,False,0.0,242,242,0,1.0,5,type_i,False,False
gemma4-e4b,add_all,0,495d85ef-fbe8-427b-9fd0-52b6799a3ccb,9a707b81,2,1,True,False,0.5,245,185,0,0.7551020408163265,5,type_i,False,False
gemma4-e4b,add_all,0,feb8c8a4-9f2f-4bfd-b808-61dc399f26cd,9a707b82,1,0,False,False,0.0,240,240,0,1.0,5,type_i,False,False
gemma4-e4b,add_all,0,126ac64c-622d-4870-98a8-c7b6df818b19,9aaed6a3,2,1,True,False,0.5,248,199,0,0.8024193548387096,5,type_i,False,False
gemma4-e4b,add_all,0,894a3918-a2f6-4443-a0b3-95eb2ae2b065,9bbe84a2,2,0,False,False,0.0,233,233,0,1.0,5,type_ii,False,False
gemma4-e4b,add_all,0,42a1daf5-2d75-4b43-8dd1-94b1410a6ba7,9d25d4e0,3,0,False,False,0.0,232,232,0,1.0,5,type_i,False,False
gemma4-e4b,add_all,0,c73fd6a4-da19-4445-9600-6d9cb3482745,9ea5eabc,2,0,False,False,0.0,256,213,0,0.83203125,6,type_ii,False,False
gemma4-e4b,add_all,0,f62da286-5615-4e1f-916b-b54c77fe6c61,9ee3ecd6,2,1,True,False,0.5,230,164,0,0.7130434782608696,4,type_i,False,False
gemma4-e4b,add_all,0,5773fe08-5206-417e-831d-ed372965a91a,a06e4cfe,1,1,True,True,1.0,203,118,0,0.5812807881773399,3,type_i,False,False
gemma4-e4b,add_all,0,ed0c68d8-18f6-41cb-92b4-51d5750f708d,a08a253f,2,0,False,False,0.0,246,246,0,1.0,5,type_i,False,False
gemma4-e4b,add_all,0,b7e508bd-f98e-4057-86cf-e4d85d4c255c,a11281a2,2,1,True,False,0.5,216,141,0,0.6527777777777778,4,type_i,False,False
gemma4-e4b,add_all,0,8bd0cb41-47f8-4599-8288-07fc2aad576a,a1cc6108,3,1,True,False,0.3333333333333333,256,204,0,0.796875,6,type_i,False,False
gemma4-e4b,add_all,0,ff46488b-e334-408d-9cc0-65bda18b9d58,a1eacc2a,2,0,False,False,0.0,234,234,0,1.0,5,type_ii,False,False
gemma4-e4b,add_all,0,e707509a-9a3a-455c-b301-197ac4694c08,a2f3aa27,2,0,False,False,0.0,222,222,0,1.0,5,type_ii,False,False
gemma4-e4b,add_all,0,f57633f1-caa5-4d71-b628-deefd07b7fbb,a3045048,2,0,False,False,0.0,237,237,0,1.0,5,type_i,False,False
gemma4-e4b,add_all,0,ad14861d-158e-42bc-bc49-afe2398ef6b9,a3332713,2,0,False,False,0.0,222,180,0,0.8108108108108109,5,type_i,False,False
gemma4-e4b,add_all,0,ce5e5a02-ca9a-4f19-a1e4-d31451e20c2a,a346bb18,2,1,True,False,0.5,214,144,0,0.6728971962616822,4,type_i,False,False
gemma4-e4b,add_all,0,b8d0623c-7a4c-4690-bf07-15aa118acca5,a3838d2b,5,1,True,False,0.2,243,192,0,0.7901234567901234,5,type_i,False,False
gemma4-e4b,add_all,0,9351151b-f280-4f23-8bdb-8fae5d6e7f06,a40e080f,3,1,True,False,0.3333333333333333,239,161,0,0.6736401673640168,4,type_i,False,False
gemma4-e4b,add_all,0,bd6e41b6-828d-4233-957d-76e0e1e0dd3a,a4996e51,2,1,True,False,0.5,231,162,0,0.7012987012987013,4,type_i,False,False
gemma4-e4b,add_all,0,52d5c053-2031-4d79-8fc7-789f534b96f8,a82c026e,1,0,False,False,0.0,239,239,0,1.0,5,type_i,False,False
gemma4-e4b,add_all,0,6e69fe24-f203-47e9-b5d4-e93c7183df99,a89d7624,2,0,False,False,0.0,239,239,0,1.0,5,type_i,False,False
gemma4-e4b,add_all,0,ebc8820f-67d7-4620-b8d6-0988b163abbd,a96c20ee,1,1,True,True,1.0,233,184,0,0.7896995708154506,5,type_i,False,False
gemma4-e4b,add_all,0,0b0db0c1-22ca-4cdb-a940-89e42481824d,a9f6b44c,2,2,True,True,1.0,237,128,0,0.540084388185654,5,type_i,False,False
gemma4-e4b,add_all,0,ba3e3b91-3976-4fe8-b795-2cc13540e701,aae3761f,3,0,False,False,0.0,197,197,0,1.0,4,type_i,False,False
gemma4-e4b,add_all,0,e5c4a372-9114-4ea5-ae8b-3a214eef502b,ac031881,1,0,False,False,0.0,243,243,0,1.0,5,type_i,False,False
gemma4-e4b,add_all,0,a87b026f-f191-4751-8d82-d651442a5803,ad7109d1,1,0,False,False,0.0,232,232,0,1.0,5,type_i,False,False
gemma4-e4b,add_all,0,5c8ed265-f220-4088-9945-3fe7c7fc5a42,af082822,1,1,True,True,1.0,245,188,0,0.7673469387755102,5,type_i,False,False
gemma4-e4b,add_all,0,1b109c68-3de8-44b7-a287-f9497e35dd5c,af8d2e46,1,0,False,False,0.0,225,225,0,1.0,4,type_i,False,False
gemma4-e4b,add_all,0,2e9f94b3-2b88-47da-a144-087718a36aee,afdc33df,2,0,False,False,0.0,222,222,0,1.0,5,type_i,False,False
gemma4-e4b,add_all,0,c6e0a947-5636-4f87-bc2b-0ce649de9556,affe2881,2,2,True,True,1.0,213,91,0,0.4272300469483568,4,type_ii,False,False
gemma4-e4b,add_all,0,92fd5600-fb2d-48cc-831a-3b04c977d9af,b01defab,1,0,False,False,0.0,251,251,0,1.0,5,type_ii,False,False
gemma4-e4b,add_all,0,32933e0c-b9c3-4c76-919f-3597a3a6c7fc,b0479f84,1,0,False,False,0.0,242,242,0,1.0,5,type_i,False,False
gemma4-e4b,add_all,0,33136f08-aaf6-4ebd-a3b6-575e57b0a700,b29f3365,2,0,False,False,0.0,251,251,0,1.0,5,type_i,False,False
gemma4-e4b,add_all,0,717fc679-98b8-41d9-98df-1659bb50d0ad,b320f3f8,1,0,False,False,0.0,246,246,0,1.0,5,type_i,False,False
gemma4-e4b,add_all,0,87290bd9-491a-4ca2-8047-70032f13ee2b,b3c15d39,2,1,True,False,0.5,239,193,0,0.8075313807531381,5,type_i,False,False
gemma4-e4b,add_all,0,91322d76-437e-4d8f-b04a-146f9c1b38d5,b46e15ed,2,0,False,False,0.0,228,228,0,1.0,5,type_i,False,False
gemma4-e4b,add_all,0,22817ee0-531a-427a-a4de-cc9fbba2b16d,b46e15ee,1,0,False,False,0.0,243,243,0,1.0,5,type_i,False,False
gemma4-e4b,add_all,0,5de4da6a-8af1-432a-b4c2-07b68f64ba71,b5ef892d,2,2,True,True,1.0,214,105,0,0.49065420560747663,4,type_i,False,False
gemma4-e4b,add_all,0,7976f390-4e7a-4c92-855d-a502f220e01b,b6019101,2,0,False,False,0.0,238,238,0,1.0,5,type_ii,False,False
gemma4-e4b,add_all,0,54aeccfb-31dd-4651-a419-cf9d6efc73d3,b6025781,2,0,False,False,0.0,210,210,0,1.0,5,type_i,False,False
gemma4-e4b,add_all,0,4d613148-4948-4bd8-89cc-7a4b2b4a3f27,b759caee,1,0,False,False,0.0,220,220,0,1.0,4,type_i,False,False
gemma4-e4b,add_all,0,ac2da541-d5e0-4f27-8c38-b0147b1832d5,b86304ba,1,1,True,True,1.0,218,163,0,0.7477064220183486,4,type_i,False,False
gemma4-e4b,add_all,0,f50a8e0a-c621-4330-be38-ed15ab06edca,b9cfe692,2,0,False,False,0.0,237,237,0,1.0,4,type_i,False,False
gemma4-e4b,add_all,0,22af899d-434d-45a3-825f-c2ede8cb926d,ba358f49,2,1,True,False,0.5,228,181,0,0.793859649122807,5,type_i,False,False
gemma4-e4b,add_all,0,b654ab50-5e94-4f3c-9fb0-3bc457fad0cf,ba61f0b9,2,0,False,False,0.0,225,185,0,0.8222222222222222,5,type_ii,False,False
gemma4-e4b,add_all,0,dbf5a8a7-b46e-4cb4-96f0-fabf669937cf,bb7c3b45,2,0,False,False,0.0,222,222,0,1.0,5,type_i,False,False
gemma4-e4b,add_all,0,4483eea3-8b58-463e-87ad-7542d115e947,bbf86515,2,0,False,False,0.0,239,239,0,1.0,4,type_i,False,False
gemma4-e4b,add_all,0,aff42cca-8b24-43be-805d-414eeadd1e48,bc149d6b,2,1,True,False,0.5,238,181,0,0.7605042016806722,5,type_i,False,False
gemma4-e4b,add_all,0,e6f2e6b9-0d6a-4953-9b68-451c9dc6e95a,bc8a6e93,1,0,False,False,0.0,252,252,0,1.0,5,type_i,False,False
gemma4-e4b,add_all,0,66a5895a-6195-4f52-b6ea-489d197c2dc9,bcbe585f,1,1,True,True,1.0,218,159,0,0.7293577981651376,4,type_i,False,False
gemma4-e4b,add_all,0,294e97af-7a24-4339-97c6-0432c230124e,bf659f65,3,0,False,False,0.0,222,222,0,1.0,5,type_i,False,False
gemma4-e4b,add_all,0,16fd3a30-a919-4810-84c4-41e2ed4940da,c14c00dd,1,1,True,True,1.0,232,174,0,0.75,5,type_i,False,False
gemma4-e4b,add_all,0,3e1cd724-82dd-44fe-8e10-33a54d78bc1e,c18a7dc8,2,0,False,False,0.0,220,220,0,1.0,5,type_i,False,False
gemma4-e4b,add_all,0,d2ff3703-39de-4b8a-b16e-dda0de2c9141,c19f7a0b,1,0,False,False,0.0,232,232,0,1.0,4,type_i,False,False
gemma4-e4b,add_all,0,52d2ec2d-b26f-4473-b843-bda77ff60032,c2ac3c61,2,0,False,False,0.0,219,219,0,1.0,5,type_i,False,False
gemma4-e4b,add_all,0,02fdd0c7-6fa7-448e-96b2-5644f0403a2c,c4a1ceb8,5,0,False,False,0.0,220,220,0,1.0,5,type_i,False,False
gemma4-e4b,add_all,0,807f0a83-3214-46cf-8790-694d232d4fe9,c4ea545c,2,1,True,False,0.5,229,173,0,0.7554585152838428,5,type_ii,False,False
gemma4-e4b,add_all,0,c165e44d-5464-47aa-9ea4-636b2f4ca13e,c4f10528,1,1,True,True,1.0,203,149,0,0.7339901477832512,4,type_i,False,False
gemma4-e4b,add_all,0,6f66a17a-0208-43b6-ab98-73c79c59402f,c5e8278d,3,1,True,False,0.3333333333333333,223,177,0,0.7937219730941704,5,type_i,False,False
gemma4-e4b,add_all,0,254ceec9-082a-4924-9687-19c60b4faea4,c6853660,2,0,False,False,0.0,225,225,0,1.0,5,type_ii,False,False
gemma4-e4b,add_all,0,8b81f810-5dcf-4b0b-adea-f3edb5ce8df1,c7cf7dfd,3,2,True,False,0.6666666666666666,214,94,0,0.4392523364485981,4,type_i,False,False
gemma4-e4b,add_all,0,9126dc6c-97e0-4d51-9f1e-895580f50870,c7dc5443,2,0,False,False,0.0,235,235,0,1.0,5,type_ii,False,False
gemma4-e4b,add_all,0,c88b2c5a-4c27-4a8b-998f-5190a6357f3d,c8090214,2,2,True,True,1.0,230,117,0,0.508695652173913,4,type_i,False,False
gemma4-e4b,add_all,0,fda81770-3e44-4177-a881-c9e44e72ca85,c8c3f81d,1,0,False,False,0.0,216,171,0,0.7916666666666666,5,type_i,False,False
gemma4-e4b,add_all,0,948b89ff-3e12-4626-9d13-0f6dff9caf9a,c8f1aeed,1,0,False,False,0.0,218,218,0,1.0,4,type_i,False,False
gemma4-e4b,add_all,0,949de7a7-bc08-4a41-b8e3-aef7250f346b,c960da58,1,0,False,False,0.0,251,251,0,1.0,6,type_i,False,False
gemma4-e4b,add_all,0,0f6e7570-a29b-4824-a72d-49334c118f5c,c9f37c46,2,2,True,True,1.0,256,102,0,0.3984375,5,type_i,False,False
gemma4-e4b,add_all,0,e4fc9a76-bd9f-49d4-a14f-dab4b4513846,caf03d32,1,0,False,False,0.0,225,225,0,1.0,5,type_i,False,False
gemma4-e4b,add_all,0,7ca8c37c-cf2b-4fc2-8682-d17e2b2b4c33,caf9ead2,1,0,False,False,0.0,238,238,0,1.0,5,type_i,False,False
gemma4-e4b,add_all,0,a9569d7f-d18e-4225-bfe2-6ce4a67ec462,cc06de0d,2,0,False,False,0.0,209,209,0,1.0,4,type_i,False,False
gemma4-e4b,add_all,0,3fab56e4-1ec9-4c7b-9fd0-6e542ca9513e,cc539528,1,1,True,True,1.0,216,145,0,0.6712962962962963,4,type_i,False,False
gemma4-e4b,add_all,0,08d4b861-7dad-4412-a3e6-0e80dbc663fd,cc5ded98,2,0,False,False,0.0,222,177,0,0.7972972972972973,5,type_ii,False,False
gemma4-e4b,add_all,0,72972498-93eb-4dd3-98e1-ae1f66a2cc72,cc6d1ec1,2,1,True,False,0.5,211,157,0,0.7440758293838863,4,type_i,False,False
gemma4-e4b,add_all,0,5de92efe-8307-4b2e-b8fa-284230e39e7d,ccb36322,1,0,False,False,0.0,217,217,0,1.0,5,type_i,False,False
gemma4-e4b,add_all,0,9d87fd3c-67d5-411e-91b6-0dc8d5f6f7dc,ce6d2d27,2,0,False,False,0.0,216,216,0,1.0,5,type_ii,False,False
gemma4-e4b,add_all,0,f4fe2cc3-2b14-4603-b974-3cd5e3cb16b9,ceb54acb,1,1,True,True,1.0,235,154,0,0.6553191489361702,4,type_i,False,False
gemma4-e4b,add_all,0,c245b99b-5b5d-490a-9c86-837f1e6cf56b,cf22b7bf,2,0,False,False,0.0,243,196,0,0.8065843621399177,5,type_ii,False,False
gemma4-e4b,add_all,0,7410a5e3-9b8f-43fa-9c2b-6c7c567d185b,d01c6aa8,1,0,False,False,0.0,251,251,0,1.0,5,type_i,False,False
gemma4-e4b,add_all,0,69e214d9-3468-441c-abe4-d81cc75a299a,d23cf73b,4,0,False,False,0.0,229,229,0,1.0,5,type_i,False,False
gemma4-e4b,add_all,0,0a2d5fad-7585-4435-a058-8f0335f7f8b9,d24813b1,1,0,False,False,0.0,244,244,0,1.0,5,type_i,False,False
gemma4-e4b,add_all,0,8c2edb48-38ba-4446-a545-18fab6276043,d3ab962e,2,0,False,False,0.0,227,227,0,1.0,5,type_i,False,False
gemma4-e4b,add_all,0,91a0d371-099a-4be8-83e5-4407c82fd17d,d52b4f67,1,1,True,True,1.0,239,182,0,0.7615062761506276,5,type_i,False,False
gemma4-e4b,add_all,0,f9ba1fc7-89e9-4812-82ed-2206a437c84b,d596882b,1,0,False,False,0.0,234,234,0,1.0,5,type_i,False,False
gemma4-e4b,add_all,0,f5cd460d-942b-496b-9db6-210e688abd07,d6062bb9,2,1,True,False,0.5,249,183,0,0.7349397590361446,5,type_i,False,False
gemma4-e4b,add_all,0,3f7e32d5-521f-44e1-a11a-befeb1987fc9,d6233ab6,2,1,True,False,0.5,211,136,0,0.6445497630331753,4,type_i,False,False
gemma4-e4b,add_all,0,d39f8db8-41ae-45a5-8020-50c3608fd5dd,d682f1a2,3,0,False,False,0.0,233,233,0,1.0,5,type_i,False,False
gemma4-e4b,add_all,0,478d7e02-f55d-4a51-aea5-5a2c265ba4b9,d7c942c3,2,0,False,False,0.0,241,241,0,1.0,5,type_ii,False,False
gemma4-e4b,add_all,0,c85db927-12fb-4f86-b405-165d78d06a96,d851d5ba,4,0,False,False,0.0,223,223,0,1.0,5,type_i,False,False
gemma4-e4b,add_all,0,0aee4190-897c-43f2-b09d-ab6a425e3864,d905b33f,2,0,False,False,0.0,209,209,0,1.0,4,type_i,False,False
gemma4-e4b,add_all,0,73d383f4-a41a-415f-9169-11005c5d8655,dad224aa,2,0,False,False,0.0,234,188,0,0.8034188034188035,5,type_ii,False,False
gemma4-e4b,add_all,0,4e5bae01-fe39-4654-bb00-35229f79ea9b,db467c8c,1,0,False,False,0.0,244,193,0,0.7909836065573771,5,type_ii,False,False
gemma4-e4b,add_all,0,d1a321b6-12a4-41eb-8505-eccf83c23496,dc439ea3,1,0,False,False,0.0,255,255,0,1.0,5,type_i,False,False
gemma4-e4b,add_all,0,a814d28c-bb8c-471d-bd24-771c03fc30d6,dccbc061,1,0,False,False,0.0,251,251,0,1.0,6,type_i,False,False
gemma4-e4b,add_all,0,db48a42d-6d0f-46bd-8363-ab96a53bea2b,dcfa8644,2,1,True,False,0.5,222,111,0,0.5,4,type_i,False,False
gemma4-e4b,add_all,0,93bf646e-aab1-4f94-bcfa-64e9f15c1d34,dd2973ad,2,0,False,False,0.0,241,241,0,1.0,4,type_i,False,False
gemma4-e4b,add_all,0,8f41a6e5-a6b4-4916-b161-35cafec86552,dfde3500,2,1,True,False,0.5,217,175,0,0.8064516129032258,5,type_ii,False,False
gemma4-e4b,add_all,0,f220e37e-b5b2-448c-8f5d-76518818de54,e01b8e2f,1,0,False,False,0.0,235,235,0,1.0,5,type_i,False,False
gemma4-e4b,add_all,0,f319e55b-4fba-4358-b071-112b2de6103f,e25c3b8d,2,1,True,False,0.5,212,150,0,0.7075471698113207,4,type_i,False,False
gemma4-e4b,add_all,0,e0b5c83d-e41e-4367-91a7-64d4f75fb563,e3038f8c,4,0,False,False,0.0,218,218,0,1.0,5,type_i,False,False
gemma4-e4b,add_all,0,79139aba-ac2d-4f3e-8147-bfc131522efc,e3fc4d6e,1,0,False,False,0.0,255,255,0,1.0,4,type_i,False,False
gemma4-e4b,add_all,0,c4534d39-4f0d-46d2-8ad6-1be855db951f,e47becba,1,0,False,False,0.0,231,231,0,1.0,5,type_i,False,False
gemma4-e4b,add_all,0,46fd31e3-3b27-425f-9f43-af8b0a15f984,e48988bc,1,0,False,False,0.0,237,237,0,1.0,5,type_i,False,False
gemma4-e4b,add_all,0,bb35c66f-50b2-4b9d-8746-4786b3586daa,e493bb7c,2,1,True,False,0.5,229,158,0,0.6899563318777293,4,type_ii,False,False
gemma4-e4b,add_all,0,3ee62095-bd3e-41cd-9a71-8fad666ad75b,e4e14d04,2,1,True,False,0.5,253,196,0,0.7747035573122529,5,type_i,False,False
gemma4-e4b,add_all,0,772a2b6b-51e8-4f6c-8f7a-970225aee365,e56a43b9,2,0,False,False,0.0,237,237,0,1.0,5,type_i,False,False
gemma4-e4b,add_all,0,2ccd6bd4-662a-4e55-988b-c2c0559ea05e,e6041065,2,2,True,True,1.0,235,145,0,0.6170212765957447,5,type_i,False,False
gemma4-e4b,add_all,0,5dd36fe6-f71d-4ce3-8033-5c69fe05d547,e61a7584,2,2,True,True,1.0,241,46,0,0.1908713692946058,5,type_ii,False,False
gemma4-e4b,add_all,0,161bf949-5e43-451c-9f6f-3bf73e9aade2,e66b632c,2,0,False,False,0.0,214,214,0,1.0,4,type_ii,False,False
gemma4-e4b,add_all,0,82bbc03e-03b6-41c8-b8a3-1148353dc941,e831120c,2,0,False,False,0.0,238,238,0,1.0,4,type_i,False,False
gemma4-e4b,add_all,0,7190a2a2-be95-4cb1-a89e-efb0c016505f,e8a79c70,1,1,True,True,1.0,205,152,0,0.7414634146341463,4,type_i,False,False
gemma4-e4b,add_all,0,3c720120-a92e-4505-8e1d-a13cde8ae312,e9327a54,1,0,False,False,0.0,237,237,0,1.0,5,type_i,False,False
gemma4-e4b,add_all,0,99404a46-1092-4e9a-8412-926d84fff0f7,e982271f,1,0,False,False,0.0,228,228,0,1.0,5,type_i,False,False
gemma4-e4b,add_all,0,29c4358b-3b48-461f-9349-c93efaad5199,eac54adc,2,0,False,False,0.0,219,219,0,1.0,4,type_i,False,False
gemma4-e4b,add_all,0,54e2721e-8ebf-47da-b95b-2e4d4a460918,eac54add,1,0,False,False,0.0,243,243,0,1.0,6,type_i,False,False
gemma4-e4b,add_all,0,72523aba-f67b-4332-ad41-d1ee9a5bc08c,eaca4986,1,0,False,False,0.0,210,210,0,1.0,4,type_i,False,False
gemma4-e4b,add_all,0,a7cb508f-3c3d-45a3-b4a5-f5dd7dcc1522,eace081b,2,2,True,True,1.0,223,139,0,0.6233183856502242,5,type_ii,False,False
gemma4-e4b,add_all,0,7c17baac-2e8d-4459-b51f-6157df934973,ec81a493,1,1,True,True,1.0,244,176,0,0.7213114754098361,5,type_i,False,False
gemma4-e4b,add_all,0,b8fde49e-fde3-4469-ae78-cb9e99ad2c37,ed4ddc30,2,0,False,False,0.0,228,228,0,1.0,5,type_ii,False,False
gemma4-e4b,add_all,0,4702dd6c-a04a-4a73-9b30-041692346e90,edced276,2,0,False,False,0.0,206,206,0,1.0,4,type_i,False,False
gemma4-e4b,add_all,0,dd64dd94-db5d-4e21-9957-9e8756e16aa3,eeda8a6d,4,0,False,False,0.0,218,218,0,1.0,5,type_i,False,False
gemma4-e4b,add_all,0,0da9fa3a-6390-4c56-b4f5-b8a26a41160f,ef66a6e5,2,0,False,False,0.0,223,223,0,1.0,5,type_i,False,False
gemma4-e4b,add_all,0,be94e22d-4350-48fa-b0a2-d6b042a6ea35,ef9cf60a,2,1,True,False,0.5,229,178,0,0.777292576419214,5,type_i,False,False
gemma4-e4b,add_all,0,265f39ab-679b-47e7-a01b-5214a97381b6,efc3f7c2,2,1,True,False,0.5,238,184,0,0.773109243697479,5,type_i,False,False
gemma4-e4b,add_all,0,6e509547-3c9d-43d4-8b49-0331f5aab3dd,f0853d11,2,0,False,False,0.0,211,211,0,1.0,4,type_i,False,False
gemma4-e4b,add_all,0,c9bec3a9-415a-470c-be72-2389233b7381,f0e564bc,2,0,False,False,0.0,203,203,0,1.0,4,type_i,False,False
gemma4-e4b,add_all,0,c6162343-a0d0-42b3-8772-de97a698043a,f35224e0,2,2,True,True,1.0,233,100,0,0.4291845493562232,4,type_i,False,False
gemma4-e4b,add_all,0,2af971c0-2c83-4ed8-b728-4152edc1579a,f4f1d8a4,1,0,False,False,0.0,231,231,0,1.0,5,type_i,False,False
gemma4-e4b,add_all,0,0334d63b-61c2-43a3-8d8f-cd9b4242bb0b,f523d9fe,1,0,False,False,0.0,241,241,0,1.0,5,type_i,False,False
gemma4-e4b,add_all,0,f6016ed9-5882-425f-aa1f-54e02d014747,f685340e,2,0,False,False,0.0,234,234,0,1.0,5,type_ii,False,False
gemma4-e4b,add_all,0,6683de57-b9eb-4da0-a48a-7f5bc9955146,f8c5f88b,1,1,True,True,1.0,230,185,0,0.8043478260869565,5,type_i,False,False
gemma4-e4b,add_all,0,16f08e03-9431-4bc0-a041-3e531fbfb1b9,f9e8c073,2,0,False,False,0.0,225,225,0,1.0,5,type_ii,False,False
gemma4-e4b,add_all,0,627aff73-92b3-47ce-9602-c4bd44b8ef63,faba32e5,1,1,True,True,1.0,252,197,0,0.7817460317460317,5,type_i,False,False
gemma4-e4b,add_all,0,a97d8afc-18f3-4d9a-ae1f-41b14a7bb473,fca70973,6,0,False,False,0.0,246,246,0,1.0,5,type_i,False,False
gemma4-e4b,add_all,0,f738471a-c7db-4faf-bf9e-789ff90e5e38,fca762bc,1,0,False,False,0.0,207,207,0,1.0,4,type_i,False,False
gemma4-e4b,add_all,0,fd895745-8f47-4ad5-8a57-cbb8508e7733,fea54f57,1,1,True,True,1.0,211,144,0,0.6824644549763034,4,type_i,False,False
gemma4-e4b,add_all,0,f345458a-441f-4f80-a096-900adc8da247,gpt4_0a05b494,2,0,False,False,0.0,216,216,0,1.0,5,type_i,False,False
gemma4-e4b,add_all,0,671968ae-83ee-4c2a-8e1f-d0197433ea89,gpt4_0b2f1d21,2,1,True,False,0.5,236,185,0,0.7838983050847458,5,type_i,False,False
gemma4-e4b,add_all,0,9681edea-08dc-47e4-843e-fee7fe58eebf,gpt4_15e38248,4,0,False,False,0.0,218,218,0,1.0,5,type_i,False,False
gemma4-e4b,add_all,0,1942a40b-0ebe-475a-8153-d2fa377ae405,gpt4_18c2b244,3,2,True,False,0.6666666666666666,222,97,0,0.4369369369369369,4,type_i,False,False
gemma4-e4b,add_all,0,92adc4d5-c101-4f9a-9b57-635ba5d95522,gpt4_1916e0ea,2,2,True,True,1.0,243,135,0,0.5555555555555556,5,type_i,False,False
gemma4-e4b,add_all,0,d05ab6b8-f2f1-4a29-9438-f2414d41c0f4,gpt4_194be4b3,5,0,False,False,0.0,240,240,0,1.0,5,type_i,False,False
gemma4-e4b,add_all,0,f0d419df-6fbc-4324-8499-1319da8a9968,gpt4_1a1dc16d,2,0,False,False,0.0,213,213,0,1.0,5,type_i,False,False
gemma4-e4b,add_all,0,15c1b078-b3f1-45be-b12e-f5c82880113c,gpt4_1d4ab0c9,2,1,True,False,0.5,247,188,0,0.7611336032388664,5,type_i,False,False
gemma4-e4b,add_all,0,1431c56b-36ab-4236-ab21-a11e79b95a36,gpt4_1d80365e,2,2,True,True,1.0,217,104,0,0.4792626728110599,4,type_i,False,False
gemma4-e4b,add_all,0,6411f173-4a71-4e97-ac40-480966f36228,gpt4_1e4a8aeb,2,0,False,False,0.0,241,241,0,1.0,5,type_i,False,False
gemma4-e4b,add_all,0,d2f4cbfa-5759-4491-be0c-fe0360478759,gpt4_1e4a8aec,1,0,False,False,0.0,252,252,0,1.0,6,type_i,False,False
gemma4-e4b,add_all,0,29be8a18-f531-4d8b-ac91-2f1c41853eb1,gpt4_213fd887,2,1,True,False,0.5,252,94,0,0.373015873015873,5,type_i,False,False
gemma4-e4b,add_all,0,d6dbc940-d7da-4601-b7e8-bbfa34f37f29,gpt4_21adecb5,2,0,False,False,0.0,242,242,0,1.0,5,type_i,False,False
gemma4-e4b,add_all,0,35b9e2e4-54b7-4a6f-afcd-272a05de6df3,gpt4_2312f94c,2,0,False,False,0.0,232,232,0,1.0,4,type_i,False,False
gemma4-e4b,add_all,0,80f299b3-c681-45c1-afea-d492fccea145,gpt4_2487a7cb,2,0,False,False,0.0,248,248,0,1.0,5,type_i,False,False
gemma4-e4b,add_all,0,d20b962d-3fbf-4c99-b746-e23d5408c301,gpt4_2655b836,2,0,False,False,0.0,255,255,0,1.0,5,type_i,False,False
gemma4-e4b,add_all,0,d44b2bd1-8268-4e71-844d-c4df28af610a,gpt4_2ba83207,4,0,False,False,0.0,236,236,0,1.0,5,type_i,False,False
gemma4-e4b,add_all,0,7db9e971-1049-466f-8880-ee2acaf553a9,gpt4_2c50253f,3,1,True,False,0.3333333333333333,225,60,0,0.26666666666666666,4,type_i,False,False
gemma4-e4b,add_all,0,a5ae8c26-f3c4-45ee-afa5-b562d5bcf747,gpt4_2d58bcd6,2,2,True,True,1.0,240,0,0,0.0,4,type_i,False,False
gemma4-e4b,add_all,0,4cfe4f2f-efad-47c5-b18d-36d40752c1e5,gpt4_2f56ae70,3,0,False,False,0.0,213,213,0,1.0,5,type_i,False,False
gemma4-e4b,add_all,0,bd5352c4-b9d0-4f4f-8011-438997fdb307,gpt4_2f584639,2,1,True,False,0.5,230,177,0,0.7695652173913043,5,type_i,False,False
gemma4-e4b,add_all,0,e4d71ad5-bc18-4f31-aee7-9bc7beeea271,gpt4_2f8be40d,4,0,False,False,0.0,230,230,0,1.0,5,type_i,False,False
gemma4-e4b,add_all,0,6ffb6130-e8f4-490c-a160-b1fabe2a2d60,gpt4_2f91af09,3,1,True,False,0.3333333333333333,227,173,0,0.762114537444934,5,type_i,False,False
gemma4-e4b,add_all,0,bf58d462-86e0-42ea-a90b-e57b42a426b7,gpt4_31ff4165,4,0,False,False,0.0,248,248,0,1.0,5,type_i,False,False
gemma4-e4b,add_all,0,fdefe68b-f4fe-4550-b8d9-b2e5beb4b721,gpt4_372c3eed,4,0,False,False,0.0,253,253,0,1.0,5,type_i,False,False
gemma4-e4b,add_all,0,d718c141-0a3a-41d3-a9a4-1a18580d79bc,gpt4_385a5000,2,2,True,True,1.0,249,83,0,0.3333333333333333,5,type_i,False,False
gemma4-e4b,add_all,0,18955506-b5bc-46a6-a286-0d6afdec1d48,gpt4_45189cb4,3,0,False,False,0.0,234,234,0,1.0,5,type_i,False,False
gemma4-e4b,add_all,0,2e6485ca-8ada-4ce4-9179-6a528c881335,gpt4_468eb063,1,0,False,False,0.0,231,231,0,1.0,5,type_i,False,False
gemma4-e4b,add_all,0,92309a11-f6a0-4946-bd6f-58d31d535ef7,gpt4_468eb064,1,0,False,False,0.0,225,225,0,1.0,5,type_i,False,False
gemma4-e4b,add_all,0,b6ca5d5f-3d84-461e-815f-5c7d46cf9a0b,gpt4_483dd43c,2,0,False,False,0.0,244,244,0,1.0,4,type_i,False,False
gemma4-e4b,add_all,0,be180796-a336-48c2-b948-ec7b11802f20,gpt4_4929293a,2,1,True,False,0.5,228,132,0,0.5789473684210527,5,type_i,False,False
gemma4-e4b,add_all,0,4b6f04f1-0e08-4be4-a296-7d32674c29cb,gpt4_4929293b,1,0,False,False,0.0,240,240,0,1.0,5,type_i,False,False
gemma4-e4b,add_all,0,d019703f-7622-461a-9689-0f6bd60656e5,gpt4_4cd9eba1,2,0,False,False,0.0,238,238,0,1.0,5,type_i,False,False
gemma4-e4b,add_all,0,74d9c80f-c463-4156-8e47-779956a034f3,gpt4_4edbafa2,1,0,False,False,0.0,216,216,0,1.0,4,type_i,False,False
gemma4-e4b,add_all,0,d12e0b5f-e17b-4e0f-9d2f-1030776ada8a,gpt4_4ef30696,2,2,True,True,1.0,226,52,0,0.23008849557522124,4,type_i,False,False
gemma4-e4b,add_all,0,47c5114c-cbe0-4d63-b505-a480f5a6f27d,gpt4_4fc4f797,2,2,True,True,1.0,254,143,0,0.562992125984252,5,type_i,False,False
gemma4-e4b,add_all,0,a66c7c42-5a90-4280-b1f8-fe976aec17c0,gpt4_5438fa52,1,0,False,False,0.0,218,218,0,1.0,5,type_i,False,False
gemma4-e4b,add_all,0,450a40cf-bf17-4ea2-8b06-17262f9a3862,gpt4_5501fe77,2,0,False,False,0.0,222,222,0,1.0,5,type_i,False,False
gemma4-e4b,add_all,0,6ae9b133-718b-452c-ae70-576636ed315e,gpt4_59149c77,2,2,True,True,1.0,217,48,0,0.22119815668202766,4,type_i,False,False
gemma4-e4b,add_all,0,a23df3fc-7a2f-4f54-8f93-ada56da6b487,gpt4_59149c78,1,0,False,False,0.0,236,236,0,1.0,5,type_i,False,False
gemma4-e4b,add_all,0,a218a3cc-821b-4d36-ab93-e49b5ed67441,gpt4_59c863d7,5,0,False,False,0.0,223,223,0,1.0,5,type_i,False,False
gemma4-e4b,add_all,0,28099f05-02fe-43f6-9510-d3dbbdc6c6de,gpt4_5dcc0aab,1,0,False,False,0.0,236,236,0,1.0,5,type_i,False,False
gemma4-e4b,add_all,0,64262868-80cd-417c-b8da-934e7616cacf,gpt4_61e13b3c,2,2,True,True,1.0,207,97,0,0.46859903381642515,4,type_i,False,False
gemma4-e4b,add_all,0,18e948b2-0b93-4286-b297-084cdd0ff934,gpt4_65aabe59,2,0,False,False,0.0,243,243,0,1.0,5,type_i,False,False
gemma4-e4b,add_all,0,f7c00e48-98db-4000-b9ae-7ca269051fef,gpt4_68e94287,2,1,True,False,0.5,256,157,0,0.61328125,5,type_i,False,False
gemma4-e4b,add_all,0,3ef45995-a7ce-469a-964c-1027246fd891,gpt4_68e94288,1,0,False,False,0.0,225,225,0,1.0,5,type_i,False,False
gemma4-e4b,add_all,0,9f2f233f-181a-4abc-9b9a-a0a9a0a7dd05,gpt4_6dc9b45b,1,0,False,False,0.0,244,244,0,1.0,5,type_i,False,False
gemma4-e4b,add_all,0,de7d617c-b3ac-4fe5-abcf-c83e4587839b,gpt4_6ed717ea,2,0,False,False,0.0,229,179,0,0.7816593886462883,5,type_i,False,False
gemma4-e4b,add_all,0,ab582be8-9b99-4899-8323-f5286c15d3ad,gpt4_70e84552,2,0,False,False,0.0,224,224,0,1.0,5,type_i,False,False
gemma4-e4b,add_all,0,8308fc31-2957-4e6f-abf0-9620396e1536,gpt4_731e37d7,4,3,True,False,0.75,215,46,0,0.21395348837209302,4,type_i,False,False
gemma4-e4b,add_all,0,59e3c8be-b7a9-4543-944f-364e1ae23232,gpt4_74aed68e,2,1,True,False,0.5,255,197,0,0.7725490196078432,5,type_i,False,False
gemma4-e4b,add_all,0,5e759e59-165f-4e61-aec9-9d00d9216f0d,gpt4_76048e76,2,0,False,False,0.0,227,227,0,1.0,4,type_i,False,False
gemma4-e4b,add_all,0,945511bc-1ee5-4cbe-9dcc-017b297f7769,gpt4_78cf46a3,2,1,True,False,0.5,209,154,0,0.7368421052631579,4,type_i,False,False
gemma4-e4b,add_all,0,7a556eb8-3123-4499-83cf-6b01361998be,gpt4_7a0daae1,2,1,True,False,0.5,245,152,0,0.6204081632653061,5,type_i,False,False
gemma4-e4b,add_all,0,879a8e77-7d9c-479f-919a-991de1c6e969,gpt4_7abb270c,6,0,False,False,0.0,245,245,0,1.0,5,type_i,False,False
gemma4-e4b,add_all,0,49b5fc2b-5e86-4e6f-beb9-996c38cdbc5c,gpt4_7bc6cf22,1,0,False,False,0.0,214,214,0,1.0,4,type_i,False,False
gemma4-e4b,add_all,0,69431dd6-48da-42ba-a002-d4dbf21d8484,gpt4_7ca326fa,3,0,False,False,0.0,248,248,0,1.0,5,type_i,False,False
gemma4-e4b,add_all,0,d37ae8b0-ea39-4b70-8a44-517158082038,gpt4_7ddcf75f,1,1,True,True,1.0,210,151,0,0.719047619047619,4,type_i,False,False
gemma4-e4b,add_all,0,0555e50f-c265-476f-958e-f14a46173589,gpt4_7de946e7,2,0,False,False,0.0,220,220,0,1.0,5,type_i,False,False
gemma4-e4b,add_all,0,e89c2af4-7ebe-497b-9bf9-6c1928115351,gpt4_7f6b06db,3,0,False,False,0.0,198,198,0,1.0,4,type_i,False,False
gemma4-e4b,add_all,0,493d365d-1853-4851-aa33-09a38a075f79,gpt4_7fce9456,5,1,True,False,0.2,250,193,0,0.772,5,type_i,False,False
gemma4-e4b,add_all,0,d459abfd-ba5b-499f-a5c4-4220d95f3c07,gpt4_8279ba02,1,1,True,True,1.0,238,186,0,0.7815126050420168,5,type_i,False,False
gemma4-e4b,add_all,0,49214c34-e875-412e-8a12-d3069ecfc7db,gpt4_8279ba03,1,0,False,False,0.0,233,233,0,1.0,5,type_i,False,False
gemma4-e4b,add_all,0,02a465fc-57fb-4ef8-b4aa-497bf072ec55,gpt4_85da3956,1,1,True,True,1.0,210,149,0,0.7095238095238096,4,type_i,False,False
gemma4-e4b,add_all,0,b74902bc-9663-4528-ba6a-bac62eb9b75b,gpt4_88806d6e,2,2,True,True,1.0,219,126,0,0.5753424657534246,5,type_i,False,False
gemma4-e4b,add_all,0,0e18ec00-8f80-4140-87d0-af428a7d5beb,gpt4_8c8961ae,2,1,True,False,0.5,225,133,0,0.5911111111111111,5,type_i,False,False
gemma4-e4b,add_all,0,38d3edb1-87d4-44af-a811-f59059d5303e,gpt4_8e165409,2,1,True,False,0.5,219,160,0,0.730593607305936,4,type_i,False,False
gemma4-e4b,add_all,0,19872608-89e3-4f31-a84d-9b710487ae81,gpt4_93159ced,2,1,True,False,0.5,211,0,0,0.0,4,type_i,False,False
gemma4-e4b,add_all,0,bdc38a83-49dd-4fe8-8563-88a325c6b203,gpt4_93f6379c,2,0,False,False,0.0,210,210,0,1.0,4,type_i,False,False
gemma4-e4b,add_all,0,2cfd9a75-9cc1-48fb-9d3d-45d9eaf080f8,gpt4_98f46fc6,2,0,False,False,0.0,241,241,0,1.0,5,type_i,False,False
gemma4-e4b,add_all,0,0f48f6e6-ff9d-4404-995e-c13308d874dc,gpt4_9a159967,3,3,True,True,1.0,231,46,0,0.19913419913419914,5,type_i,False,False
gemma4-e4b,add_all,0,9f883ed1-8150-4dbd-aa2c-2524ad47f9cb,gpt4_a1b77f9c,6,3,True,False,0.5,224,45,0,0.20089285714285715,4,type_i,False,False
gemma4-e4b,add_all,0,25646ce1-3c94-4976-babf-669f3d42f0b5,gpt4_a2d1d1f6,1,1,True,True,1.0,204,143,0,0.7009803921568627,4,type_i,False,False
gemma4-e4b,add_all,0,4a27314b-2495-44a2-ad9c-0cb3a20c375a,gpt4_a56e767c,4,0,False,False,0.0,217,217,0,1.0,5,type_i,False,False
gemma4-e4b,add_all,0,6cd4893d-7563-411b-a202-8a67c7c72cf3,gpt4_ab202e7f,5,0,False,False,0.0,225,225,0,1.0,5,type_i,False,False
gemma4-e4b,add_all,0,8e344e52-119e-4afd-a682-3359427246d5,gpt4_af6db32f,1,0,False,False,0.0,216,216,0,1.0,5,type_i,False,False
gemma4-e4b,add_all,0,06599998-5a05-449a-8727-6ce255dcc1e1,gpt4_b0863698,1,1,True,True,1.0,251,196,0,0.7808764940239044,5,type_i,False,False
gemma4-e4b,add_all,0,8f009168-6d34-445a-abcf-bbcd766ed206,gpt4_b4a80587,2,0,False,False,0.0,245,245,0,1.0,5,type_i,False,False
gemma4-e4b,add_all,0,d3e452b1-6ee9-4e80-882a-cd5adb8d99b5,gpt4_b5700ca0,1,0,False,False,0.0,221,221,0,1.0,5,type_i,False,False
gemma4-e4b,add_all,0,8e66be09-7cdf-4767-96af-eab782d78201,gpt4_b5700ca9,1,1,True,True,1.0,254,197,0,0.7755905511811023,5,type_i,False,False
gemma4-e4b,add_all,0,4d6d5bff-81df-477d-9eb9-e89ff9f8ad0c,gpt4_c27434e8,2,0,False,False,0.0,242,242,0,1.0,5,type_i,False,False
gemma4-e4b,add_all,0,7fc4c7e2-c355-491d-b42d-9eeb867b1a95,gpt4_cd90e484,2,1,True,False,0.5,256,200,0,0.78125,5,type_i,False,False
gemma4-e4b,add_all,0,38b311c8-4914-413d-93f3-6a7161e60713,gpt4_d12ceb0e,6,0,False,False,0.0,235,235,0,1.0,5,type_i,False,False
gemma4-e4b,add_all,0,9b2855b7-305e-41f8-998a-0ccae6161351,gpt4_d31cdae3,2,1,True,False,0.5,208,148,0,0.7115384615384616,4,type_i,False,False
gemma4-e4b,add_all,0,e28a12b3-8cd2-4b85-9de0-1415e25a01c4,gpt4_d6585ce8,5,0,False,False,0.0,246,246,0,1.0,5,type_i,False,False
gemma4-e4b,add_all,0,98aab43a-dbf2-4387-9d3b-f473a1996a7b,gpt4_d6585ce9,1,0,False,False,0.0,233,233,0,1.0,5,type_i,False,False
gemma4-e4b,add_all,0,3175f8da-10f4-475d-99eb-d5620563d5a1,gpt4_d84a3211,3,0,False,False,0.0,215,215,0,1.0,5,type_i,False,False
gemma4-e4b,add_all,0,5fec65ca-4ad8-42e7-a4c9-21c9bf932cc2,gpt4_d9af6064,1,0,False,False,0.0,242,242,0,1.0,5,type_i,False,False
gemma4-e4b,add_all,0,e4e97916-1ef7-43f5-b935-8d76ab4941ff,gpt4_e05b82a6,6,0,False,False,0.0,205,205,0,1.0,4,type_i,False,False
gemma4-e4b,add_all,0,ea02d61c-b163-45b4-bbf9-36732245d08e,gpt4_e061b84f,3,0,False,False,0.0,241,241,0,1.0,5,type_i,False,False
gemma4-e4b,add_all,0,fd49de12-db55-475f-8263-880b50e4f56c,gpt4_e061b84g,1,0,False,False,0.0,246,246,0,1.0,5,type_i,False,False
gemma4-e4b,add_all,0,325a6da7-bdba-42e1-a6bf-393f27349639,gpt4_e072b769,1,0,False,False,0.0,236,236,0,1.0,5,type_i,False,False
gemma4-e4b,add_all,0,3619e3fc-44c5-4af7-a2e5-4236872b6cb4,gpt4_e414231e,2,1,True,False,0.5,254,199,0,0.7834645669291339,5,type_i,False,False
gemma4-e4b,add_all,0,703c1800-4332-4007-8980-fa1ccf083bdc,gpt4_e414231f,1,0,False,False,0.0,251,251,0,1.0,6,type_i,False,False
gemma4-e4b,add_all,0,691f9e73-4d91-4b04-a81f-c2bc091190b7,gpt4_ec93e27f,2,0,False,False,0.0,234,234,0,1.0,5,type_i,False,False
gemma4-e4b,add_all,0,c9fcccfa-eefa-4b70-9ed0-2dece2cc1694,gpt4_f2262a51,3,0,False,False,0.0,241,241,0,1.0,5,type_i,False,False
gemma4-e4b,add_all,0,b4b230e8-28bb-4e29-8c8a-6ad1f0ed43d9,gpt4_f420262c,4,0,False,False,0.0,227,227,0,1.0,5,type_i,False,False
gemma4-e4b,add_all,0,f8686867-8497-4ad4-9b46-27f62ca1410c,gpt4_f420262d,1,1,True,True,1.0,227,176,0,0.775330396475771,5,type_i,False,False
gemma4-e4b,add_all,0,28531c7c-40da-4b14-86ba-0956d75d6666,gpt4_f49edff3,3,3,True,True,1.0,212,45,0,0.21226415094339623,4,type_i,False,False
gemma4-e4b,add_all,0,7ced08f4-07e8-45b4-8478-3fd9385475d1,gpt4_fa19884c,2,1,True,False,0.5,211,153,0,0.7251184834123223,4,type_i,False,False
gemma4-e4b,add_all,0,ce977133-22af-4c32-8963-936d95141b45,gpt4_fa19884d,1,0,False,False,0.0,241,241,0,1.0,5,type_i,False,False
gemma4-e4b,add_all,0,c04a5450-7486-49bc-a6b4-9392e8fc2623,gpt4_fe651585,2,0,False,False,0.0,228,228,0,1.0,5,type_i,False,False
gemma4-e4b,relation_decision,0,87f097fd-32d3-40e6-b064-ba773a5232ec,001be529,1,0,False,False,0.0,220,130,0,0.5909090909090909,4,type_i,False,False
gemma4-e4b,relation_decision,0,f79e164a-a5ea-496b-ba7a-be1847f54847,00ca467f,2,1,True,False,0.5,205,146,0,0.7121951219512195,4,type_i,False,False
gemma4-e4b,relation_decision,0,1b321d43-0df2-4cd5-8463-1ba2ef7999b7,0100672e,2,2,True,True,1.0,243,137,0,0.5637860082304527,5,type_i,False,False
gemma4-e4b,relation_decision,0,12c8972f-d9ce-4dfd-82aa-bd6dc9f9e7a3,01493427,2,2,True,True,1.0,242,93,0,0.384297520661157,3,type_ii,False,False
gemma4-e4b,relation_decision,0,18c3b2d1-4703-4c76-b9c2-617c4aa05898,031748ae,2,3,True,True,1.5,224,145,0,0.6473214285714286,4,type_ii,False,False
gemma4-e4b,relation_decision,0,52121543-cc3b-4493-aaac-32b63715c93e,06878be2,1,1,True,True,1.0,236,183,0,0.7754237288135594,5,type_i,False,False
gemma4-e4b,relation_decision,0,7ad381af-2c57-4ac7-abbc-d1ab8e4ed60c,06db6396,2,2,True,True,1.0,247,0,79,0.0,4,type_ii,True,False
gemma4-e4b,relation_decision,0,4af337a8-32b6-4d8b-a623-2456cdfb7616,06f04340,3,1,True,False,0.3333333333333333,256,123,0,0.48046875,5,type_i,False,False
gemma4-e4b,relation_decision,0,d97c5a29-8d09-4a9c-8411-d7342f33c5ef,07741c44,2,0,False,False,0.0,239,239,0,1.0,5,type_ii,False,False
gemma4-e4b,relation_decision,0,dcbddf76-81c1-435e-be84-5f30d6d2d75e,07741c45,2,0,False,False,0.0,235,235,0,1.0,5,type_ii,False,False
gemma4-e4b,relation_decision,0,3f41aa63-d44e-4383-b195-32a655134eea,078150f1,2,2,True,True,1.0,223,51,0,0.22869955156950672,4,type_i,False,False
gemma4-e4b,relation_decision,0,294ae4d8-cddd-49e3-9139-f34ed8bb78e5,07b6f563,1,1,True,True,1.0,244,45,55,0.18442622950819673,5,type_i,True,False
gemma4-e4b,relation_decision,0,f40ab742-4da7-4785-9af8-99662ca0ce6e,0862e8bf,1,1,True,True,1.0,233,42,53,0.18025751072961374,5,type_i,True,False
gemma4-e4b,relation_decision,0,9cc8b533-f8b2-4b08-a52d-e3e9b6129057,08e075c7,1,1,True,True,1.0,250,0,86,0.0,5,type_ii,True,False
gemma4-e4b,relation_decision,0,c50ecdaa-e050-47ab-b211-0ab30c4d0e05,08f4fc43,2,0,False,False,0.0,222,222,0,1.0,4,type_i,False,False
gemma4-e4b,relation_decision,0,b3857e59-5aa2-49c2-8787-f61358d64776,0977f2af,2,1,True,False,0.5,231,179,0,0.7748917748917749,5,type_ii,False,False
gemma4-e4b,relation_decision,0,31a649cd-a136-443a-aa34-46aa887df82e,099778bb,2,2,True,True,1.0,222,89,0,0.4009009009009009,4,type_i,False,False
gemma4-e4b,relation_decision,0,a554d24f-d6ea-40ac-865a-82065f99db54,09ba9854,2,2,True,True,1.0,246,148,0,0.6016260162601627,5,type_i,False,False
gemma4-e4b,relation_decision,0,4c207703-8723-40c2-8720-cbde2d441012,09d032c9,2,1,True,False,0.5,241,154,0,0.6390041493775933,5,type_i,False,False
gemma4-e4b,relation_decision,0,a34a15bf-c977-45d2-9243-efc3b564b89e,0a34ad58,2,1,True,False,0.5,229,109,0,0.4759825327510917,4,type_i,False,False
gemma4-e4b,relation_decision,0,5e0482c5-b6eb-4e99-9d57-7bd48b9835d0,0a995998,3,1,True,False,0.3333333333333333,233,136,0,0.5836909871244635,4,type_i,False,False
gemma4-e4b,relation_decision,0,93d7dd2c-1f4e-487e-ba94-b1ee4f9be1db,0bb5a684,2,2,True,True,1.0,247,140,0,0.5668016194331984,4,type_i,False,False
gemma4-e4b,relation_decision,0,907b28db-a71e-4b0c-8283-c73dc34ba626,0bc8ad92,2,1,True,False,0.5,245,102,0,0.4163265306122449,5,type_i,False,False
gemma4-e4b,relation_decision,0,b3ed8658-f937-4279-a424-94b951a2d363,0bc8ad93,1,1,True,True,1.0,231,45,0,0.19480519480519481,5,type_i,False,False
gemma4-e4b,relation_decision,0,b86f55de-7185-4c68-9057-02e12dba2637,0db4c65d,2,2,True,True,1.0,221,158,0,0.7149321266968326,4,type_i,False,False
gemma4-e4b,relation_decision,0,51539de1-4db6-426a-b650-1a25f9edcf34,0ddfec37,2,1,True,False,0.5,256,203,53,0.79296875,5,type_ii,True,False
gemma4-e4b,relation_decision,0,db8ee968-0ec8-4497-9d6c-999fcdfdbd5d,0e4e4c46,2,2,True,True,1.0,244,120,80,0.4918032786885246,4,type_ii,True,False
gemma4-e4b,relation_decision,0,531249a1-8e89-47d6-be61-945af4fd11cb,0e5e2d1a,1,1,True,True,1.0,228,120,61,0.5263157894736842,4,type_i,True,False
gemma4-e4b,relation_decision,0,0e1e683e-945c-4b80-932c-17c828278078,0ea62687,2,2,True,True,1.0,248,135,0,0.5443548387096774,5,type_i,False,False
gemma4-e4b,relation_decision,0,08bdcd12-8870-4497-9d83-a1e8de0a53e2,0edc2aef,1,0,False,False,0.0,220,89,0,0.40454545454545454,5,type_i,False,False
gemma4-e4b,relation_decision,0,9be4db64-60fd-4b6f-9227-22e4029786fd,0f05491a,2,2,True,True,1.0,229,51,106,0.22270742358078602,3,type_ii,True,False
gemma4-e4b,relation_decision,0,7d225fd7-63ac-4177-9584-e1118fe938d9,10d9b85a,3,3,True,True,1.0,216,63,0,0.2916666666666667,4,type_i,False,False
gemma4-e4b,relation_decision,0,9b50c82d-0bc8-4bc5-bc8e-5b2bd1796ad6,10e09553,2,2,True,True,1.0,253,68,70,0.26877470355731226,4,type_ii,True,False
gemma4-e4b,relation_decision,0,b1fa519d-62e1-40ea-9975-f77c0279d034,118b2229,1,1,True,True,1.0,236,191,0,0.809322033898305,5,type_i,False,False
gemma4-e4b,relation_decision,0,cd512701-7a38-4372-8f57-7e759ddaeec4,1192316e,2,2,True,True,1.0,226,109,0,0.4823008849557522,4,type_i,False,False
gemma4-e4b,relation_decision,0,6738468a-a129-49df-8676-a03fe8577b24,129d1232,3,2,True,False,0.6666666666666666,219,94,79,0.4292237442922374,4,type_i,True,False
gemma4-e4b,relation_decision,0,96bcc3be-130d-4958-9cdb-edba25e2fc34,1568498a,1,1,True,True,1.0,227,170,0,0.748898678414097,4,type_i,False,False
gemma4-e4b,relation_decision,0,3fa7fdd2-f94b-4454-8f6d-2d57a6765410,15745da0,1,1,True,True,1.0,231,165,0,0.7142857142857143,4,type_i,False,False
gemma4-e4b,relation_decision,0,e3760e42-40ad-4327-86b8-254c6c345ae4,157a136e,2,2,True,True,1.0,229,145,0,0.6331877729257642,5,type_i,False,False
gemma4-e4b,relation_decision,0,7dca1d20-0c54-4048-8034-10ccb18f4e35,16c90bf4,1,1,True,True,1.0,218,122,0,0.5596330275229358,4,type_i,False,False
gemma4-e4b,relation_decision,0,21240c71-0e22-42c7-8fa1-be3287e02cad,184da446,2,0,False,False,0.0,207,207,0,1.0,4,type_ii,False,False
gemma4-e4b,relation_decision,0,b511b846-670d-4c6e-b036-1333757b2b00,18bc8abd,2,2,True,True,1.0,233,152,81,0.6523605150214592,4,type_ii,True,False
gemma4-e4b,relation_decision,0,0d426451-8826-46e4-b8e6-27e59efa9b19,18dcd5a5,1,1,True,True,1.0,254,49,0,0.19291338582677164,5,type_i,False,False
gemma4-e4b,relation_decision,0,edc9b385-39a3-467f-9175-2d5d70e13e20,1903aded,1,1,True,True,1.0,243,99,0,0.4074074074074074,5,type_i,False,False
gemma4-e4b,relation_decision,0,30f60618-624c-4fdb-9e40-62aa904d1bd2,195a1a1b,1,1,True,True,1.0,252,103,0,0.4087301587301587,5,type_i,False,False
gemma4-e4b,relation_decision,0,3bd36286-e0c3-4395-9c8b-4c4bbd5d4605,19b5f2b3,1,1,True,True,1.0,224,141,83,0.6294642857142857,4,type_i,True,False
gemma4-e4b,relation_decision,0,ff4f7ccd-bb37-4853-8570-2a2bdb65333f,1a1907b4,1,1,True,True,1.0,208,51,0,0.24519230769230768,4,type_i,False,False
gemma4-e4b,relation_decision,0,9aa91cd6-b258-4d4a-8aa1-7d03f4ab765b,1a8a66a6,3,3,True,True,1.0,256,104,0,0.40625,5,type_i,False,False
gemma4-e4b,relation_decision,0,e8a7f656-10b5-4d3c-a1e6-72fd5fffd1e9,1b9b7252,1,1,True,True,1.0,254,129,0,0.5078740157480315,5,type_i,False,False
gemma4-e4b,relation_decision,0,a2adab9e-f305-46e0-ba1e-59c041d3a0e6,1c0ddc50,4,1,True,False,0.25,249,161,0,0.6465863453815262,5,type_i,False,False
gemma4-e4b,relation_decision,0,4a485526-ab5c-4dd5-abbd-1556453894ec,1c549ce4,2,2,True,True,1.0,214,102,0,0.4766355140186916,4,type_i,False,False
gemma4-e4b,relation_decision,0,f525ac83-7831-4b56-b166-c563d488d77c,1cea1afa,2,2,True,True,1.0,234,112,0,0.47863247863247865,4,type_ii,False,False
gemma4-e4b,relation_decision,0,c447a2b4-0c0b-4c4d-8e3d-0b39fa7c1016,1d4da289,1,1,True,True,1.0,241,189,0,0.7842323651452282,5,type_i,False,False
gemma4-e4b,relation_decision,0,b3249624-4e08-4739-90d3-a811484c0cb7,1d4e3b97,2,1,True,False,0.5,231,177,0,0.7662337662337663,4,type_i,False,False
gemma4-e4b,relation_decision,0,6b037229-ebfc-4e0b-93f8-94d25ee023ac,1da05512,2,1,True,False,0.5,232,89,0,0.38362068965517243,5,type_i,False,False
gemma4-e4b,relation_decision,0,38cb764c-bf41-4e2a-ac52-78ea99c2209e,1de5cff2,1,1,True,True,1.0,241,147,0,0.6099585062240664,5,type_i,False,False
gemma4-e4b,relation_decision,0,e277b9f8-a1f0-4996-a428-5db60ea30ec5,1e043500,1,1,True,True,1.0,252,153,0,0.6071428571428571,5,type_i,False,False
gemma4-e4b,relation_decision,0,8f950fa0-6e97-4223-8c04-c27d60a60435,1f2b8d4f,2,2,True,True,1.0,250,84,60,0.336,5,type_i,True,False
gemma4-e4b,relation_decision,0,7baecf60-5e62-4d0f-8481-500555ade331,1faac195,1,1,True,True,1.0,243,202,0,0.831275720164609,5,type_i,False,False
gemma4-e4b,relation_decision,0,583c12a1-7b0e-4248-9f72-6d7fcc96e28e,2133c1b5,2,3,True,True,1.5,254,110,0,0.4330708661417323,4,type_ii,False,False
gemma4-e4b,relation_decision,0,01b46a4b-9d7b-4ab1-ac98-60c13e5b1054,21436231,1,1,True,True,1.0,253,160,0,0.6324110671936759,5,type_i,False,False
gemma4-e4b,relation_decision,0,7cd57b84-94a7-4004-a32a-dc75ea5d30a5,21d02d0d,2,2,True,True,1.0,235,100,0,0.425531914893617,4,type_i,False,False
gemma4-e4b,relation_decision,0,ec104c88-8b79-400b-87e6-1108f291415b,22d2cb42,1,0,False,False,0.0,242,242,0,1.0,5,type_ii,False,False
gemma4-e4b,relation_decision,0,0c664502-51b8-4712-b10a-54d809e3c8c0,2311e44b,2,2,True,True,1.0,245,53,89,0.2163265306122449,4,type_i,True,False
gemma4-e4b,relation_decision,0,37561675-3771-4beb-88fd-41a7d2ecd264,2318644b,2,2,True,True,1.0,216,105,0,0.4861111111111111,4,type_i,False,False
gemma4-e4b,relation_decision,0,aa170411-4073-4ce5-9b4a-92f57aaa739d,25e5aa4f,1,1,True,True,1.0,227,0,44,0.0,5,type_i,True,False
gemma4-e4b,relation_decision,0,d23fc380-d06a-4274-ba29-46eecd1c6878,2698e78f,2,2,True,True,1.0,218,85,83,0.38990825688073394,4,type_ii,True,False
gemma4-e4b,relation_decision,0,a91beafe-5607-4ab9-b5fa-c3bd3f95fbdb,26bdc477,2,2,True,True,1.0,224,0,78,0.0,4,type_ii,True,False
gemma4-e4b,relation_decision,0,6e15f8cd-a8a1-4331-a2a6-6677e5937639,27016adc,2,2,True,True,1.0,241,105,0,0.43568464730290457,4,type_i,False,False
gemma4-e4b,relation_decision,0,eec37613-e9ae-4b8f-b0c0-0b6271880753,2788b940,5,5,True,True,1.0,254,94,115,0.3700787401574803,5,type_i,True,False
gemma4-e4b,relation_decision,0,de5d9988-40df-408f-b555-71e0ebc7a33f,28bcfaac,1,1,True,True,1.0,252,97,0,0.38492063492063494,5,type_i,False,False
gemma4-e4b,relation_decision,0,be4fe919-6e43-4252-b21f-ed57ac2f943b,28dc39ac,5,1,True,False,0.2,228,110,118,0.4824561403508772,3,type_i,True,False
gemma4-e4b,relation_decision,0,f2803d17-5581-44fd-aa87-0740217c3696,29f2956b,1,1,True,True,1.0,184,128,0,0.6956521739130435,3,type_i,False,False
gemma4-e4b,relation_decision,0,f4c42461-c019-4fbf-b8c0-f62386d4a26b,2a1811e2,2,2,True,True,1.0,208,52,0,0.25,4,type_i,False,False
gemma4-e4b,relation_decision,0,95da118c-b319-4cb0-af46-6de7db6814b4,2b8f3739,3,1,True,False,0.3333333333333333,223,146,0,0.6547085201793722,4,type_i,False,False
gemma4-e4b,relation_decision,0,defaa999-a1e0-435e-83dd-c1e6fa1f5e7a,2bf43736,1,1,True,True,1.0,214,142,0,0.6635514018691588,3,type_i,False,False
gemma4-e4b,relation_decision,0,2eabfc19-155e-4233-8d6a-b5a9181e19b2,2c63a862,2,1,True,False,0.5,230,50,81,0.21739130434782608,4,type_i,True,False
gemma4-e4b,relation_decision,0,2eb79043-88f9-4e92-8fc3-bd444a460b15,2ce6a0f2,4,2,True,False,0.5,232,71,0,0.30603448275862066,4,type_i,False,False
gemma4-e4b,relation_decision,0,f1d8955f-ba22-4111-ad43-390415b63494,2e6d26dc,5,1,True,False,0.2,255,204,0,0.8,4,type_i,False,False
gemma4-e4b,relation_decision,0,5865954e-fd7a-48e1-ba52-8a92fc086ec8,2ebe6c90,2,1,True,False,0.5,227,118,0,0.5198237885462555,4,type_i,False,False
gemma4-e4b,relation_decision,0,c4abe153-9443-41f4-a374-5411b10423d7,2ebe6c92,2,0,False,False,0.0,254,150,0,0.5905511811023622,5,type_i,False,False
gemma4-e4b,relation_decision,0,2dcdffd9-80a7-48a0-b0c8-fc8b176a393f,311778f1,1,1,True,True,1.0,245,87,0,0.3551020408163265,4,type_i,False,False
gemma4-e4b,relation_decision,0,f5ff35e1-e889-4e16-a21b-b71826c6f0ae,32260d93,1,0,False,False,0.0,231,97,0,0.4199134199134199,5,type_i,False,False
gemma4-e4b,relation_decision,0,cb0b7c95-9aab-4aaa-b79f-32f824fbb1ea,3249768e,1,0,False,False,0.0,166,166,0,1.0,3,type_i,False,False
gemma4-e4b,relation_decision,0,012957f8-a39d-4587-8336-1abc8ac39728,352ab8bd,1,1,True,True,1.0,256,138,118,0.5390625,3,type_i,True,False
gemma4-e4b,relation_decision,0,6acdd080-904b-4370-8cf6-72de9ef6c1a6,35a27287,2,1,True,False,0.5,238,179,0,0.7521008403361344,4,type_i,False,False
gemma4-e4b,relation_decision,0,8f6656c6-d5f0-4868-8caf-4f4ae382a593,36580ce8,1,1,True,True,1.0,239,44,63,0.18410041841004185,5,type_i,True,False
gemma4-e4b,relation_decision,0,5b775ff5-cfea-4383-8881-b0a380e5fa65,36b9f61e,3,2,True,False,0.6666666666666666,244,97,0,0.3975409836065574,5,type_i,False,False
gemma4-e4b,relation_decision,0,1d5d93a4-acf6-4dd4-b03e-b2789c75dadc,370a8ff4,2,2,True,True,1.0,218,115,52,0.5275229357798165,4,type_i,True,False
gemma4-e4b,relation_decision,0,d3fbdd24-c489-430e-82fc-fca3d1931e48,37d43f65,1,1,True,True,1.0,212,42,90,0.19811320754716982,4,type_i,True,False
gemma4-e4b,relation_decision,0,3b51f5fe-4fa8-4e48-8af0-b601f6774b02,37f165cf,2,2,True,True,1.0,197,97,0,0.49238578680203043,4,type_i,False,False
gemma4-e4b,relation_decision,0,26568ecd-db01-444a-8d13-789ea19d879a,38146c39,2,1,True,False,0.5,209,107,0,0.5119617224880383,4,type_i,False,False
gemma4-e4b,relation_decision,0,3fcbf430-de97-4116-aa4a-9023e5e5d802,3a704032,3,3,True,True,1.0,252,58,0,0.23015873015873015,5,type_i,False,False
gemma4-e4b,relation_decision,0,3c476f27-d02b-44d4-a8a0-524eb230965b,3b6f954b,1,1,True,True,1.0,243,0,62,0.0,5,type_i,True,False
gemma4-e4b,relation_decision,0,2e02fd7a-02d2-4a57-b9e6-a3d58304ff6c,3ba21379,1,1,True,True,1.0,241,62,0,0.2572614107883817,4,type_ii,False,False
gemma4-e4b,relation_decision,0,f0002fca-026c-4600-bd05-aea4f66d52d6,3c1045c8,2,2,True,True,1.0,215,98,0,0.4558139534883721,4,type_i,False,False
gemma4-e4b,relation_decision,0,cbbdccf5-c945-4f51-8fcb-ccd8dcee6c1c,3d86fd0a,1,1,True,True,1.0,240,103,0,0.42916666666666664,5,type_i,False,False
gemma4-e4b,relation_decision,0,984835ba-8e13-45b7-8b72-7a16f327e57f,3e321797,1,1,True,True,1.0,229,0,94,0.0,4,type_i,True,False
gemma4-e4b,relation_decision,0,f441ba43-27a2-40ed-ae56-30d5497b9911,3f1e9474,1,1,True,True,1.0,237,189,0,0.7974683544303798,5,type_i,False,False
gemma4-e4b,relation_decision,0,1dfce634-7cff-4f81-812a-8292002ea8dc,3fdac837,2,2,True,True,1.0,236,51,0,0.21610169491525424,5,type_i,False,False
gemma4-e4b,relation_decision,0,2e03269f-3336-4882-9298-3de60d7645a7,3fe836c9,2,2,True,True,1.0,255,145,0,0.5686274509803921,5,type_i,False,False
gemma4-e4b,relation_decision,0,aefc99d7-c65b-4db2-88ac-7cfe3647ac49,4100d0a0,1,1,True,True,1.0,228,133,0,0.5833333333333334,5,type_i,False,False
gemma4-e4b,relation_decision,0,7e92cd56-3ea3-42fc-8015-cee4038bb8c9,41275add,1,1,True,True,1.0,247,96,110,0.38866396761133604,4,type_i,True,False
gemma4-e4b,relation_decision,0,2ad06b43-bfd1-4de8-ad97-da69d337531b,41698283,2,1,True,False,0.5,254,194,0,0.7637795275590551,5,type_ii,False,False
gemma4-e4b,relation_decision,0,33e1700d-2a86-4aad-bfa2-ee42dbdb4992,42ec0761,2,1,True,False,0.5,217,149,0,0.6866359447004609,4,type_ii,False,False
gemma4-e4b,relation_decision,0,f765a641-2ad0-4520-a25f-52cc75254acf,4388e9dd,1,0,False,False,0.0,215,215,0,1.0,4,type_i,False,False
gemma4-e4b,relation_decision,0,7c62667c-5d55-4ef9-bbb1-e7e03715e014,45dc21b6,2,1,True,False,0.5,235,177,0,0.7531914893617021,5,type_ii,False,False
gemma4-e4b,relation_decision,0,15a9a790-b32a-46d6-9333-7883639ee829,46a3abf7,3,1,True,False,0.3333333333333333,253,188,0,0.7430830039525692,5,type_i,False,False
gemma4-e4b,relation_decision,0,0e46a545-f00b-45e3-be21-d0b1431ee99a,488d3006,1,1,True,True,1.0,253,153,0,0.6047430830039525,4,type_i,False,False
gemma4-e4b,relation_decision,0,7ba6b87e-2fd0-45c8-8005-645e32866cff,4adc0475,2,2,True,True,1.0,212,0,69,0.0,4,type_i,True,False
gemma4-e4b,relation_decision,0,0c276f8f-2776-4e77-a523-a12f03c308d5,4b24c848,2,2,True,True,1.0,222,59,0,0.26576576576576577,4,type_ii,False,False
gemma4-e4b,relation_decision,0,94c56b84-68e4-4b1a-b7fb-f107aa139445,4baee567,1,1,True,True,1.0,251,60,81,0.23904382470119523,4,type_i,True,False
gemma4-e4b,relation_decision,0,298544a4-0ea0-492c-914e-f7d028bc6c3b,4bc144e2,2,1,True,False,0.5,226,178,0,0.7876106194690266,5,type_i,False,False
gemma4-e4b,relation_decision,0,1640bd89-a15f-47fe-8db6-74fb4cca0f8c,4c36ccef,1,1,True,True,1.0,209,100,0,0.4784688995215311,4,type_i,False,False
gemma4-e4b,relation_decision,0,8ebd893e-c964-4c06-be0a-f9b42a279bac,4d6b87c8,2,1,True,False,0.5,220,155,0,0.7045454545454546,4,type_ii,False,False
gemma4-e4b,relation_decision,0,6c218815-2d9f-47c6-be50-317d0af8e9d3,4dfccbf7,2,1,True,False,0.5,230,124,0,0.5391304347826087,4,type_i,False,False
gemma4-e4b,relation_decision,0,e9bc19af-a2be-4601-b2f0-9338e65a0950,4dfccbf8,1,0,False,False,0.0,232,177,0,0.7629310344827587,5,type_i,False,False
gemma4-e4b,relation_decision,0,01102572-62ca-48c5-aab8-eb3a47873102,4f54b7c9,5,1,True,False,0.2,255,210,0,0.8235294117647058,5,type_i,False,False
gemma4-e4b,relation_decision,0,e7a140ab-62ae-4b47-8ce6-9173d5cf0830,4fd1909e,1,1,True,True,1.0,240,96,51,0.4,5,type_i,True,False
gemma4-e4b,relation_decision,0,38444c16-4188-4978-ae06-f769ae32894c,5025383b,2,2,True,True,1.0,219,87,0,0.3972602739726027,5,type_i,False,False
gemma4-e4b,relation_decision,0,510769bd-acad-41e6-8c04-b5af20445be3,505af2f5,3,1,True,False,0.3333333333333333,209,92,63,0.44019138755980863,4,type_i,True,False
gemma4-e4b,relation_decision,0,73bfbcce-f6a2-41a2-ad14-24427ad73f84,50635ada,1,1,True,True,1.0,232,87,59,0.375,5,type_ii,True,False
gemma4-e4b,relation_decision,0,6af45888-bd4e-4d27-9140-ccb3348b0bb3,51a45a95,1,0,False,False,0.0,209,209,0,1.0,4,type_i,False,False
gemma4-e4b,relation_decision,0,d993596c-63e3-48eb-987e-5cab195cb2cd,51b23612,1,1,True,True,1.0,222,67,0,0.30180180180180183,4,type_i,False,False
gemma4-e4b,relation_decision,0,11a41d78-038d-44b0-8758-a1c22707b700,51c32626,1,1,True,True,1.0,255,0,68,0.0,5,type_i,True,False
gemma4-e4b,relation_decision,0,a717623e-87bf-421d-92c5-318c8ef4f09b,54026fce,1,1,True,True,1.0,245,94,0,0.3836734693877551,5,type_i,False,False
gemma4-e4b,relation_decision,0,9c3b436a-77cc-419f-aea4-f49ccdd15512,545bd2b5,1,1,True,True,1.0,238,174,0,0.7310924369747899,4,type_i,False,False
gemma4-e4b,relation_decision,0,32caad0b-e142-4a5c-adde-e2eee7059780,55241a1f,2,1,True,False,0.5,247,198,0,0.8016194331983806,5,type_i,False,False
gemma4-e4b,relation_decision,0,10b537c2-d971-488b-89e1-5ed767a4d1ef,561fabcd,1,1,True,True,1.0,241,99,0,0.4107883817427386,5,type_i,False,False
gemma4-e4b,relation_decision,0,805036de-43a6-48f9-83b1-a11853d8f214,577d4d32,1,1,True,True,1.0,254,105,0,0.41338582677165353,5,type_i,False,False
gemma4-e4b,relation_decision,0,2697184d-c9cb-4f19-af36-34ccabe59727,57f827a0,1,1,True,True,1.0,228,119,0,0.5219298245614035,4,type_i,False,False
gemma4-e4b,relation_decision,0,5bdffece-92a1-4694-a9c1-ca63bc0dbdf7,5809eb10,1,1,True,True,1.0,191,126,0,0.6596858638743456,3,type_i,False,False
gemma4-e4b,relation_decision,0,7013ca18-4b8b-4e79-a9b7-34abc3631412,5831f84d,2,1,True,False,0.5,212,142,70,0.6698113207547169,4,type_ii,True,False
gemma4-e4b,relation_decision,0,d8644e28-2b05-4201-a9b5-330b9d95239a,58470ed2,1,1,True,True,1.0,221,99,0,0.4479638009049774,4,type_i,False,False
gemma4-e4b,relation_decision,0,20ad54df-84c3-455a-b38d-8b0daef94824,58bf7951,1,0,False,False,0.0,229,105,0,0.4585152838427948,5,type_i,False,False
gemma4-e4b,relation_decision,0,babe21c7-0ebf-4ceb-95dc-32917a32ee87,58ef2f1c,1,1,True,True,1.0,230,90,0,0.391304347826087,5,type_i,False,False
gemma4-e4b,relation_decision,0,8ad5d679-ea17-41bf-833d-8bdaca193032,59524333,2,0,False,False,0.0,202,202,0,1.0,4,type_ii,False,False
gemma4-e4b,relation_decision,0,3f7eeacc-0d7c-4b04-9660-37f8844aa43d,5a4f22c0,1,1,True,True,1.0,213,141,0,0.6619718309859155,4,type_ii,False,False
gemma4-e4b,relation_decision,0,cb345cc4-5153-4115-81e5-33291bac222c,5a7937c8,3,3,True,True,1.0,250,101,0,0.404,5,type_i,False,False
gemma4-e4b,relation_decision,0,d49251b7-1f01-46b9-a047-741f6c04e6ab,5c40ec5b,1,1,True,True,1.0,217,104,0,0.4792626728110599,4,type_ii,False,False
gemma4-e4b,relation_decision,0,9e3d2931-0418-4865-ab8a-c31bdc838784,5d3d2817,1,1,True,True,1.0,228,181,0,0.793859649122807,5,type_i,False,False
gemma4-e4b,relation_decision,0,93d29a0c-0115-4dfe-924e-117e5e338fd1,5e1b23de,1,1,True,True,1.0,236,44,0,0.1864406779661017,5,type_i,False,False
gemma4-e4b,relation_decision,0,634a1920-c77c-4e7b-b301-cacb917666d3,60036106,2,2,True,True,1.0,227,110,0,0.4845814977973568,4,type_i,False,False
gemma4-e4b,relation_decision,0,37a0ba87-1897-4f33-ada3-d58ff5f596cb,60159905,3,2,True,False,0.6666666666666666,218,107,0,0.4908256880733945,4,type_i,False,False
gemma4-e4b,relation_decision,0,31ebdf18-7459-4d9c-b880-6bef16d142a5,603deb26,2,2,True,True,1.0,238,158,0,0.6638655462184874,3,type_ii,False,False
gemma4-e4b,relation_decision,0,7d771ec0-87ae-4d7c-b8e5-baaab89cb7e3,60472f9c,3,4,True,True,1.3333333333333333,223,57,0,0.2556053811659193,4,type_i,False,False
gemma4-e4b,relation_decision,0,bf963217-c777-4aea-a601-c95effd1d599,6071bd76,2,2,True,True,1.0,254,154,100,0.6062992125984252,3,type_ii,True,False
gemma4-e4b,relation_decision,0,81ba1976-7100-4d39-a483-cb48513603e3,60bf93ed,1,1,True,True,1.0,216,114,0,0.5277777777777778,4,type_i,False,False
gemma4-e4b,relation_decision,0,798ae51f-a000-43f9-9f7a-47d7df6dcb97,60d45044,1,1,True,True,1.0,232,49,51,0.21120689655172414,5,type_i,True,False
gemma4-e4b,relation_decision,0,d5e104ee-06b3-4c1c-ad86-8644e115f67a,618f13b2,2,3,True,True,1.5,245,111,0,0.4530612244897959,4,type_ii,False,False
gemma4-e4b,relation_decision,0,a3892f52-0def-4659-a85e-f493c2450f18,61f8c8f8,2,2,True,True,1.0,212,101,0,0.47641509433962265,4,type_i,False,False
gemma4-e4b,relation_decision,0,c43475b2-ecdd-45ce-9b36-a1f0e024fd1e,6222b6eb,1,1,True,True,1.0,240,130,0,0.5416666666666666,4,type_i,False,False
gemma4-e4b,relation_decision,0,51d07a94-b968-49e1-9689-e28b4c0604f4,6456829e,2,2,True,True,1.0,226,47,0,0.2079646017699115,5,type_i,False,False
gemma4-e4b,relation_decision,0,3850d776-a843-4546-b887-31da0c15a62a,65240037,1,1,True,True,1.0,228,84,0,0.3684210526315789,4,type_i,False,False
gemma4-e4b,relation_decision,0,6b9598e8-30bb-46f8-9265-d59abe8b4185,6613b389,2,2,True,True,1.0,218,116,0,0.5321100917431193,4,type_i,False,False
gemma4-e4b,relation_decision,0,51c7dc05-64f7-4198-905e-eff3a632da64,66f24dbb,2,2,True,True,1.0,230,93,0,0.4043478260869565,5,type_i,False,False
gemma4-e4b,relation_decision,0,efce50a8-08ba-4f7e-b173-11a88cfcde48,67e0d0f2,2,2,True,True,1.0,228,45,61,0.19736842105263158,4,type_i,True,False
gemma4-e4b,relation_decision,0,460ad999-b0db-4b4d-8cf4-0add1eb6eb53,681a1674,2,2,True,True,1.0,223,105,0,0.47085201793721976,4,type_i,False,False
gemma4-e4b,relation_decision,0,4234c816-43dc-4254-b3a0-5887afe6ce24,69fee5aa,2,1,True,False,0.5,256,142,67,0.5546875,4,type_ii,True,False
gemma4-e4b,relation_decision,0,dccf42f5-1ee0-4929-8730-42222c31ab9b,6a1eabeb,2,0,False,False,0.0,183,63,0,0.3442622950819672,3,type_ii,False,False
gemma4-e4b,relation_decision,0,0fd9b158-3668-4ce1-bb79-24be5bfc9d9b,6a27ffc2,2,3,True,True,1.5,235,0,61,0.0,4,type_ii,True,False
gemma4-e4b,relation_decision,0,2fdfb742-09d2-4d91-84c7-f1e26976d4dd,6ade9755,1,1,True,True,1.0,246,41,46,0.16666666666666666,5,type_i,True,False
gemma4-e4b,relation_decision,0,0d5cbabf-92af-4df5-bb36-cc21979fc666,6ae235be,1,1,True,True,1.0,252,0,60,0.0,5,type_i,True,False
gemma4-e4b,relation_decision,0,4da624fc-1df9-48ed-b977-2c670998b8fb,6aeb4375,2,2,True,True,1.0,246,94,59,0.3821138211382114,5,type_ii,True,False
gemma4-e4b,relation_decision,0,912dc568-1951-4019-83ff-a5a1d522d6a8,6b168ec8,1,1,True,True,1.0,236,0,71,0.0,5,type_i,True,False
gemma4-e4b,relation_decision,0,2acf5066-0e6c-423b-b7eb-b17530c4e078,6b7dfb22,5,2,True,False,0.4,213,86,0,0.40375586854460094,4,type_i,False,False
gemma4-e4b,relation_decision,0,9ef2ad94-c7ad-4cf5-aa74-ed82b9cbeff5,6c49646a,2,1,True,False,0.5,200,139,0,0.695,4,type_i,False,False
gemma4-e4b,relation_decision,0,fbcfbd9b-684d-4843-960a-f1460c252a5c,6cb6f249,2,2,True,True,1.0,230,110,0,0.4782608695652174,4,type_i,False,False
gemma4-e4b,relation_decision,0,37f9a9ca-9822-4455-a616-a5b62742718d,6d550036,2,0,False,False,0.0,231,140,0,0.6060606060606061,5,type_i,False,False
gemma4-e4b,relation_decision,0,67b1403a-08d2-491d-8ca2-2d050c83bb62,6e984301,2,3,True,True,1.5,230,53,0,0.23043478260869565,4,type_i,False,False
gemma4-e4b,relation_decision,0,748837ee-5aae-4b57-8642-f4cf2561c21a,6e984302,1,0,False,False,0.0,238,51,0,0.21428571428571427,5,type_i,False,False
gemma4-e4b,relation_decision,0,1d4de977-a475-4cfd-ad0e-a422fd521ba5,6f9b354f,1,1,True,True,1.0,219,151,0,0.6894977168949772,4,type_i,False,False
gemma4-e4b,relation_decision,0,feeaf5a4-115d-4608-98fb-c269cf9474cd,7024f17c,1,1,True,True,1.0,224,129,0,0.5758928571428571,5,type_i,False,False
gemma4-e4b,relation_decision,0,4d2aefd3-22d2-4138-86a3-bd213c7f128e,70b3e69b,1,1,True,True,1.0,223,162,0,0.726457399103139,4,type_i,False,False
gemma4-e4b,relation_decision,0,5f1ae00a-8f1e-467c-b318-94914d406dea,71017276,1,1,True,True,1.0,211,110,0,0.5213270142180095,4,type_i,False,False
gemma4-e4b,relation_decision,0,f4115093-28c1-4eb2-9672-8d249fa123ba,71017277,2,2,True,True,1.0,246,139,0,0.5650406504065041,5,type_i,False,False
gemma4-e4b,relation_decision,0,1999661d-c6da-4c31-9323-58c9b775b702,71315a70,2,1,True,False,0.5,195,99,96,0.5076923076923077,3,type_ii,True,False
gemma4-e4b,relation_decision,0,41b8318f-5dc5-4e6a-b3ce-e4f626017444,7161e7e2,1,1,True,True,1.0,237,170,0,0.7172995780590717,4,type_i,False,False
gemma4-e4b,relation_decision,0,7f7d92a1-2412-4aa3-bf2f-e90157313898,71a3fd6b,1,1,True,True,1.0,216,78,86,0.3611111111111111,3,type_i,True,False
gemma4-e4b,relation_decision,0,70e30c87-154a-452b-ae35-e6e7671408bb,720133ac,2,2,True,True,1.0,215,48,0,0.22325581395348837,4,type_i,False,False
gemma4-e4b,relation_decision,0,00889b12-6c59-4d9f-b44b-b557e8d1e0ca,726462e0,1,1,True,True,1.0,216,150,0,0.6944444444444444,4,type_i,False,False
gemma4-e4b,relation_decision,0,727531e1-35d4-4fc8-9ae5-b75bcf4f795b,72e3ee87,2,1,True,False,0.5,201,137,64,0.681592039800995,4,type_ii,True,False
gemma4-e4b,relation_decision,0,a71161d6-9791-40f2-8b95-23b7e3b0eed7,73d42213,2,0,False,False,0.0,231,231,0,1.0,4,type_i,False,False
gemma4-e4b,relation_decision,0,6d833eac-468c-46e3-8941-93c786b0d383,7401057b,2,1,True,False,0.5,232,152,80,0.6551724137931034,4,type_ii,True,False
gemma4-e4b,relation_decision,0,3b29831d-913d-4fa0-90f4-356c0d7523a6,7405e8b1,2,2,True,True,1.0,215,106,0,0.4930232558139535,4,type_i,False,False
gemma4-e4b,relation_decision,0,9052b60c-92c4-4e08-af08-4800c81dac6f,7527f7e2,1,1,True,True,1.0,208,0,69,0.0,4,type_i,True,False
gemma4-e4b,relation_decision,0,e190ba09-a502-4f8d-9292-a3997f7b2f1c,75499fd8,1,0,False,False,0.0,231,91,0,0.3939393939393939,5,type_i,False,False
gemma4-e4b,relation_decision,0,f65dc9fc-1965-4157-8dd2-33ca2918160c,75832dbd,2,0,False,False,0.0,226,86,0,0.3805309734513274,5,type_i,False,False
gemma4-e4b,relation_decision,0,72341b5e-95d9-4596-8e9d-6f0d9b15f8d3,75f70248,1,2,True,True,2.0,240,103,0,0.42916666666666664,5,type_i,False,False
gemma4-e4b,relation_decision,0,62e61ee2-c2ab-49be-bbb4-43eb1a0bfcb3,76d63226,1,1,True,True,1.0,251,97,0,0.38645418326693226,5,type_i,False,False
gemma4-e4b,relation_decision,0,0678d05f-4efa-479a-8a00-d96dc12c62b9,778164c6,1,1,True,True,1.0,247,0,87,0.0,4,type_i,True,False
gemma4-e4b,relation_decision,0,68838d44-be5a-4fa8-9c5c-f17ec178baf9,77eafa52,2,1,True,False,0.5,239,185,0,0.7740585774058577,5,type_i,False,False
gemma4-e4b,relation_decision,0,6c9d0255-9872-40ae-bc3d-54668974815e,7a87bd0c,2,1,True,False,0.5,249,166,83,0.6666666666666666,4,type_ii,True,False
gemma4-e4b,relation_decision,0,2e61e751-cc05-449a-87ca-5e6ad697cad0,7a8d0b71,1,1,True,True,1.0,211,127,0,0.6018957345971564,3,type_i,False,False
gemma4-e4b,relation_decision,0,ba8b328a-a300-4c39-8672-35d386264070,7e00a6cb,1,0,False,False,0.0,250,201,0,0.804,4,type_i,False,False
gemma4-e4b,relation_decision,0,b78f8dfd-84f4-46dd-bd77-552aa26a9d24,7e974930,2,2,True,True,1.0,246,119,0,0.483739837398374,4,type_ii,False,False
gemma4-e4b,relation_decision,0,0502bd8f-b298-4cdf-9ef6-b9659fe099e5,8077ef71,1,1,True,True,1.0,244,52,0,0.21311475409836064,5,type_i,False,False
gemma4-e4b,relation_decision,0,cb00dc0b-3881-4729-ad8c-458a0a8bbf69,80ec1f4f,2,1,True,False,0.5,241,104,0,0.4315352697095436,5,type_i,False,False
gemma4-e4b,relation_decision,0,ffef6fb8-3ef2-4306-a398-7d3a238db516,81507db6,3,2,True,False,0.6666666666666666,248,92,0,0.3709677419354839,5,type_i,False,False
gemma4-e4b,relation_decision,0,21f99b99-8753-406f-82db-6bdd048c3b86,830ce83f,2,2,True,True,1.0,254,45,124,0.17716535433070865,5,type_ii,True,False
gemma4-e4b,relation_decision,0,16edfc9b-0628-42eb-b4ae-3413ebb902de,8464fc84,1,1,True,True,1.0,227,70,0,0.30837004405286345,4,type_i,False,False
gemma4-e4b,relation_decision,0,6f5aaf73-8027-4fdb-8cae-5884cc2dd31f,852ce960,2,2,True,True,1.0,229,87,94,0.3799126637554585,3,type_ii,True,False
gemma4-e4b,relation_decision,0,60697660-54d1-45c7-b8f2-6fb2a1e5879e,853b0a1d,1,1,True,True,1.0,250,197,0,0.788,5,type_i,False,False
gemma4-e4b,relation_decision,0,b38dd2ba-a7cf-4421-818e-e425f45d4059,8550ddae,1,1,True,True,1.0,238,92,0,0.3865546218487395,5,type_i,False,False
gemma4-e4b,relation_decision,0,2b776db4-25c8-4299-9fff-b654e5f34bbf,85fa3a3f,4,4,True,True,1.0,239,0,0,0.0,4,type_i,False,False
gemma4-e4b,relation_decision,0,090c74f0-b4d4-4ce0-a1b9-8e47951327c7,86b68151,1,1,True,True,1.0,231,186,0,0.8051948051948052,5,type_i,False,False
gemma4-e4b,relation_decision,0,795c9c2e-5e0b-4c4c-8a69-3a268fc47990,86f00804,1,1,True,True,1.0,225,80,61,0.35555555555555557,5,type_i,True,False
gemma4-e4b,relation_decision,0,01694822-6853-4f1d-b29e-472fa00d8780,8752c811,1,1,True,True,1.0,215,61,0,0.2837209302325581,3,type_i,False,False
gemma4-e4b,relation_decision,0,579865cf-9925-4d38-bad3-c1ab6189548a,87f22b4a,2,2,True,True,1.0,232,0,45,0.0,5,type_i,True,False
gemma4-e4b,relation_decision,0,44d130b2-f320-4b59-bacf-5fc0fb2e6891,88432d0a,4,3,True,False,0.75,233,49,76,0.21030042918454936,4,type_i,True,False
gemma4-e4b,relation_decision,0,c078fdb0-b678-411b-86c7-9f91a1e9b172,89527b6b,3,2,True,False,0.6666666666666666,199,89,0,0.4472361809045226,4,type_i,False,False
gemma4-e4b,relation_decision,0,2bfec060-c472-4a98-94e0-f2268375d083,8979f9ec,2,1,True,False,0.5,208,61,0,0.2932692307692308,4,type_i,False,False
gemma4-e4b,relation_decision,0,62b04815-99cd-488b-87c3-be57bbb083ec,89941a93,2,1,True,False,0.5,194,136,58,0.7010309278350515,4,type_ii,True,False
gemma4-e4b,relation_decision,0,25f56c85-1b86-450d-bcf9-775d2662b97b,89941a94,1,1,True,True,1.0,243,0,91,0.0,4,type_ii,True,False
gemma4-e4b,relation_decision,0,e1a40dc0-a764-4797-8c31-f04e08c6fd68,8a137a7f,1,1,True,True,1.0,236,138,0,0.5847457627118644,5,type_i,False,False
gemma4-e4b,relation_decision,0,82fcba62-7a1d-4ba3-b000-1cdee0fbee55,8a2466db,1,1,True,True,1.0,211,106,0,0.5023696682464455,4,type_i,False,False
gemma4-e4b,relation_decision,0,e12a5fcc-0790-44b4-b72c-48ac3ee757d8,8aef76bc,1,1,True,True,1.0,248,147,0,0.592741935483871,5,type_i,False,False
gemma4-e4b,relation_decision,0,b75ec466-720a-4722-8bb9-8ad149610e74,8b9d4367,1,1,True,True,1.0,216,142,0,0.6574074074074074,4,type_i,False,False
gemma4-e4b,relation_decision,0,8646cae1-b71f-4523-be01-349bf7052575,8c18457d,2,2,True,True,1.0,236,71,0,0.3008474576271186,4,type_i,False,False
gemma4-e4b,relation_decision,0,ec2cf9bd-bb48-4f80-a953-2a237cc044c0,8cf4d046,2,1,True,False,0.5,216,139,0,0.6435185185185185,4,type_i,False,False
gemma4-e4b,relation_decision,0,80063a27-c696-4481-98dc-2f5885aa30e3,8cf51dda,3,3,True,True,1.0,208,0,0,0.0,3,type_i,False,False
gemma4-e4b,relation_decision,0,7fafa942-2cc8-4901-90a8-0817c0ad15dd,8e91e7d9,2,2,True,True,1.0,217,130,0,0.5990783410138248,5,type_i,False,False
gemma4-e4b,relation_decision,0,6ed865e9-c608-4655-b358-153df6ed65d4,8e9d538c,1,1,True,True,1.0,214,146,0,0.6822429906542056,4,type_i,False,False
gemma4-e4b,relation_decision,0,67a384ec-c2d9-4ac3-ac39-ffd143d4acdc,8ebdbe50,1,1,True,True,1.0,218,127,0,0.5825688073394495,4,type_i,False,False
gemma4-e4b,relation_decision,0,805e2f77-2c28-4d36-a4bf-327a98e3c5b7,8fb83627,2,1,True,False,0.5,238,91,0,0.38235294117647056,5,type_ii,False,False
gemma4-e4b,relation_decision,0,7a62097b-a0e1-42e2-bc33-8b427fbd63da,91b15a6e,2,2,True,True,1.0,235,100,47,0.425531914893617,5,type_i,True,False
gemma4-e4b,relation_decision,0,8a0b1cfc-edc7-4dda-a19f-1825664847b6,92a0aa75,2,2,True,True,1.0,226,103,0,0.4557522123893805,4,type_i,False,False
gemma4-e4b,relation_decision,0,f4b9cdbd-9e87-48e1-b2bc-0fe7afff9c0b,945e3d21,2,0,False,False,0.0,233,233,0,1.0,5,type_ii,False,False
gemma4-e4b,relation_decision,0,a6c83926-1021-4b02-b900-42be223c3df1,94f70d80,1,1,True,True,1.0,239,103,0,0.4309623430962343,5,type_i,False,False
gemma4-e4b,relation_decision,0,5316d2a9-671a-45c7-a1f8-be51df4eacb8,95228167,1,0,False,False,0.0,207,207,0,1.0,4,type_i,False,False
gemma4-e4b,relation_decision,0,0b2a613a-70af-46a4-a315-bffe45ef94f2,95bcc1c8,1,1,True,True,1.0,210,105,0,0.5,4,type_i,False,False
gemma4-e4b,relation_decision,0,f51ed016-41a5-40ef-bfa7-deae02c06ee5,982b5123,1,1,True,True,1.0,212,149,63,0.7028301886792453,4,type_i,True,False
gemma4-e4b,relation_decision,0,bfc4bf0b-417b-4f0e-b3ca-603113358ce3,993da5e2,2,2,True,True,1.0,223,62,0,0.27802690582959644,4,type_i,False,False
gemma4-e4b,relation_decision,0,495d85ef-fbe8-427b-9fd0-52b6799a3ccb,9a707b81,2,1,True,False,0.5,217,104,0,0.4792626728110599,4,type_i,False,False
gemma4-e4b,relation_decision,0,feb8c8a4-9f2f-4bfd-b808-61dc399f26cd,9a707b82,1,1,True,True,1.0,217,87,0,0.4009216589861751,4,type_i,False,False
gemma4-e4b,relation_decision,0,126ac64c-622d-4870-98a8-c7b6df818b19,9aaed6a3,2,2,True,True,1.0,221,116,0,0.5248868778280543,4,type_i,False,False
gemma4-e4b,relation_decision,0,894a3918-a2f6-4443-a0b3-95eb2ae2b065,9bbe84a2,2,3,True,True,1.5,221,141,0,0.6380090497737556,4,type_ii,False,False
gemma4-e4b,relation_decision,0,42a1daf5-2d75-4b43-8dd1-94b1410a6ba7,9d25d4e0,3,2,True,False,0.6666666666666666,210,101,0,0.48095238095238096,4,type_i,False,False
gemma4-e4b,relation_decision,0,c73fd6a4-da19-4445-9600-6d9cb3482745,9ea5eabc,2,2,True,True,1.0,253,98,0,0.38735177865612647,5,type_ii,False,False
gemma4-e4b,relation_decision,0,f62da286-5615-4e1f-916b-b54c77fe6c61,9ee3ecd6,2,2,True,True,1.0,230,59,0,0.2565217391304348,4,type_i,False,False
gemma4-e4b,relation_decision,0,5773fe08-5206-417e-831d-ed372965a91a,a06e4cfe,1,1,True,True,1.0,250,118,83,0.472,4,type_i,True,False
gemma4-e4b,relation_decision,0,ed0c68d8-18f6-41cb-92b4-51d5750f708d,a08a253f,2,2,True,True,1.0,213,105,52,0.49295774647887325,4,type_i,True,False
gemma4-e4b,relation_decision,0,b7e508bd-f98e-4057-86cf-e4d85d4c255c,a11281a2,2,2,True,True,1.0,231,97,75,0.4199134199134199,4,type_i,True,False
gemma4-e4b,relation_decision,0,8bd0cb41-47f8-4599-8288-07fc2aad576a,a1cc6108,3,3,True,True,1.0,239,134,0,0.5606694560669456,5,type_i,False,False
gemma4-e4b,relation_decision,0,ff46488b-e334-408d-9cc0-65bda18b9d58,a1eacc2a,2,2,True,True,1.0,240,160,0,0.6666666666666666,4,type_ii,False,False
gemma4-e4b,relation_decision,0,e707509a-9a3a-455c-b301-197ac4694c08,a2f3aa27,2,2,True,True,1.0,226,112,0,0.49557522123893805,4,type_ii,False,False
gemma4-e4b,relation_decision,0,f57633f1-caa5-4d71-b628-deefd07b7fbb,a3045048,2,2,True,True,1.0,211,97,0,0.4597156398104265,4,type_i,False,False
gemma4-e4b,relation_decision,0,ad14861d-158e-42bc-bc49-afe2398ef6b9,a3332713,2,0,False,False,0.0,231,148,0,0.6406926406926406,5,type_i,False,False
gemma4-e4b,relation_decision,0,ce5e5a02-ca9a-4f19-a1e4-d31451e20c2a,a346bb18,2,1,True,False,0.5,222,152,0,0.6846846846846847,4,type_i,False,False
gemma4-e4b,relation_decision,0,b8d0623c-7a4c-4690-bf07-15aa118acca5,a3838d2b,5,3,True,False,0.6,202,51,0,0.2524752475247525,4,type_i,False,False
gemma4-e4b,relation_decision,0,9351151b-f280-4f23-8bdb-8fae5d6e7f06,a40e080f,3,2,True,False,0.6666666666666666,220,58,92,0.2636363636363636,3,type_i,True,False
gemma4-e4b,relation_decision,0,bd6e41b6-828d-4233-957d-76e0e1e0dd3a,a4996e51,2,1,True,False,0.5,253,184,0,0.7272727272727273,4,type_i,False,False
gemma4-e4b,relation_decision,0,52d5c053-2031-4d79-8fc7-789f534b96f8,a82c026e,1,1,True,True,1.0,254,92,0,0.36220472440944884,5,type_i,False,False
gemma4-e4b,relation_decision,0,6e69fe24-f203-47e9-b5d4-e93c7183df99,a89d7624,2,1,True,False,0.5,225,97,0,0.4311111111111111,5,type_i,False,False
gemma4-e4b,relation_decision,0,ebc8820f-67d7-4620-b8d6-0988b163abbd,a96c20ee,1,1,True,True,1.0,213,118,49,0.5539906103286385,4,type_i,True,False
gemma4-e4b,relation_decision,0,0b0db0c1-22ca-4cdb-a940-89e42481824d,a9f6b44c,2,2,True,True,1.0,247,138,0,0.5587044534412956,5,type_i,False,False
gemma4-e4b,relation_decision,0,ba3e3b91-3976-4fe8-b795-2cc13540e701,aae3761f,3,2,True,False,0.6666666666666666,229,138,0,0.6026200873362445,4,type_i,False,False
gemma4-e4b,relation_decision,0,e5c4a372-9114-4ea5-ae8b-3a214eef502b,ac031881,1,1,True,True,1.0,253,94,57,0.3715415019762846,5,type_i,True,False
gemma4-e4b,relation_decision,0,a87b026f-f191-4751-8d82-d651442a5803,ad7109d1,1,1,True,True,1.0,225,168,0,0.7466666666666667,4,type_i,False,False
gemma4-e4b,relation_decision,0,5c8ed265-f220-4088-9945-3fe7c7fc5a42,af082822,1,1,True,True,1.0,213,156,0,0.7323943661971831,4,type_i,False,False
gemma4-e4b,relation_decision,0,1b109c68-3de8-44b7-a287-f9497e35dd5c,af8d2e46,1,1,True,True,1.0,226,137,0,0.6061946902654868,4,type_i,False,False
gemma4-e4b,relation_decision,0,2e9f94b3-2b88-47da-a144-087718a36aee,afdc33df,2,2,True,True,1.0,237,89,59,0.3755274261603376,5,type_i,True,False
gemma4-e4b,relation_decision,0,c6e0a947-5636-4f87-bc2b-0ce649de9556,affe2881,2,2,True,True,1.0,256,195,0,0.76171875,5,type_ii,False,False
gemma4-e4b,relation_decision,0,92fd5600-fb2d-48cc-831a-3b04c977d9af,b01defab,1,1,True,True,1.0,239,49,90,0.20502092050209206,4,type_ii,True,False
gemma4-e4b,relation_decision,0,32933e0c-b9c3-4c76-919f-3597a3a6c7fc,b0479f84,1,1,True,True,1.0,248,97,0,0.3911290322580645,5,type_i,False,False
gemma4-e4b,relation_decision,0,33136f08-aaf6-4ebd-a3b6-575e57b0a700,b29f3365,2,2,True,True,1.0,216,107,0,0.49537037037037035,4,type_i,False,False
gemma4-e4b,relation_decision,0,717fc679-98b8-41d9-98df-1659bb50d0ad,b320f3f8,1,1,True,True,1.0,230,0,90,0.0,4,type_i,True,False
gemma4-e4b,relation_decision,0,87290bd9-491a-4ca2-8047-70032f13ee2b,b3c15d39,2,1,True,False,0.5,241,195,0,0.8091286307053942,5,type_i,False,False
gemma4-e4b,relation_decision,0,91322d76-437e-4d8f-b04a-146f9c1b38d5,b46e15ed,2,2,True,True,1.0,224,51,63,0.22767857142857142,4,type_i,True,False
gemma4-e4b,relation_decision,0,22817ee0-531a-427a-a4de-cc9fbba2b16d,b46e15ee,1,1,True,True,1.0,197,84,73,0.4263959390862944,3,type_i,True,False
gemma4-e4b,relation_decision,0,5de4da6a-8af1-432a-b4c2-07b68f64ba71,b5ef892d,2,2,True,True,1.0,223,114,54,0.5112107623318386,4,type_i,True,False
gemma4-e4b,relation_decision,0,7976f390-4e7a-4c92-855d-a502f220e01b,b6019101,2,2,True,True,1.0,221,48,0,0.2171945701357466,4,type_ii,False,False
gemma4-e4b,relation_decision,0,54aeccfb-31dd-4651-a419-cf9d6efc73d3,b6025781,2,2,True,True,1.0,245,58,0,0.23673469387755103,4,type_i,False,False
gemma4-e4b,relation_decision,0,4d613148-4948-4bd8-89cc-7a4b2b4a3f27,b759caee,1,1,True,True,1.0,221,101,0,0.45701357466063347,4,type_i,False,False
gemma4-e4b,relation_decision,0,ac2da541-d5e0-4f27-8c38-b0147b1832d5,b86304ba,1,1,True,True,1.0,227,172,0,0.7577092511013216,4,type_i,False,False
gemma4-e4b,relation_decision,0,f50a8e0a-c621-4330-be38-ed15ab06edca,b9cfe692,2,2,True,True,1.0,231,126,0,0.5454545454545454,4,type_i,False,False
gemma4-e4b,relation_decision,0,22af899d-434d-45a3-825f-c2ede8cb926d,ba358f49,2,1,True,False,0.5,240,193,0,0.8041666666666667,5,type_i,False,False
gemma4-e4b,relation_decision,0,b654ab50-5e94-4f3c-9fb0-3bc457fad0cf,ba61f0b9,2,2,True,True,1.0,230,107,0,0.4652173913043478,4,type_ii,False,False
gemma4-e4b,relation_decision,0,dbf5a8a7-b46e-4cb4-96f0-fabf669937cf,bb7c3b45,2,2,True,True,1.0,234,100,0,0.42735042735042733,4,type_i,False,False
gemma4-e4b,relation_decision,0,4483eea3-8b58-463e-87ad-7542d115e947,bbf86515,2,3,True,True,1.5,212,99,0,0.4669811320754717,3,type_i,False,False
gemma4-e4b,relation_decision,0,aff42cca-8b24-43be-805d-414eeadd1e48,bc149d6b,2,2,True,True,1.0,252,52,0,0.20634920634920634,5,type_i,False,False
gemma4-e4b,relation_decision,0,e6f2e6b9-0d6a-4953-9b68-451c9dc6e95a,bc8a6e93,1,1,True,True,1.0,253,106,0,0.4189723320158103,5,type_i,False,False
gemma4-e4b,relation_decision,0,66a5895a-6195-4f52-b6ea-489d197c2dc9,bcbe585f,1,1,True,True,1.0,215,105,0,0.4883720930232558,4,type_i,False,False
gemma4-e4b,relation_decision,0,294e97af-7a24-4339-97c6-0432c230124e,bf659f65,3,0,False,False,0.0,236,148,0,0.6271186440677966,5,type_i,False,False
gemma4-e4b,relation_decision,0,16fd3a30-a919-4810-84c4-41e2ed4940da,c14c00dd,1,1,True,True,1.0,244,141,0,0.5778688524590164,5,type_i,False,False
gemma4-e4b,relation_decision,0,3e1cd724-82dd-44fe-8e10-33a54d78bc1e,c18a7dc8,2,1,True,False,0.5,236,140,0,0.5932203389830508,5,type_i,False,False
gemma4-e4b,relation_decision,0,d2ff3703-39de-4b8a-b16e-dda0de2c9141,c19f7a0b,1,1,True,True,1.0,237,62,84,0.2616033755274262,4,type_i,True,False
gemma4-e4b,relation_decision,0,52d2ec2d-b26f-4473-b843-bda77ff60032,c2ac3c61,2,2,True,True,1.0,236,47,45,0.19915254237288135,5,type_i,True,False
gemma4-e4b,relation_decision,0,02fdd0c7-6fa7-448e-96b2-5644f0403a2c,c4a1ceb8,5,2,True,False,0.4,254,135,0,0.531496062992126,5,type_i,False,False
gemma4-e4b,relation_decision,0,807f0a83-3214-46cf-8790-694d232d4fe9,c4ea545c,2,2,True,True,1.0,232,92,96,0.39655172413793105,4,type_ii,True,False
gemma4-e4b,relation_decision,0,c165e44d-5464-47aa-9ea4-636b2f4ca13e,c4f10528,1,1,True,True,1.0,211,157,0,0.7440758293838863,4,type_i,False,False
gemma4-e4b,relation_decision,0,6f66a17a-0208-43b6-ab98-73c79c59402f,c5e8278d,3,3,True,True,1.0,232,143,0,0.6163793103448276,5,type_i,False,False
gemma4-e4b,relation_decision,0,254ceec9-082a-4924-9687-19c60b4faea4,c6853660,2,2,True,True,1.0,231,0,87,0.0,4,type_ii,True,False
gemma4-e4b,relation_decision,0,8b81f810-5dcf-4b0b-adea-f3edb5ce8df1,c7cf7dfd,3,4,True,True,1.3333333333333333,219,58,0,0.2648401826484018,4,type_i,False,False
gemma4-e4b,relation_decision,0,9126dc6c-97e0-4d51-9f1e-895580f50870,c7dc5443,2,2,True,True,1.0,196,111,0,0.5663265306122449,3,type_ii,False,False
gemma4-e4b,relation_decision,0,c88b2c5a-4c27-4a8b-998f-5190a6357f3d,c8090214,2,2,True,True,1.0,227,114,0,0.5022026431718062,4,type_i,False,False
gemma4-e4b,relation_decision,0,fda81770-3e44-4177-a881-c9e44e72ca85,c8c3f81d,1,1,True,True,1.0,245,99,53,0.40408163265306124,5,type_i,True,False
gemma4-e4b,relation_decision,0,948b89ff-3e12-4626-9d13-0f6dff9caf9a,c8f1aeed,1,1,True,True,1.0,240,78,76,0.325,4,type_i,True,False
gemma4-e4b,relation_decision,0,949de7a7-bc08-4a41-b8e3-aef7250f346b,c960da58,1,1,True,True,1.0,244,44,72,0.18032786885245902,5,type_i,True,False
gemma4-e4b,relation_decision,0,0f6e7570-a29b-4824-a72d-49334c118f5c,c9f37c46,2,2,True,True,1.0,217,52,69,0.23963133640552994,4,type_i,True,False
gemma4-e4b,relation_decision,0,e4fc9a76-bd9f-49d4-a14f-dab4b4513846,caf03d32,1,1,True,True,1.0,228,133,0,0.5833333333333334,5,type_i,False,False
gemma4-e4b,relation_decision,0,7ca8c37c-cf2b-4fc2-8682-d17e2b2b4c33,caf9ead2,1,1,True,True,1.0,236,125,0,0.5296610169491526,4,type_i,False,False
gemma4-e4b,relation_decision,0,a9569d7f-d18e-4225-bfe2-6ce4a67ec462,cc06de0d,2,1,True,False,0.5,222,124,54,0.5585585585585585,4,type_i,True,False
gemma4-e4b,relation_decision,0,3fab56e4-1ec9-4c7b-9fd0-6e542ca9513e,cc539528,1,1,True,True,1.0,225,154,0,0.6844444444444444,4,type_i,False,False
gemma4-e4b,relation_decision,0,08d4b861-7dad-4412-a3e6-0e80dbc663fd,cc5ded98,2,0,False,False,0.0,232,232,0,1.0,4,type_ii,False,False
gemma4-e4b,relation_decision,0,72972498-93eb-4dd3-98e1-ae1f66a2cc72,cc6d1ec1,2,2,True,True,1.0,249,49,56,0.19678714859437751,5,type_i,True,False
gemma4-e4b,relation_decision,0,5de92efe-8307-4b2e-b8fa-284230e39e7d,ccb36322,1,1,True,True,1.0,219,46,43,0.2100456621004566,5,type_i,True,False
gemma4-e4b,relation_decision,0,9d87fd3c-67d5-411e-91b6-0dc8d5f6f7dc,ce6d2d27,2,0,False,False,0.0,248,195,0,0.7862903225806451,5,type_ii,False,False
gemma4-e4b,relation_decision,0,f4fe2cc3-2b14-4603-b974-3cd5e3cb16b9,ceb54acb,1,1,True,True,1.0,222,98,0,0.44144144144144143,4,type_i,False,False
gemma4-e4b,relation_decision,0,c245b99b-5b5d-490a-9c86-837f1e6cf56b,cf22b7bf,2,0,False,False,0.0,197,104,0,0.5279187817258884,4,type_ii,False,False
gemma4-e4b,relation_decision,0,7410a5e3-9b8f-43fa-9c2b-6c7c567d185b,d01c6aa8,1,2,True,True,2.0,239,147,0,0.6150627615062761,5,type_i,False,False
gemma4-e4b,relation_decision,0,69e214d9-3468-441c-abe4-d81cc75a299a,d23cf73b,4,4,True,True,1.0,237,0,78,0.0,4,type_i,True,False
gemma4-e4b,relation_decision,0,0a2d5fad-7585-4435-a058-8f0335f7f8b9,d24813b1,1,1,True,True,1.0,241,96,0,0.3983402489626556,5,type_i,False,False
gemma4-e4b,relation_decision,0,8c2edb48-38ba-4446-a545-18fab6276043,d3ab962e,2,2,True,True,1.0,223,106,0,0.47533632286995514,4,type_i,False,False
gemma4-e4b,relation_decision,0,91a0d371-099a-4be8-83e5-4407c82fd17d,d52b4f67,1,1,True,True,1.0,254,142,69,0.5590551181102362,5,type_i,True,False
gemma4-e4b,relation_decision,0,f9ba1fc7-89e9-4812-82ed-2206a437c84b,d596882b,1,1,True,True,1.0,250,51,0,0.204,5,type_i,False,False
gemma4-e4b,relation_decision,0,f5cd460d-942b-496b-9db6-210e688abd07,d6062bb9,2,1,True,False,0.5,229,163,0,0.7117903930131004,4,type_i,False,False
gemma4-e4b,relation_decision,0,3f7e32d5-521f-44e1-a11a-befeb1987fc9,d6233ab6,2,1,True,False,0.5,213,138,0,0.647887323943662,4,type_i,False,False
gemma4-e4b,relation_decision,0,d39f8db8-41ae-45a5-8020-50c3608fd5dd,d682f1a2,3,3,True,True,1.0,243,49,65,0.20164609053497942,5,type_i,True,False
gemma4-e4b,relation_decision,0,478d7e02-f55d-4a51-aea5-5a2c265ba4b9,d7c942c3,2,0,False,False,0.0,242,242,0,1.0,5,type_ii,False,False
gemma4-e4b,relation_decision,0,c85db927-12fb-4f86-b405-165d78d06a96,d851d5ba,4,3,True,False,0.75,215,45,54,0.20930232558139536,4,type_i,True,False
gemma4-e4b,relation_decision,0,0aee4190-897c-43f2-b09d-ab6a425e3864,d905b33f,2,2,True,True,1.0,255,105,0,0.4117647058823529,5,type_i,False,False
gemma4-e4b,relation_decision,0,73d383f4-a41a-415f-9169-11005c5d8655,dad224aa,2,2,True,True,1.0,232,0,102,0.0,4,type_ii,True,False
gemma4-e4b,relation_decision,0,4e5bae01-fe39-4654-bb00-35229f79ea9b,db467c8c,1,1,True,True,1.0,256,144,70,0.5625,5,type_ii,True,False
gemma4-e4b,relation_decision,0,d1a321b6-12a4-41eb-8505-eccf83c23496,dc439ea3,1,1,True,True,1.0,241,51,0,0.21161825726141079,5,type_i,False,False
gemma4-e4b,relation_decision,0,a814d28c-bb8c-471d-bd24-771c03fc30d6,dccbc061,1,1,True,True,1.0,249,147,0,0.5903614457831325,5,type_i,False,False
gemma4-e4b,relation_decision,0,db48a42d-6d0f-46bd-8363-ab96a53bea2b,dcfa8644,2,0,False,False,0.0,220,169,0,0.7681818181818182,4,type_i,False,False
gemma4-e4b,relation_decision,0,93bf646e-aab1-4f94-bcfa-64e9f15c1d34,dd2973ad,2,1,True,False,0.5,253,190,0,0.7509881422924901,4,type_i,False,False
gemma4-e4b,relation_decision,0,8f41a6e5-a6b4-4916-b161-35cafec86552,dfde3500,2,1,True,False,0.5,217,175,0,0.8064516129032258,5,type_ii,False,False
gemma4-e4b,relation_decision,0,f220e37e-b5b2-448c-8f5d-76518818de54,e01b8e2f,1,1,True,True,1.0,204,151,0,0.7401960784313726,4,type_i,False,False
gemma4-e4b,relation_decision,0,f319e55b-4fba-4358-b071-112b2de6103f,e25c3b8d,2,2,True,True,1.0,251,131,0,0.5219123505976095,4,type_i,False,False
gemma4-e4b,relation_decision,0,e0b5c83d-e41e-4367-91a7-64d4f75fb563,e3038f8c,4,2,True,False,0.5,254,150,0,0.5905511811023622,5,type_i,False,False
gemma4-e4b,relation_decision,0,79139aba-ac2d-4f3e-8147-bfc131522efc,e3fc4d6e,1,1,True,True,1.0,237,62,71,0.2616033755274262,4,type_i,True,False
gemma4-e4b,relation_decision,0,c4534d39-4f0d-46d2-8ad6-1be855db951f,e47becba,1,1,True,True,1.0,236,140,0,0.5932203389830508,5,type_i,False,False
gemma4-e4b,relation_decision,0,46fd31e3-3b27-425f-9f43-af8b0a15f984,e48988bc,1,1,True,True,1.0,231,70,0,0.30303030303030304,4,type_i,False,False
gemma4-e4b,relation_decision,0,bb35c66f-50b2-4b9d-8746-4786b3586daa,e493bb7c,2,1,True,False,0.5,199,128,0,0.6432160804020101,3,type_ii,False,False
gemma4-e4b,relation_decision,0,3ee62095-bd3e-41cd-9a71-8fad666ad75b,e4e14d04,2,1,True,False,0.5,212,108,57,0.5094339622641509,4,type_i,True,False
gemma4-e4b,relation_decision,0,772a2b6b-51e8-4f6c-8f7a-970225aee365,e56a43b9,2,2,True,True,1.0,228,108,0,0.47368421052631576,4,type_i,False,False
gemma4-e4b,relation_decision,0,2ccd6bd4-662a-4e55-988b-c2c0559ea05e,e6041065,2,2,True,True,1.0,246,156,0,0.6341463414634146,5,type_i,False,False
gemma4-e4b,relation_decision,0,5dd36fe6-f71d-4ce3-8033-5c69fe05d547,e61a7584,2,2,True,True,1.0,227,95,132,0.4185022026431718,4,type_ii,True,False
gemma4-e4b,relation_decision,0,161bf949-5e43-451c-9f6f-3bf73e9aade2,e66b632c,2,2,True,True,1.0,256,0,148,0.0,3,type_ii,True,False
gemma4-e4b,relation_decision,0,82bbc03e-03b6-41c8-b8a3-1148353dc941,e831120c,2,2,True,True,1.0,223,111,0,0.4977578475336323,4,type_i,False,False
gemma4-e4b,relation_decision,0,7190a2a2-be95-4cb1-a89e-efb0c016505f,e8a79c70,1,1,True,True,1.0,227,74,0,0.32599118942731276,4,type_i,False,False
gemma4-e4b,relation_decision,0,3c720120-a92e-4505-8e1d-a13cde8ae312,e9327a54,1,0,False,False,0.0,204,204,0,1.0,3,type_i,False,False
gemma4-e4b,relation_decision,0,99404a46-1092-4e9a-8412-926d84fff0f7,e982271f,1,1,True,True,1.0,255,51,0,0.2,5,type_i,False,False
gemma4-e4b,relation_decision,0,29c4358b-3b48-461f-9349-c93efaad5199,eac54adc,2,0,False,False,0.0,219,167,0,0.7625570776255708,4,type_i,False,False
gemma4-e4b,relation_decision,0,54e2721e-8ebf-47da-b95b-2e4d4a460918,eac54add,1,0,False,False,0.0,247,162,0,0.6558704453441295,6,type_i,False,False
gemma4-e4b,relation_decision,0,72523aba-f67b-4332-ad41-d1ee9a5bc08c,eaca4986,1,1,True,True,1.0,228,105,0,0.4605263157894737,4,type_i,False,False
gemma4-e4b,relation_decision,0,a7cb508f-3c3d-45a3-b4a5-f5dd7dcc1522,eace081b,2,0,False,False,0.0,240,240,0,1.0,5,type_ii,False,False
gemma4-e4b,relation_decision,0,7c17baac-2e8d-4459-b51f-6157df934973,ec81a493,1,1,True,True,1.0,244,132,0,0.5409836065573771,5,type_i,False,False
gemma4-e4b,relation_decision,0,b8fde49e-fde3-4469-ae78-cb9e99ad2c37,ed4ddc30,2,2,True,True,1.0,245,94,151,0.3836734693877551,4,type_ii,True,False
gemma4-e4b,relation_decision,0,4702dd6c-a04a-4a73-9b30-041692346e90,edced276,2,0,False,False,0.0,220,220,0,1.0,4,type_i,False,False
gemma4-e4b,relation_decision,0,dd64dd94-db5d-4e21-9957-9e8756e16aa3,eeda8a6d,4,4,True,True,1.0,227,0,162,0.0,3,type_i,True,False
gemma4-e4b,relation_decision,0,0da9fa3a-6390-4c56-b4f5-b8a26a41160f,ef66a6e5,2,2,True,True,1.0,236,45,62,0.1906779661016949,5,type_i,True,False
gemma4-e4b,relation_decision,0,be94e22d-4350-48fa-b0a2-d6b042a6ea35,ef9cf60a,2,2,True,True,1.0,239,49,0,0.20502092050209206,5,type_i,False,False
gemma4-e4b,relation_decision,0,265f39ab-679b-47e7-a01b-5214a97381b6,efc3f7c2,2,1,True,False,0.5,238,93,0,0.3907563025210084,5,type_i,False,False
gemma4-e4b,relation_decision,0,6e509547-3c9d-43d4-8b49-0331f5aab3dd,f0853d11,2,1,True,False,0.5,256,82,0,0.3203125,4,type_i,False,False
gemma4-e4b,relation_decision,0,c9bec3a9-415a-470c-be72-2389233b7381,f0e564bc,2,1,True,False,0.5,228,79,0,0.34649122807017546,4,type_i,False,False
gemma4-e4b,relation_decision,0,c6162343-a0d0-42b3-8772-de97a698043a,f35224e0,2,2,True,True,1.0,243,110,0,0.45267489711934156,4,type_i,False,False
gemma4-e4b,relation_decision,0,2af971c0-2c83-4ed8-b728-4152edc1579a,f4f1d8a4,1,1,True,True,1.0,231,0,54,0.0,5,type_i,True,False
gemma4-e4b,relation_decision,0,0334d63b-61c2-43a3-8d8f-cd9b4242bb0b,f523d9fe,1,1,True,True,1.0,218,53,0,0.24311926605504589,4,type_i,False,False
gemma4-e4b,relation_decision,0,f6016ed9-5882-425f-aa1f-54e02d014747,f685340e,2,1,True,False,0.5,230,157,73,0.6826086956521739,4,type_ii,True,False
gemma4-e4b,relation_decision,0,6683de57-b9eb-4da0-a48a-7f5bc9955146,f8c5f88b,1,1,True,True,1.0,243,0,65,0.0,5,type_i,True,False
gemma4-e4b,relation_decision,0,16f08e03-9431-4bc0-a041-3e531fbfb1b9,f9e8c073,2,1,True,False,0.5,244,186,0,0.7622950819672131,5,type_ii,False,False
gemma4-e4b,relation_decision,0,627aff73-92b3-47ce-9602-c4bd44b8ef63,faba32e5,1,1,True,True,1.0,223,168,0,0.7533632286995515,4,type_i,False,False
gemma4-e4b,relation_decision,0,a97d8afc-18f3-4d9a-ae1f-41b14a7bb473,fca70973,6,0,False,False,0.0,235,235,0,1.0,4,type_i,False,False
gemma4-e4b,relation_decision,0,f738471a-c7db-4faf-bf9e-789ff90e5e38,fca762bc,1,1,True,True,1.0,252,100,0,0.3968253968253968,5,type_i,False,False
gemma4-e4b,relation_decision,0,fd895745-8f47-4ad5-8a57-cbb8508e7733,fea54f57,1,1,True,True,1.0,253,52,0,0.20553359683794467,5,type_i,False,False
gemma4-e4b,relation_decision,0,f345458a-441f-4f80-a096-900adc8da247,gpt4_0a05b494,2,2,True,True,1.0,253,139,0,0.549407114624506,5,type_i,False,False
gemma4-e4b,relation_decision,0,671968ae-83ee-4c2a-8e1f-d0197433ea89,gpt4_0b2f1d21,2,2,True,True,1.0,250,105,0,0.42,5,type_i,False,False
gemma4-e4b,relation_decision,0,9681edea-08dc-47e4-843e-fee7fe58eebf,gpt4_15e38248,4,3,True,False,0.75,236,45,76,0.1906779661016949,4,type_i,True,False
gemma4-e4b,relation_decision,0,1942a40b-0ebe-475a-8153-d2fa377ae405,gpt4_18c2b244,3,2,True,False,0.6666666666666666,211,0,0,0.0,4,type_i,False,False
gemma4-e4b,relation_decision,0,92adc4d5-c101-4f9a-9b57-635ba5d95522,gpt4_1916e0ea,2,2,True,True,1.0,248,93,0,0.375,5,type_i,False,False
gemma4-e4b,relation_decision,0,d05ab6b8-f2f1-4a29-9438-f2414d41c0f4,gpt4_194be4b3,5,2,True,False,0.4,233,101,0,0.4334763948497854,4,type_i,False,False
gemma4-e4b,relation_decision,0,f0d419df-6fbc-4324-8499-1319da8a9968,gpt4_1a1dc16d,2,1,True,False,0.5,234,133,0,0.5683760683760684,5,type_i,False,False
gemma4-e4b,relation_decision,0,15c1b078-b3f1-45be-b12e-f5c82880113c,gpt4_1d4ab0c9,2,2,True,True,1.0,207,94,0,0.45410628019323673,4,type_i,False,False
gemma4-e4b,relation_decision,0,1431c56b-36ab-4236-ab21-a11e79b95a36,gpt4_1d80365e,2,2,True,True,1.0,215,102,0,0.4744186046511628,4,type_i,False,False
gemma4-e4b,relation_decision,0,6411f173-4a71-4e97-ac40-480966f36228,gpt4_1e4a8aeb,2,1,True,False,0.5,250,60,0,0.24,5,type_i,False,False
gemma4-e4b,relation_decision,0,d2f4cbfa-5759-4491-be0c-fe0360478759,gpt4_1e4a8aec,1,1,True,True,1.0,229,43,55,0.18777292576419213,5,type_i,True,False
gemma4-e4b,relation_decision,0,29be8a18-f531-4d8b-ac91-2f1c41853eb1,gpt4_213fd887,2,0,False,False,0.0,214,109,0,0.5093457943925234,4,type_i,False,False
gemma4-e4b,relation_decision,0,d6dbc940-d7da-4601-b7e8-bbfa34f37f29,gpt4_21adecb5,2,2,True,True,1.0,238,49,55,0.20588235294117646,5,type_i,True,False
gemma4-e4b,relation_decision,0,35b9e2e4-54b7-4a6f-afcd-272a05de6df3,gpt4_2312f94c,2,1,True,False,0.5,212,115,0,0.5424528301886793,4,type_i,False,False
gemma4-e4b,relation_decision,0,80f299b3-c681-45c1-afea-d492fccea145,gpt4_2487a7cb,2,0,False,False,0.0,207,207,0,1.0,3,type_i,False,False
gemma4-e4b,relation_decision,0,d20b962d-3fbf-4c99-b746-e23d5408c301,gpt4_2655b836,2,1,True,False,0.5,215,54,0,0.25116279069767444,4,type_i,False,False
gemma4-e4b,relation_decision,0,d44b2bd1-8268-4e71-844d-c4df28af610a,gpt4_2ba83207,4,1,True,False,0.25,231,137,0,0.5930735930735931,5,type_i,False,False
gemma4-e4b,relation_decision,0,7db9e971-1049-466f-8880-ee2acaf553a9,gpt4_2c50253f,3,1,True,False,0.3333333333333333,187,76,0,0.40641711229946526,3,type_i,False,False
gemma4-e4b,relation_decision,0,a5ae8c26-f3c4-45ee-afa5-b562d5bcf747,gpt4_2d58bcd6,2,2,True,True,1.0,251,127,0,0.5059760956175299,4,type_i,False,False
gemma4-e4b,relation_decision,0,4cfe4f2f-efad-47c5-b18d-36d40752c1e5,gpt4_2f56ae70,3,3,True,True,1.0,246,89,99,0.3617886178861789,5,type_i,True,False
gemma4-e4b,relation_decision,0,bd5352c4-b9d0-4f4f-8011-438997fdb307,gpt4_2f584639,2,1,True,False,0.5,230,131,0,0.5695652173913044,5,type_i,False,False
gemma4-e4b,relation_decision,0,e4d71ad5-bc18-4f31-aee7-9bc7beeea271,gpt4_2f8be40d,4,2,True,False,0.5,242,172,70,0.7107438016528925,5,type_i,True,False
gemma4-e4b,relation_decision,0,6ffb6130-e8f4-490c-a160-b1fabe2a2d60,gpt4_2f91af09,3,2,True,False,0.6666666666666666,227,110,63,0.4845814977973568,4,type_i,True,False
gemma4-e4b,relation_decision,0,bf58d462-86e0-42ea-a90b-e57b42a426b7,gpt4_31ff4165,4,0,False,False,0.0,221,221,0,1.0,4,type_i,False,False
gemma4-e4b,relation_decision,0,fdefe68b-f4fe-4550-b8d9-b2e5beb4b721,gpt4_372c3eed,4,4,True,True,1.0,254,0,46,0.0,5,type_i,True,False
gemma4-e4b,relation_decision,0,d718c141-0a3a-41d3-a9a4-1a18580d79bc,gpt4_385a5000,2,2,True,True,1.0,250,55,58,0.22,5,type_i,True,False
gemma4-e4b,relation_decision,0,18955506-b5bc-46a6-a286-0d6afdec1d48,gpt4_45189cb4,3,3,True,True,1.0,246,54,55,0.21951219512195122,5,type_i,True,False
gemma4-e4b,relation_decision,0,2e6485ca-8ada-4ce4-9179-6a528c881335,gpt4_468eb063,1,1,True,True,1.0,252,48,0,0.19047619047619047,5,type_i,False,False
gemma4-e4b,relation_decision,0,92309a11-f6a0-4946-bd6f-58d31d535ef7,gpt4_468eb064,1,1,True,True,1.0,243,184,0,0.757201646090535,5,type_i,False,False
gemma4-e4b,relation_decision,0,b6ca5d5f-3d84-461e-815f-5c7d46cf9a0b,gpt4_483dd43c,2,2,True,True,1.0,238,131,0,0.5504201680672269,4,type_i,False,False
gemma4-e4b,relation_decision,0,be180796-a336-48c2-b948-ec7b11802f20,gpt4_4929293a,2,1,True,False,0.5,245,93,0,0.3795918367346939,5,type_i,False,False
gemma4-e4b,relation_decision,0,4b6f04f1-0e08-4be4-a296-7d32674c29cb,gpt4_4929293b,1,1,True,True,1.0,214,158,0,0.7383177570093458,4,type_i,False,False
gemma4-e4b,relation_decision,0,d019703f-7622-461a-9689-0f6bd60656e5,gpt4_4cd9eba1,2,2,True,True,1.0,254,98,0,0.3858267716535433,5,type_i,False,False
gemma4-e4b,relation_decision,0,74d9c80f-c463-4156-8e47-779956a034f3,gpt4_4edbafa2,1,0,False,False,0.0,220,220,0,1.0,4,type_i,False,False
gemma4-e4b,relation_decision,0,d12e0b5f-e17b-4e0f-9d2f-1030776ada8a,gpt4_4ef30696,2,3,True,True,1.5,222,100,0,0.45045045045045046,4,type_i,False,False
gemma4-e4b,relation_decision,0,47c5114c-cbe0-4d63-b505-a480f5a6f27d,gpt4_4fc4f797,2,2,True,True,1.0,253,47,0,0.1857707509881423,5,type_i,False,False
gemma4-e4b,relation_decision,0,a66c7c42-5a90-4280-b1f8-fe976aec17c0,gpt4_5438fa52,1,1,True,True,1.0,234,44,0,0.18803418803418803,5,type_i,False,False
gemma4-e4b,relation_decision,0,450a40cf-bf17-4ea2-8b06-17262f9a3862,gpt4_5501fe77,2,2,True,True,1.0,220,90,0,0.4090909090909091,4,type_i,False,False
gemma4-e4b,relation_decision,0,6ae9b133-718b-452c-ae70-576636ed315e,gpt4_59149c77,2,2,True,True,1.0,228,56,62,0.24561403508771928,4,type_i,True,False
gemma4-e4b,relation_decision,0,a23df3fc-7a2f-4f54-8f93-ada56da6b487,gpt4_59149c78,1,0,False,False,0.0,240,91,0,0.37916666666666665,5,type_i,False,False
gemma4-e4b,relation_decision,0,a218a3cc-821b-4d36-ab93-e49b5ed67441,gpt4_59c863d7,5,3,True,False,0.6,244,57,0,0.2336065573770492,4,type_i,False,False
gemma4-e4b,relation_decision,0,28099f05-02fe-43f6-9510-d3dbbdc6c6de,gpt4_5dcc0aab,1,1,True,True,1.0,254,94,0,0.3700787401574803,5,type_i,False,False
gemma4-e4b,relation_decision,0,64262868-80cd-417c-b8da-934e7616cacf,gpt4_61e13b3c,2,2,True,True,1.0,225,161,0,0.7155555555555555,4,type_i,False,False
gemma4-e4b,relation_decision,0,18e948b2-0b93-4286-b297-084cdd0ff934,gpt4_65aabe59,2,2,True,True,1.0,242,87,0,0.359504132231405,5,type_i,False,False
gemma4-e4b,relation_decision,0,f7c00e48-98db-4000-b9ae-7ca269051fef,gpt4_68e94287,2,2,True,True,1.0,186,72,54,0.3870967741935484,3,type_i,True,False
gemma4-e4b,relation_decision,0,3ef45995-a7ce-469a-964c-1027246fd891,gpt4_68e94288,1,1,True,True,1.0,212,107,58,0.5047169811320755,4,type_i,True,False
gemma4-e4b,relation_decision,0,9f2f233f-181a-4abc-9b9a-a0a9a0a7dd05,gpt4_6dc9b45b,1,1,True,True,1.0,205,100,0,0.4878048780487805,4,type_i,False,False
gemma4-e4b,relation_decision,0,de7d617c-b3ac-4fe5-abcf-c83e4587839b,gpt4_6ed717ea,2,2,True,True,1.0,221,160,0,0.7239819004524887,4,type_i,False,False
gemma4-e4b,relation_decision,0,ab582be8-9b99-4899-8323-f5286c15d3ad,gpt4_70e84552,2,1,True,False,0.5,219,108,0,0.4931506849315068,4,type_i,False,False
gemma4-e4b,relation_decision,0,8308fc31-2957-4e6f-abf0-9620396e1536,gpt4_731e37d7,4,3,True,False,0.75,220,51,52,0.2318181818181818,4,type_i,True,False
gemma4-e4b,relation_decision,0,59e3c8be-b7a9-4543-944f-364e1ae23232,gpt4_74aed68e,2,2,True,True,1.0,210,101,0,0.48095238095238096,4,type_i,False,False
gemma4-e4b,relation_decision,0,5e759e59-165f-4e61-aec9-9d00d9216f0d,gpt4_76048e76,2,2,True,True,1.0,210,60,0,0.2857142857142857,4,type_i,False,False
gemma4-e4b,relation_decision,0,945511bc-1ee5-4cbe-9dcc-017b297f7769,gpt4_78cf46a3,2,1,True,False,0.5,240,185,0,0.7708333333333334,5,type_i,False,False
gemma4-e4b,relation_decision,0,7a556eb8-3123-4499-83cf-6b01361998be,gpt4_7a0daae1,2,1,True,False,0.5,237,50,0,0.2109704641350211,5,type_i,False,False
gemma4-e4b,relation_decision,0,879a8e77-7d9c-479f-919a-991de1c6e969,gpt4_7abb270c,6,0,False,False,0.0,237,103,0,0.4345991561181435,5,type_i,False,False
gemma4-e4b,relation_decision,0,49b5fc2b-5e86-4e6f-beb9-996c38cdbc5c,gpt4_7bc6cf22,1,1,True,True,1.0,227,163,0,0.7180616740088106,4,type_i,False,False
gemma4-e4b,relation_decision,0,69431dd6-48da-42ba-a002-d4dbf21d8484,gpt4_7ca326fa,3,3,True,True,1.0,248,51,0,0.2056451612903226,5,type_i,False,False
gemma4-e4b,relation_decision,0,d37ae8b0-ea39-4b70-8a44-517158082038,gpt4_7ddcf75f,1,1,True,True,1.0,211,152,0,0.7203791469194313,4,type_i,False,False
gemma4-e4b,relation_decision,0,0555e50f-c265-476f-958e-f14a46173589,gpt4_7de946e7,2,2,True,True,1.0,253,0,52,0.0,5,type_i,True,False
gemma4-e4b,relation_decision,0,e89c2af4-7ebe-497b-9bf9-6c1928115351,gpt4_7f6b06db,3,0,False,False,0.0,251,162,0,0.6454183266932271,5,type_i,False,False
gemma4-e4b,relation_decision,0,493d365d-1853-4851-aa33-09a38a075f79,gpt4_7fce9456,5,3,True,False,0.6,233,59,57,0.2532188841201717,4,type_i,True,False
gemma4-e4b,relation_decision,0,d459abfd-ba5b-499f-a5c4-4220d95f3c07,gpt4_8279ba02,1,1,True,True,1.0,228,90,0,0.39473684210526316,5,type_i,False,False
gemma4-e4b,relation_decision,0,49214c34-e875-412e-8a12-d3069ecfc7db,gpt4_8279ba03,1,0,False,False,0.0,236,192,0,0.8135593220338984,5,type_i,False,False
gemma4-e4b,relation_decision,0,02a465fc-57fb-4ef8-b4aa-497bf072ec55,gpt4_85da3956,1,1,True,True,1.0,235,74,0,0.3148936170212766,4,type_i,False,False
gemma4-e4b,relation_decision,0,b74902bc-9663-4528-ba6a-bac62eb9b75b,gpt4_88806d6e,2,2,True,True,1.0,228,90,0,0.39473684210526316,5,type_i,False,False
gemma4-e4b,relation_decision,0,0e18ec00-8f80-4140-87d0-af428a7d5beb,gpt4_8c8961ae,2,1,True,False,0.5,251,102,0,0.4063745019920319,5,type_i,False,False
gemma4-e4b,relation_decision,0,38d3edb1-87d4-44af-a811-f59059d5303e,gpt4_8e165409,2,1,True,False,0.5,217,105,0,0.4838709677419355,4,type_i,False,False
gemma4-e4b,relation_decision,0,19872608-89e3-4f31-a84d-9b710487ae81,gpt4_93159ced,2,3,True,True,1.5,255,95,0,0.37254901960784315,5,type_i,False,False
gemma4-e4b,relation_decision,0,bdc38a83-49dd-4fe8-8563-88a325c6b203,gpt4_93f6379c,2,1,True,False,0.5,232,131,0,0.5646551724137931,4,type_i,False,False
gemma4-e4b,relation_decision,0,2cfd9a75-9cc1-48fb-9d3d-45d9eaf080f8,gpt4_98f46fc6,2,2,True,True,1.0,223,120,0,0.5381165919282511,3,type_i,False,False
gemma4-e4b,relation_decision,0,0f48f6e6-ff9d-4404-995e-c13308d874dc,gpt4_9a159967,3,4,True,True,1.3333333333333333,231,44,0,0.19047619047619047,5,type_i,False,False
gemma4-e4b,relation_decision,0,9f883ed1-8150-4dbd-aa2c-2524ad47f9cb,gpt4_a1b77f9c,6,4,True,False,0.6666666666666666,234,0,0,0.0,4,type_i,False,False
gemma4-e4b,relation_decision,0,25646ce1-3c94-4976-babf-669f3d42f0b5,gpt4_a2d1d1f6,1,1,True,True,1.0,248,140,0,0.5645161290322581,4,type_i,False,False
gemma4-e4b,relation_decision,0,4a27314b-2495-44a2-ad9c-0cb3a20c375a,gpt4_a56e767c,4,3,True,False,0.75,227,104,0,0.4581497797356828,5,type_i,False,False
gemma4-e4b,relation_decision,0,6cd4893d-7563-411b-a202-8a67c7c72cf3,gpt4_ab202e7f,5,2,True,False,0.4,207,105,0,0.5072463768115942,4,type_i,False,False
gemma4-e4b,relation_decision,0,8e344e52-119e-4afd-a682-3359427246d5,gpt4_af6db32f,1,1,True,True,1.0,246,44,0,0.17886178861788618,5,type_i,False,False
gemma4-e4b,relation_decision,0,06599998-5a05-449a-8727-6ce255dcc1e1,gpt4_b0863698,1,1,True,True,1.0,230,103,77,0.44782608695652176,4,type_i,True,False
gemma4-e4b,relation_decision,0,8f009168-6d34-445a-abcf-bbcd766ed206,gpt4_b4a80587,2,2,True,True,1.0,223,107,0,0.4798206278026906,4,type_i,False,False
gemma4-e4b,relation_decision,0,d3e452b1-6ee9-4e80-882a-cd5adb8d99b5,gpt4_b5700ca0,1,1,True,True,1.0,215,0,57,0.0,4,type_i,True,False
gemma4-e4b,relation_decision,0,8e66be09-7cdf-4767-96af-eab782d78201,gpt4_b5700ca9,1,1,True,True,1.0,252,101,0,0.4007936507936508,5,type_i,False,False
gemma4-e4b,relation_decision,0,4d6d5bff-81df-477d-9eb9-e89ff9f8ad0c,gpt4_c27434e8,2,2,True,True,1.0,231,52,0,0.22510822510822512,4,type_i,False,False
gemma4-e4b,relation_decision,0,7fc4c7e2-c355-491d-b42d-9eeb867b1a95,gpt4_cd90e484,2,1,True,False,0.5,226,170,0,0.7522123893805309,4,type_i,False,False
gemma4-e4b,relation_decision,0,38b311c8-4914-413d-93f3-6a7161e60713,gpt4_d12ceb0e,6,3,True,False,0.5,224,95,0,0.42410714285714285,5,type_i,False,False
gemma4-e4b,relation_decision,0,9b2855b7-305e-41f8-998a-0ccae6161351,gpt4_d31cdae3,2,1,True,False,0.5,256,136,0,0.53125,4,type_i,False,False
gemma4-e4b,relation_decision,0,e28a12b3-8cd2-4b85-9de0-1415e25a01c4,gpt4_d6585ce8,5,2,True,False,0.4,254,103,0,0.40551181102362205,5,type_i,False,False
gemma4-e4b,relation_decision,0,98aab43a-dbf2-4387-9d3b-f473a1996a7b,gpt4_d6585ce9,1,0,False,False,0.0,231,146,0,0.6320346320346321,5,type_i,False,False
gemma4-e4b,relation_decision,0,3175f8da-10f4-475d-99eb-d5620563d5a1,gpt4_d84a3211,3,2,True,False,0.6666666666666666,239,112,0,0.4686192468619247,4,type_i,False,False
gemma4-e4b,relation_decision,0,5fec65ca-4ad8-42e7-a4c9-21c9bf932cc2,gpt4_d9af6064,1,1,True,True,1.0,237,89,0,0.3755274261603376,5,type_i,False,False
gemma4-e4b,relation_decision,0,e4e97916-1ef7-43f5-b935-8d76ab4941ff,gpt4_e05b82a6,6,3,True,False,0.5,204,54,0,0.2647058823529412,4,type_i,False,False
gemma4-e4b,relation_decision,0,ea02d61c-b163-45b4-bbf9-36732245d08e,gpt4_e061b84f,3,1,True,False,0.3333333333333333,212,159,53,0.75,4,type_i,True,False
gemma4-e4b,relation_decision,0,fd49de12-db55-475f-8263-880b50e4f56c,gpt4_e061b84g,1,1,True,True,1.0,210,91,0,0.43333333333333335,4,type_i,False,False
gemma4-e4b,relation_decision,0,325a6da7-bdba-42e1-a6bf-393f27349639,gpt4_e072b769,1,1,True,True,1.0,237,100,0,0.4219409282700422,5,type_i,False,False
gemma4-e4b,relation_decision,0,3619e3fc-44c5-4af7-a2e5-4236872b6cb4,gpt4_e414231e,2,1,True,False,0.5,211,156,0,0.7393364928909952,4,type_i,False,False
gemma4-e4b,relation_decision,0,703c1800-4332-4007-8980-fa1ccf083bdc,gpt4_e414231f,1,2,True,True,2.0,255,51,0,0.2,5,type_i,False,False
gemma4-e4b,relation_decision,0,691f9e73-4d91-4b04-a81f-c2bc091190b7,gpt4_ec93e27f,2,1,True,False,0.5,235,143,0,0.6085106382978723,5,type_i,False,False
gemma4-e4b,relation_decision,0,c9fcccfa-eefa-4b70-9ed0-2dece2cc1694,gpt4_f2262a51,3,2,True,False,0.6666666666666666,237,150,0,0.6329113924050633,5,type_i,False,False
gemma4-e4b,relation_decision,0,b4b230e8-28bb-4e29-8c8a-6ad1f0ed43d9,gpt4_f420262c,4,2,True,False,0.5,223,103,67,0.4618834080717489,4,type_i,True,False
gemma4-e4b,relation_decision,0,f8686867-8497-4ad4-9b46-27f62ca1410c,gpt4_f420262d,1,1,True,True,1.0,234,183,0,0.782051282051282,5,type_i,False,False
gemma4-e4b,relation_decision,0,28531c7c-40da-4b14-86ba-0956d75d6666,gpt4_f49edff3,3,3,True,True,1.0,212,45,0,0.21226415094339623,4,type_i,False,False
gemma4-e4b,relation_decision,0,7ced08f4-07e8-45b4-8478-3fd9385475d1,gpt4_fa19884c,2,1,True,False,0.5,211,153,0,0.7251184834123223,4,type_i,False,False
gemma4-e4b,relation_decision,0,ce977133-22af-4c32-8963-936d95141b45,gpt4_fa19884d,1,0,False,False,0.0,252,252,0,1.0,5,type_i,False,False
gemma4-e4b,relation_decision,0,c04a5450-7486-49bc-a6b4-9392e8fc2623,gpt4_fe651585,2,0,False,False,0.0,211,148,0,0.7014218009478673,3,type_i,False,False
gemma4-e4b,evermemos,0,87f097fd-32d3-40e6-b064-ba773a5232ec,001be529,1,0,False,False,0.0,228,155,0,0.6798245614035088,4,type_i,False,True
gemma4-e4b,evermemos,0,f79e164a-a5ea-496b-ba7a-be1847f54847,00ca467f,2,0,False,False,0.0,254,96,0,0.3779527559055118,4,type_i,False,True
gemma4-e4b,evermemos,0,1b321d43-0df2-4cd5-8463-1ba2ef7999b7,0100672e,2,1,True,False,0.5,218,84,0,0.3853211009174312,4,type_i,False,False
gemma4-e4b,evermemos,0,12c8972f-d9ce-4dfd-82aa-bd6dc9f9e7a3,01493427,2,0,False,False,0.0,253,253,0,1.0,5,type_ii,False,True
gemma4-e4b,evermemos,0,18c3b2d1-4703-4c76-b9c2-617c4aa05898,031748ae,2,1,True,False,0.5,220,46,0,0.20909090909090908,3,type_ii,False,False
gemma4-e4b,evermemos,0,52121543-cc3b-4493-aaac-32b63715c93e,06878be2,1,0,False,False,0.0,218,218,0,1.0,5,type_i,False,True
gemma4-e4b,evermemos,0,7ad381af-2c57-4ac7-abbc-d1ab8e4ed60c,06db6396,2,0,False,False,0.0,220,132,0,0.6,5,type_ii,False,True
gemma4-e4b,evermemos,0,4af337a8-32b6-4d8b-a623-2456cdfb7616,06f04340,3,0,False,False,0.0,216,216,0,1.0,4,type_i,False,True
gemma4-e4b,evermemos,0,d97c5a29-8d09-4a9c-8411-d7342f33c5ef,07741c44,2,0,False,False,0.0,239,239,0,1.0,5,type_ii,False,True
gemma4-e4b,evermemos,0,dcbddf76-81c1-435e-be84-5f30d6d2d75e,07741c45,2,0,False,False,0.0,235,235,0,1.0,5,type_ii,False,True
gemma4-e4b,evermemos,0,3f41aa63-d44e-4383-b195-32a655134eea,078150f1,2,0,False,False,0.0,235,132,0,0.5617021276595745,4,type_i,False,True
gemma4-e4b,evermemos,0,294ae4d8-cddd-49e3-9139-f34ed8bb78e5,07b6f563,1,0,False,False,0.0,241,177,0,0.7344398340248963,5,type_i,False,False
gemma4-e4b,evermemos,0,f40ab742-4da7-4785-9af8-99662ca0ce6e,0862e8bf,1,0,False,False,0.0,253,253,0,1.0,6,type_i,False,True
gemma4-e4b,evermemos,0,9cc8b533-f8b2-4b08-a52d-e3e9b6129057,08e075c7,1,0,False,False,0.0,247,247,0,1.0,5,type_ii,False,True
gemma4-e4b,evermemos,0,c50ecdaa-e050-47ab-b211-0ab30c4d0e05,08f4fc43,2,0,False,False,0.0,216,104,0,0.48148148148148145,3,type_i,False,True
gemma4-e4b,evermemos,0,b3857e59-5aa2-49c2-8787-f61358d64776,0977f2af,2,1,True,False,0.5,245,133,0,0.5428571428571428,5,type_ii,False,False
gemma4-e4b,evermemos,0,31a649cd-a136-443a-aa34-46aa887df82e,099778bb,2,1,True,False,0.5,245,181,0,0.7387755102040816,5,type_i,False,False
gemma4-e4b,evermemos,0,a554d24f-d6ea-40ac-865a-82065f99db54,09ba9854,2,2,True,True,1.0,238,48,0,0.20168067226890757,4,type_i,False,False
gemma4-e4b,evermemos,0,4c207703-8723-40c2-8720-cbde2d441012,09d032c9,2,0,False,False,0.0,235,160,0,0.6808510638297872,4,type_i,False,True
gemma4-e4b,evermemos,0,a34a15bf-c977-45d2-9243-efc3b564b89e,0a34ad58,2,0,False,False,0.0,222,139,0,0.6261261261261262,4,type_i,False,True
gemma4-e4b,evermemos,0,5e0482c5-b6eb-4e99-9d57-7bd48b9835d0,0a995998,3,0,False,False,0.0,228,228,0,1.0,5,type_i,False,True
gemma4-e4b,evermemos,0,93d7dd2c-1f4e-487e-ba94-b1ee4f9be1db,0bb5a684,2,1,True,False,0.5,214,0,0,0.0,4,type_i,False,False
gemma4-e4b,evermemos,0,907b28db-a71e-4b0c-8283-c73dc34ba626,0bc8ad92,2,0,False,False,0.0,234,234,0,1.0,5,type_i,False,True
gemma4-e4b,evermemos,0,b3ed8658-f937-4279-a424-94b951a2d363,0bc8ad93,1,0,False,False,0.0,245,245,0,1.0,5,type_i,False,True
gemma4-e4b,evermemos,0,b86f55de-7185-4c68-9057-02e12dba2637,0db4c65d,2,1,True,False,0.5,249,0,0,0.0,3,type_i,False,False
gemma4-e4b,evermemos,0,51539de1-4db6-426a-b650-1a25f9edcf34,0ddfec37,2,0,False,False,0.0,256,256,0,1.0,5,type_ii,False,True
gemma4-e4b,evermemos,0,db8ee968-0ec8-4497-9d6c-999fcdfdbd5d,0e4e4c46,2,0,False,False,0.0,248,198,0,0.7983870967741935,5,type_ii,False,True
gemma4-e4b,evermemos,0,531249a1-8e89-47d6-be61-945af4fd11cb,0e5e2d1a,1,1,True,True,1.0,209,53,0,0.2535885167464115,3,type_i,False,False
gemma4-e4b,evermemos,0,0e1e683e-945c-4b80-932c-17c828278078,0ea62687,2,1,True,False,0.5,199,45,0,0.22613065326633167,3,type_i,False,False
gemma4-e4b,evermemos,0,08bdcd12-8870-4497-9d83-a1e8de0a53e2,0edc2aef,1,0,False,False,0.0,228,228,0,1.0,5,type_i,False,False
gemma4-e4b,evermemos,0,9be4db64-60fd-4b6f-9227-22e4029786fd,0f05491a,2,0,False,False,0.0,191,52,0,0.27225130890052357,2,type_ii,False,True
gemma4-e4b,evermemos,0,7d225fd7-63ac-4177-9584-e1118fe938d9,10d9b85a,3,0,False,False,0.0,254,254,0,1.0,5,type_i,False,True
gemma4-e4b,evermemos,0,9b50c82d-0bc8-4bc5-bc8e-5b2bd1796ad6,10e09553,2,0,False,False,0.0,252,252,0,1.0,5,type_ii,False,True
gemma4-e4b,evermemos,0,b1fa519d-62e1-40ea-9975-f77c0279d034,118b2229,1,1,True,True,1.0,236,191,0,0.809322033898305,5,type_i,False,False
gemma4-e4b,evermemos,0,cd512701-7a38-4372-8f57-7e759ddaeec4,1192316e,2,2,True,True,1.0,245,128,0,0.5224489795918368,5,type_i,False,False
gemma4-e4b,evermemos,0,6738468a-a129-49df-8676-a03fe8577b24,129d1232,3,0,False,False,0.0,250,135,0,0.54,4,type_i,False,True
gemma4-e4b,evermemos,0,96bcc3be-130d-4958-9cdb-edba25e2fc34,1568498a,1,0,False,False,0.0,239,169,0,0.7071129707112971,4,type_i,False,True
gemma4-e4b,evermemos,0,3fa7fdd2-f94b-4454-8f6d-2d57a6765410,15745da0,1,0,False,False,0.0,235,235,0,1.0,5,type_i,False,True
gemma4-e4b,evermemos,0,e3760e42-40ad-4327-86b8-254c6c345ae4,157a136e,2,0,False,False,0.0,237,178,0,0.7510548523206751,5,type_i,False,True
gemma4-e4b,evermemos,0,7dca1d20-0c54-4048-8034-10ccb18f4e35,16c90bf4,1,1,True,True,1.0,236,98,0,0.4152542372881356,4,type_i,False,False
gemma4-e4b,evermemos,0,21240c71-0e22-42c7-8fa1-be3287e02cad,184da446,2,0,False,False,0.0,209,209,0,1.0,4,type_ii,False,True
gemma4-e4b,evermemos,0,b511b846-670d-4c6e-b036-1333757b2b00,18bc8abd,2,1,True,False,0.5,201,144,0,0.7164179104477612,4,type_ii,False,False
gemma4-e4b,evermemos,0,0d426451-8826-46e4-b8e6-27e59efa9b19,18dcd5a5,1,1,True,True,1.0,217,60,0,0.2764976958525346,3,type_i,False,False
gemma4-e4b,evermemos,0,edc9b385-39a3-467f-9175-2d5d70e13e20,1903aded,1,1,True,True,1.0,240,94,0,0.39166666666666666,4,type_i,False,False
gemma4-e4b,evermemos,0,30f60618-624c-4fdb-9e40-62aa904d1bd2,195a1a1b,1,0,False,False,0.0,231,231,0,1.0,5,type_i,False,False
gemma4-e4b,evermemos,0,3bd36286-e0c3-4395-9c8b-4c4bbd5d4605,19b5f2b3,1,0,False,False,0.0,232,232,0,1.0,5,type_i,False,True
gemma4-e4b,evermemos,0,ff4f7ccd-bb37-4853-8570-2a2bdb65333f,1a1907b4,1,0,False,False,0.0,228,228,0,1.0,5,type_i,False,True
gemma4-e4b,evermemos,0,9aa91cd6-b258-4d4a-8aa1-7d03f4ab765b,1a8a66a6,3,0,False,False,0.0,218,155,0,0.7110091743119266,4,type_i,False,False
gemma4-e4b,evermemos,0,e8a7f656-10b5-4d3c-a1e6-72fd5fffd1e9,1b9b7252,1,1,True,True,1.0,229,41,0,0.17903930131004367,3,type_i,False,False
gemma4-e4b,evermemos,0,a2adab9e-f305-46e0-ba1e-59c041d3a0e6,1c0ddc50,4,0,False,False,0.0,232,232,0,1.0,5,type_i,False,True
gemma4-e4b,evermemos,0,4a485526-ab5c-4dd5-abbd-1556453894ec,1c549ce4,2,0,False,False,0.0,250,139,0,0.556,4,type_i,False,True
gemma4-e4b,evermemos,0,f525ac83-7831-4b56-b166-c563d488d77c,1cea1afa,2,0,False,False,0.0,217,217,0,1.0,5,type_ii,False,True
gemma4-e4b,evermemos,0,c447a2b4-0c0b-4c4d-8e3d-0b39fa7c1016,1d4da289,1,1,True,True,1.0,248,130,0,0.5241935483870968,5,type_i,False,False
gemma4-e4b,evermemos,0,b3249624-4e08-4739-90d3-a811484c0cb7,1d4e3b97,2,0,False,False,0.0,208,104,0,0.5,3,type_i,False,True
gemma4-e4b,evermemos,0,6b037229-ebfc-4e0b-93f8-94d25ee023ac,1da05512,2,0,False,False,0.0,222,178,0,0.8018018018018018,5,type_i,False,False
gemma4-e4b,evermemos,0,38cb764c-bf41-4e2a-ac52-78ea99c2209e,1de5cff2,1,1,True,True,1.0,230,178,0,0.7739130434782608,5,type_i,False,False
gemma4-e4b,evermemos,0,e277b9f8-a1f0-4996-a428-5db60ea30ec5,1e043500,1,0,False,False,0.0,197,197,0,1.0,4,type_i,False,True
gemma4-e4b,evermemos,0,8f950fa0-6e97-4223-8c04-c27d60a60435,1f2b8d4f,2,1,True,False,0.5,244,46,0,0.1885245901639344,4,type_i,False,False
gemma4-e4b,evermemos,0,7baecf60-5e62-4d0f-8481-500555ade331,1faac195,1,1,True,True,1.0,243,202,0,0.831275720164609,5,type_i,False,False
gemma4-e4b,evermemos,0,583c12a1-7b0e-4248-9f72-6d7fcc96e28e,2133c1b5,2,0,False,False,0.0,237,94,0,0.39662447257383965,4,type_ii,False,True
gemma4-e4b,evermemos,0,01b46a4b-9d7b-4ab1-ac98-60c13e5b1054,21436231,1,1,True,True,1.0,235,109,0,0.46382978723404256,4,type_i,False,False
gemma4-e4b,evermemos,0,7cd57b84-94a7-4004-a32a-dc75ea5d30a5,21d02d0d,2,2,True,True,1.0,242,49,0,0.2024793388429752,4,type_i,False,False
gemma4-e4b,evermemos,0,ec104c88-8b79-400b-87e6-1108f291415b,22d2cb42,1,0,False,False,0.0,239,196,0,0.8200836820083682,5,type_ii,False,True
gemma4-e4b,evermemos,0,0c664502-51b8-4712-b10a-54d809e3c8c0,2311e44b,2,1,True,False,0.5,230,94,0,0.40869565217391307,4,type_i,False,False
gemma4-e4b,evermemos,0,37561675-3771-4beb-88fd-41a7d2ecd264,2318644b,2,1,True,False,0.5,236,104,0,0.4406779661016949,4,type_i,False,False
gemma4-e4b,evermemos,0,aa170411-4073-4ce5-9b4a-92f57aaa739d,25e5aa4f,1,1,True,True,1.0,216,172,0,0.7962962962962963,5,type_i,False,False
gemma4-e4b,evermemos,0,d23fc380-d06a-4274-ba29-46eecd1c6878,2698e78f,2,0,False,False,0.0,244,85,0,0.3483606557377049,4,type_ii,False,True
gemma4-e4b,evermemos,0,a91beafe-5607-4ab9-b5fa-c3bd3f95fbdb,26bdc477,2,0,False,False,0.0,243,148,0,0.6090534979423868,4,type_ii,False,True
gemma4-e4b,evermemos,0,6e15f8cd-a8a1-4331-a2a6-6677e5937639,27016adc,2,0,False,False,0.0,229,114,0,0.4978165938864629,3,type_i,False,True
gemma4-e4b,evermemos,0,eec37613-e9ae-4b8f-b0c0-0b6271880753,2788b940,5,0,False,False,0.0,219,104,0,0.4748858447488584,3,type_i,False,True
gemma4-e4b,evermemos,0,de5d9988-40df-408f-b555-71e0ebc7a33f,28bcfaac,1,0,False,False,0.0,209,134,0,0.6411483253588517,4,type_i,False,True
gemma4-e4b,evermemos,0,be4fe919-6e43-4252-b21f-ed57ac2f943b,28dc39ac,5,0,False,False,0.0,213,140,0,0.6572769953051644,4,type_i,False,True
gemma4-e4b,evermemos,0,f2803d17-5581-44fd-aa87-0740217c3696,29f2956b,1,0,False,False,0.0,171,171,0,1.0,3,type_i,False,True
gemma4-e4b,evermemos,0,f4c42461-c019-4fbf-b8c0-f62386d4a26b,2a1811e2,2,0,False,False,0.0,209,209,0,1.0,4,type_i,False,True
gemma4-e4b,evermemos,0,95da118c-b319-4cb0-af46-6de7db6814b4,2b8f3739,3,0,False,False,0.0,223,86,0,0.38565022421524664,3,type_i,False,True
gemma4-e4b,evermemos,0,defaa999-a1e0-435e-83dd-c1e6fa1f5e7a,2bf43736,1,1,True,True,1.0,220,62,0,0.2818181818181818,3,type_i,False,False
gemma4-e4b,evermemos,0,2eabfc19-155e-4233-8d6a-b5a9181e19b2,2c63a862,2,0,False,False,0.0,255,255,0,1.0,5,type_i,False,True
gemma4-e4b,evermemos,0,2eb79043-88f9-4e92-8fc3-bd444a460b15,2ce6a0f2,4,0,False,False,0.0,221,221,0,1.0,5,type_i,False,True
gemma4-e4b,evermemos,0,f1d8955f-ba22-4111-ad43-390415b63494,2e6d26dc,5,0,False,False,0.0,243,162,0,0.6666666666666666,4,type_i,False,True
gemma4-e4b,evermemos,0,5865954e-fd7a-48e1-ba52-8a92fc086ec8,2ebe6c90,2,2,True,True,1.0,219,101,0,0.4611872146118721,4,type_i,False,False
gemma4-e4b,evermemos,0,c4abe153-9443-41f4-a374-5411b10423d7,2ebe6c92,2,0,False,False,0.0,252,252,0,1.0,5,type_i,False,True
gemma4-e4b,evermemos,0,2dcdffd9-80a7-48a0-b0c8-fc8b176a393f,311778f1,1,0,False,False,0.0,205,125,0,0.6097560975609756,3,type_i,False,True
gemma4-e4b,evermemos,0,f5ff35e1-e889-4e16-a21b-b71826c6f0ae,32260d93,1,0,False,False,0.0,239,179,0,0.7489539748953975,5,type_i,False,False
gemma4-e4b,evermemos,0,cb0b7c95-9aab-4aaa-b79f-32f824fbb1ea,3249768e,1,0,False,False,0.0,218,218,0,1.0,4,type_i,False,True
gemma4-e4b,evermemos,0,012957f8-a39d-4587-8336-1abc8ac39728,352ab8bd,1,1,True,True,1.0,255,59,0,0.23137254901960785,3,type_i,False,False
gemma4-e4b,evermemos,0,6acdd080-904b-4370-8cf6-72de9ef6c1a6,35a27287,2,0,False,False,0.0,230,230,0,1.0,5,type_i,False,True
gemma4-e4b,evermemos,0,8f6656c6-d5f0-4868-8caf-4f4ae382a593,36580ce8,1,0,False,False,0.0,228,228,0,1.0,5,type_i,False,True
gemma4-e4b,evermemos,0,5b775ff5-cfea-4383-8881-b0a380e5fa65,36b9f61e,3,0,False,False,0.0,207,138,0,0.6666666666666666,4,type_i,False,True
gemma4-e4b,evermemos,0,1d5d93a4-acf6-4dd4-b03e-b2789c75dadc,370a8ff4,2,1,True,False,0.5,235,52,0,0.22127659574468084,4,type_i,False,False
gemma4-e4b,evermemos,0,d3fbdd24-c489-430e-82fc-fca3d1931e48,37d43f65,1,1,True,True,1.0,248,96,0,0.3870967741935484,4,type_i,False,False
gemma4-e4b,evermemos,0,3b51f5fe-4fa8-4e48-8af0-b601f6774b02,37f165cf,2,1,True,False,0.5,247,101,0,0.4089068825910931,4,type_i,False,False
gemma4-e4b,evermemos,0,26568ecd-db01-444a-8d13-789ea19d879a,38146c39,2,0,False,False,0.0,255,201,0,0.788235294117647,5,type_i,False,True
gemma4-e4b,evermemos,0,3fcbf430-de97-4116-aa4a-9023e5e5d802,3a704032,3,0,False,False,0.0,240,240,0,1.0,5,type_i,False,True
gemma4-e4b,evermemos,0,3c476f27-d02b-44d4-a8a0-524eb230965b,3b6f954b,1,0,False,False,0.0,221,221,0,1.0,5,type_i,False,True
gemma4-e4b,evermemos,0,2e02fd7a-02d2-4a57-b9e6-a3d58304ff6c,3ba21379,1,0,False,False,0.0,218,170,0,0.7798165137614679,5,type_ii,False,True
gemma4-e4b,evermemos,0,f0002fca-026c-4600-bd05-aea4f66d52d6,3c1045c8,2,0,False,False,0.0,228,228,0,1.0,5,type_i,False,True
gemma4-e4b,evermemos,0,cbbdccf5-c945-4f51-8fcb-ccd8dcee6c1c,3d86fd0a,1,1,True,True,1.0,218,174,0,0.7981651376146789,5,type_i,False,False
gemma4-e4b,evermemos,0,984835ba-8e13-45b7-8b72-7a16f327e57f,3e321797,1,0,False,False,0.0,250,168,0,0.672,4,type_i,False,True
gemma4-e4b,evermemos,0,f441ba43-27a2-40ed-ae56-30d5497b9911,3f1e9474,1,0,False,False,0.0,232,232,0,1.0,5,type_i,False,True
gemma4-e4b,evermemos,0,1dfce634-7cff-4f81-812a-8292002ea8dc,3fdac837,2,0,False,False,0.0,230,230,0,1.0,5,type_i,False,True
gemma4-e4b,evermemos,0,2e03269f-3336-4882-9298-3de60d7645a7,3fe836c9,2,0,False,False,0.0,240,240,0,1.0,5,type_i,False,False
gemma4-e4b,evermemos,0,aefc99d7-c65b-4db2-88ac-7cfe3647ac49,4100d0a0,1,0,False,False,0.0,221,221,0,1.0,5,type_i,False,False
gemma4-e4b,evermemos,0,7e92cd56-3ea3-42fc-8015-cee4038bb8c9,41275add,1,1,True,True,1.0,226,0,0,0.0,2,type_i,False,False
gemma4-e4b,evermemos,0,2ad06b43-bfd1-4de8-ad97-da69d337531b,41698283,2,0,False,False,0.0,238,238,0,1.0,5,type_ii,False,True
gemma4-e4b,evermemos,0,33e1700d-2a86-4aad-bfa2-ee42dbdb4992,42ec0761,2,1,True,False,0.5,209,101,0,0.48325358851674644,4,type_ii,False,False
gemma4-e4b,evermemos,0,f765a641-2ad0-4520-a25f-52cc75254acf,4388e9dd,1,0,False,False,0.0,193,193,0,1.0,4,type_i,False,True
gemma4-e4b,evermemos,0,7c62667c-5d55-4ef9-bbb1-e7e03715e014,45dc21b6,2,0,False,False,0.0,215,215,0,1.0,5,type_ii,False,True
gemma4-e4b,evermemos,0,15a9a790-b32a-46d6-9333-7883639ee829,46a3abf7,3,0,False,False,0.0,227,227,0,1.0,5,type_i,False,True
gemma4-e4b,evermemos,0,0e46a545-f00b-45e3-be21-d0b1431ee99a,488d3006,1,0,False,False,0.0,204,120,0,0.5882352941176471,3,type_i,False,True
gemma4-e4b,evermemos,0,7ba6b87e-2fd0-45c8-8005-645e32866cff,4adc0475,2,2,True,True,1.0,247,41,0,0.1659919028340081,4,type_i,False,False
gemma4-e4b,evermemos,0,0c276f8f-2776-4e77-a523-a12f03c308d5,4b24c848,2,0,False,False,0.0,252,252,0,1.0,6,type_ii,False,True
gemma4-e4b,evermemos,0,94c56b84-68e4-4b1a-b7fb-f107aa139445,4baee567,1,1,True,True,1.0,223,168,0,0.7533632286995515,4,type_i,False,False
gemma4-e4b,evermemos,0,298544a4-0ea0-492c-914e-f7d028bc6c3b,4bc144e2,2,1,True,False,0.5,217,169,0,0.7788018433179723,5,type_i,False,False
gemma4-e4b,evermemos,0,1640bd89-a15f-47fe-8db6-74fb4cca0f8c,4c36ccef,1,0,False,False,0.0,207,139,0,0.6714975845410628,4,type_i,False,True
gemma4-e4b,evermemos,0,8ebd893e-c964-4c06-be0a-f9b42a279bac,4d6b87c8,2,0,False,False,0.0,225,180,0,0.8,5,type_ii,False,True
gemma4-e4b,evermemos,0,6c218815-2d9f-47c6-be50-317d0af8e9d3,4dfccbf7,2,0,False,False,0.0,222,222,0,1.0,5,type_i,False,True
gemma4-e4b,evermemos,0,e9bc19af-a2be-4601-b2f0-9338e65a0950,4dfccbf8,1,0,False,False,0.0,220,132,0,0.6,4,type_i,False,True
gemma4-e4b,evermemos,0,01102572-62ca-48c5-aab8-eb3a47873102,4f54b7c9,5,0,False,False,0.0,227,227,0,1.0,5,type_i,False,True
gemma4-e4b,evermemos,0,e7a140ab-62ae-4b47-8ce6-9173d5cf0830,4fd1909e,1,0,False,False,0.0,230,230,0,1.0,5,type_i,False,True
gemma4-e4b,evermemos,0,38444c16-4188-4978-ae06-f769ae32894c,5025383b,2,0,False,False,0.0,221,130,0,0.5882352941176471,4,type_i,False,True
gemma4-e4b,evermemos,0,510769bd-acad-41e6-8c04-b5af20445be3,505af2f5,3,1,True,False,0.3333333333333333,247,184,0,0.7449392712550608,5,type_i,False,False
gemma4-e4b,evermemos,0,73bfbcce-f6a2-41a2-ad14-24427ad73f84,50635ada,1,0,False,False,0.0,217,217,0,1.0,5,type_ii,False,True
gemma4-e4b,evermemos,0,6af45888-bd4e-4d27-9140-ccb3348b0bb3,51a45a95,1,1,True,True,1.0,231,39,0,0.16883116883116883,4,type_i,False,False
gemma4-e4b,evermemos,0,d993596c-63e3-48eb-987e-5cab195cb2cd,51b23612,1,1,True,True,1.0,251,190,0,0.7569721115537849,5,type_i,False,False
gemma4-e4b,evermemos,0,11a41d78-038d-44b0-8758-a1c22707b700,51c32626,1,1,True,True,1.0,238,94,0,0.3949579831932773,4,type_i,False,False
gemma4-e4b,evermemos,0,a717623e-87bf-421d-92c5-318c8ef4f09b,54026fce,1,0,False,False,0.0,244,180,0,0.7377049180327869,5,type_i,False,False
gemma4-e4b,evermemos,0,9c3b436a-77cc-419f-aea4-f49ccdd15512,545bd2b5,1,1,True,True,1.0,255,61,0,0.23921568627450981,3,type_i,False,False
gemma4-e4b,evermemos,0,32caad0b-e142-4a5c-adde-e2eee7059780,55241a1f,2,0,False,False,0.0,234,184,0,0.7863247863247863,5,type_i,False,False
gemma4-e4b,evermemos,0,10b537c2-d971-488b-89e1-5ed767a4d1ef,561fabcd,1,1,True,True,1.0,206,91,0,0.441747572815534,4,type_i,False,False
gemma4-e4b,evermemos,0,805036de-43a6-48f9-83b1-a11853d8f214,577d4d32,1,0,False,False,0.0,240,240,0,1.0,5,type_i,False,True
gemma4-e4b,evermemos,0,2697184d-c9cb-4f19-af36-34ccabe59727,57f827a0,1,0,False,False,0.0,224,224,0,1.0,4,type_i,False,False
gemma4-e4b,evermemos,0,5bdffece-92a1-4694-a9c1-ca63bc0dbdf7,5809eb10,1,0,False,False,0.0,250,164,0,0.656,4,type_i,False,True
gemma4-e4b,evermemos,0,7013ca18-4b8b-4e79-a9b7-34abc3631412,5831f84d,2,0,False,False,0.0,237,237,0,1.0,5,type_ii,False,True
gemma4-e4b,evermemos,0,d8644e28-2b05-4201-a9b5-330b9d95239a,58470ed2,1,1,True,True,1.0,208,48,0,0.23076923076923078,3,type_i,False,False
gemma4-e4b,evermemos,0,20ad54df-84c3-455a-b38d-8b0daef94824,58bf7951,1,0,False,False,0.0,252,252,0,1.0,5,type_i,False,True
gemma4-e4b,evermemos,0,babe21c7-0ebf-4ceb-95dc-32917a32ee87,58ef2f1c,1,0,False,False,0.0,228,139,0,0.6096491228070176,4,type_i,False,True
gemma4-e4b,evermemos,0,8ad5d679-ea17-41bf-833d-8bdaca193032,59524333,2,0,False,False,0.0,193,193,0,1.0,4,type_ii,False,True
gemma4-e4b,evermemos,0,3f7eeacc-0d7c-4b04-9660-37f8844aa43d,5a4f22c0,1,1,True,True,1.0,213,141,0,0.6619718309859155,4,type_ii,False,False
gemma4-e4b,evermemos,0,cb345cc4-5153-4115-81e5-33291bac222c,5a7937c8,3,0,False,False,0.0,216,139,0,0.6435185185185185,4,type_i,False,True
gemma4-e4b,evermemos,0,d49251b7-1f01-46b9-a047-741f6c04e6ab,5c40ec5b,1,0,False,False,0.0,229,229,0,1.0,5,type_ii,False,True
gemma4-e4b,evermemos,0,9e3d2931-0418-4865-ab8a-c31bdc838784,5d3d2817,1,0,False,False,0.0,232,232,0,1.0,5,type_i,False,False
gemma4-e4b,evermemos,0,93d29a0c-0115-4dfe-924e-117e5e338fd1,5e1b23de,1,1,True,True,1.0,219,97,0,0.4429223744292237,4,type_i,False,False
gemma4-e4b,evermemos,0,634a1920-c77c-4e7b-b301-cacb917666d3,60036106,2,0,False,False,0.0,254,189,0,0.7440944881889764,5,type_i,False,False
gemma4-e4b,evermemos,0,37a0ba87-1897-4f33-ada3-d58ff5f596cb,60159905,3,0,False,False,0.0,231,157,0,0.6796536796536796,4,type_i,False,True
gemma4-e4b,evermemos,0,31ebdf18-7459-4d9c-b880-6bef16d142a5,603deb26,2,0,False,False,0.0,187,105,0,0.5614973262032086,3,type_ii,False,True
gemma4-e4b,evermemos,0,7d771ec0-87ae-4d7c-b8e5-baaab89cb7e3,60472f9c,3,0,False,False,0.0,216,216,0,1.0,5,type_i,False,True
gemma4-e4b,evermemos,0,bf963217-c777-4aea-a601-c95effd1d599,6071bd76,2,2,True,True,1.0,190,54,0,0.28421052631578947,3,type_ii,False,False
gemma4-e4b,evermemos,0,81ba1976-7100-4d39-a483-cb48513603e3,60bf93ed,1,0,False,False,0.0,215,96,0,0.44651162790697674,3,type_i,False,True
gemma4-e4b,evermemos,0,798ae51f-a000-43f9-9f7a-47d7df6dcb97,60d45044,1,0,False,False,0.0,212,136,0,0.6415094339622641,4,type_i,False,True
gemma4-e4b,evermemos,0,d5e104ee-06b3-4c1c-ad86-8644e115f67a,618f13b2,2,0,False,False,0.0,247,151,0,0.611336032388664,4,type_ii,False,True
gemma4-e4b,evermemos,0,a3892f52-0def-4659-a85e-f493c2450f18,61f8c8f8,2,2,True,True,1.0,212,101,0,0.47641509433962265,4,type_i,False,False
gemma4-e4b,evermemos,0,c43475b2-ecdd-45ce-9b36-a1f0e024fd1e,6222b6eb,1,0,False,False,0.0,229,147,0,0.6419213973799127,4,type_i,False,True
gemma4-e4b,evermemos,0,51d07a94-b968-49e1-9689-e28b4c0604f4,6456829e,2,0,False,False,0.0,219,132,0,0.6027397260273972,4,type_i,False,True
gemma4-e4b,evermemos,0,3850d776-a843-4546-b887-31da0c15a62a,65240037,1,1,True,True,1.0,250,108,0,0.432,4,type_i,False,False
gemma4-e4b,evermemos,0,6b9598e8-30bb-46f8-9265-d59abe8b4185,6613b389,2,0,False,False,0.0,230,230,0,1.0,5,type_i,False,True
gemma4-e4b,evermemos,0,51c7dc05-64f7-4198-905e-eff3a632da64,66f24dbb,2,1,True,False,0.5,218,172,0,0.7889908256880734,5,type_i,False,False
gemma4-e4b,evermemos,0,efce50a8-08ba-4f7e-b173-11a88cfcde48,67e0d0f2,2,0,False,False,0.0,242,242,0,1.0,5,type_i,False,True
gemma4-e4b,evermemos,0,460ad999-b0db-4b4d-8cf4-0add1eb6eb53,681a1674,2,0,False,False,0.0,227,148,0,0.6519823788546255,4,type_i,False,True
gemma4-e4b,evermemos,0,4234c816-43dc-4254-b3a0-5887afe6ce24,69fee5aa,2,0,False,False,0.0,250,250,0,1.0,5,type_ii,False,True
gemma4-e4b,evermemos,0,dccf42f5-1ee0-4929-8730-42222c31ab9b,6a1eabeb,2,0,False,False,0.0,213,213,0,1.0,4,type_ii,False,True
gemma4-e4b,evermemos,0,0fd9b158-3668-4ce1-bb79-24be5bfc9d9b,6a27ffc2,2,0,False,False,0.0,244,244,0,1.0,5,type_ii,False,True
gemma4-e4b,evermemos,0,2fdfb742-09d2-4d91-84c7-f1e26976d4dd,6ade9755,1,0,False,False,0.0,248,248,0,1.0,6,type_i,False,True
gemma4-e4b,evermemos,0,0d5cbabf-92af-4df5-bb36-cc21979fc666,6ae235be,1,1,True,True,1.0,254,96,0,0.3779527559055118,4,type_i,False,False
gemma4-e4b,evermemos,0,4da624fc-1df9-48ed-b977-2c670998b8fb,6aeb4375,2,0,False,False,0.0,228,90,0,0.39473684210526316,4,type_ii,False,True
gemma4-e4b,evermemos,0,912dc568-1951-4019-83ff-a5a1d522d6a8,6b168ec8,1,0,False,False,0.0,218,218,0,1.0,5,type_i,False,True
gemma4-e4b,evermemos,0,2acf5066-0e6c-423b-b7eb-b17530c4e078,6b7dfb22,5,0,False,False,0.0,220,220,0,1.0,5,type_i,False,True
gemma4-e4b,evermemos,0,9ef2ad94-c7ad-4cf5-aa74-ed82b9cbeff5,6c49646a,2,0,False,False,0.0,254,183,0,0.7204724409448819,5,type_i,False,True
gemma4-e4b,evermemos,0,fbcfbd9b-684d-4843-960a-f1460c252a5c,6cb6f249,2,1,True,False,0.5,234,56,0,0.23931623931623933,3,type_i,False,False
gemma4-e4b,evermemos,0,37f9a9ca-9822-4455-a616-a5b62742718d,6d550036,2,0,False,False,0.0,256,198,0,0.7734375,6,type_i,False,False
gemma4-e4b,evermemos,0,67b1403a-08d2-491d-8ca2-2d050c83bb62,6e984301,2,0,False,False,0.0,250,250,0,1.0,5,type_i,False,True
gemma4-e4b,evermemos,0,748837ee-5aae-4b57-8642-f4cf2561c21a,6e984302,1,0,False,False,0.0,208,154,0,0.7403846153846154,4,type_i,False,False
gemma4-e4b,evermemos,0,1d4de977-a475-4cfd-ad0e-a422fd521ba5,6f9b354f,1,1,True,True,1.0,211,53,0,0.25118483412322273,3,type_i,False,False
gemma4-e4b,evermemos,0,feeaf5a4-115d-4608-98fb-c269cf9474cd,7024f17c,1,1,True,True,1.0,232,177,0,0.7629310344827587,5,type_i,False,False
gemma4-e4b,evermemos,0,4d2aefd3-22d2-4138-86a3-bd213c7f128e,70b3e69b,1,1,True,True,1.0,253,192,0,0.758893280632411,5,type_i,False,False
gemma4-e4b,evermemos,0,5f1ae00a-8f1e-467c-b318-94914d406dea,71017276,1,0,False,False,0.0,236,236,0,1.0,4,type_i,False,True
gemma4-e4b,evermemos,0,f4115093-28c1-4eb2-9672-8d249fa123ba,71017277,2,0,False,False,0.0,225,135,0,0.6,4,type_i,False,True
gemma4-e4b,evermemos,0,1999661d-c6da-4c31-9323-58c9b775b702,71315a70,2,0,False,False,0.0,192,143,0,0.7447916666666666,4,type_ii,False,True
gemma4-e4b,evermemos,0,41b8318f-5dc5-4e6a-b3ce-e4f626017444,7161e7e2,1,1,True,True,1.0,252,112,0,0.4444444444444444,4,type_i,False,False
gemma4-e4b,evermemos,0,7f7d92a1-2412-4aa3-bf2f-e90157313898,71a3fd6b,1,1,True,True,1.0,237,49,0,0.20675105485232068,3,type_i,False,False
gemma4-e4b,evermemos,0,70e30c87-154a-452b-ae35-e6e7671408bb,720133ac,2,2,True,True,1.0,252,134,0,0.5317460317460317,5,type_i,False,False
gemma4-e4b,evermemos,0,00889b12-6c59-4d9f-b44b-b557e8d1e0ca,726462e0,1,1,True,True,1.0,208,50,0,0.2403846153846154,3,type_i,False,False
gemma4-e4b,evermemos,0,727531e1-35d4-4fc8-9ae5-b75bcf4f795b,72e3ee87,2,0,False,False,0.0,243,243,0,1.0,5,type_ii,False,True
gemma4-e4b,evermemos,0,a71161d6-9791-40f2-8b95-23b7e3b0eed7,73d42213,2,0,False,False,0.0,226,226,0,1.0,4,type_i,False,True
gemma4-e4b,evermemos,0,6d833eac-468c-46e3-8941-93c786b0d383,7401057b,2,0,False,False,0.0,148,96,0,0.6486486486486487,3,type_ii,False,True
gemma4-e4b,evermemos,0,3b29831d-913d-4fa0-90f4-356c0d7523a6,7405e8b1,2,1,True,False,0.5,219,97,0,0.4429223744292237,4,type_i,False,False
gemma4-e4b,evermemos,0,9052b60c-92c4-4e08-af08-4800c81dac6f,7527f7e2,1,0,False,False,0.0,133,133,0,1.0,3,type_i,False,False
gemma4-e4b,evermemos,0,e190ba09-a502-4f8d-9292-a3997f7b2f1c,75499fd8,1,0,False,False,0.0,228,174,0,0.7631578947368421,5,type_i,False,False
gemma4-e4b,evermemos,0,f65dc9fc-1965-4157-8dd2-33ca2918160c,75832dbd,2,0,False,False,0.0,212,212,0,1.0,5,type_i,False,False
gemma4-e4b,evermemos,0,72341b5e-95d9-4596-8e9d-6f0d9b15f8d3,75f70248,1,0,False,False,0.0,228,228,0,1.0,5,type_i,False,False
gemma4-e4b,evermemos,0,62e61ee2-c2ab-49be-bbb4-43eb1a0bfcb3,76d63226,1,0,False,False,0.0,244,244,0,1.0,5,type_i,False,True
gemma4-e4b,evermemos,0,0678d05f-4efa-479a-8a00-d96dc12c62b9,778164c6,1,1,True,True,1.0,242,83,0,0.34297520661157027,4,type_i,False,False
gemma4-e4b,evermemos,0,68838d44-be5a-4fa8-9c5c-f17ec178baf9,77eafa52,2,0,False,False,0.0,250,178,0,0.712,5,type_i,False,True
gemma4-e4b,evermemos,0,6c9d0255-9872-40ae-bc3d-54668974815e,7a87bd0c,2,0,False,False,0.0,243,243,0,1.0,5,type_ii,False,True
gemma4-e4b,evermemos,0,2e61e751-cc05-449a-87ca-5e6ad697cad0,7a8d0b71,1,1,True,True,1.0,223,46,0,0.2062780269058296,3,type_i,False,False
gemma4-e4b,evermemos,0,ba8b328a-a300-4c39-8672-35d386264070,7e00a6cb,1,0,False,False,0.0,214,214,0,1.0,4,type_i,False,True
gemma4-e4b,evermemos,0,b78f8dfd-84f4-46dd-bd77-552aa26a9d24,7e974930,2,0,False,False,0.0,232,232,0,1.0,5,type_ii,False,True
gemma4-e4b,evermemos,0,0502bd8f-b298-4cdf-9ef6-b9659fe099e5,8077ef71,1,0,False,False,0.0,234,153,0,0.6538461538461539,4,type_i,False,True
gemma4-e4b,evermemos,0,cb00dc0b-3881-4729-ad8c-458a0a8bbf69,80ec1f4f,2,0,False,False,0.0,244,244,0,1.0,5,type_i,False,False
gemma4-e4b,evermemos,0,ffef6fb8-3ef2-4306-a398-7d3a238db516,81507db6,3,0,False,False,0.0,216,216,0,1.0,5,type_i,False,True
gemma4-e4b,evermemos,0,21f99b99-8753-406f-82db-6bdd048c3b86,830ce83f,2,0,False,False,0.0,217,217,0,1.0,5,type_ii,False,True
gemma4-e4b,evermemos,0,16edfc9b-0628-42eb-b4ae-3413ebb902de,8464fc84,1,1,True,True,1.0,226,95,0,0.42035398230088494,4,type_i,False,False
gemma4-e4b,evermemos,0,6f5aaf73-8027-4fdb-8cae-5884cc2dd31f,852ce960,2,0,False,False,0.0,206,206,0,1.0,4,type_ii,False,True
gemma4-e4b,evermemos,0,60697660-54d1-45c7-b8f2-6fb2a1e5879e,853b0a1d,1,0,False,False,0.0,238,238,0,1.0,5,type_i,False,True
gemma4-e4b,evermemos,0,b38dd2ba-a7cf-4421-818e-e425f45d4059,8550ddae,1,0,False,False,0.0,239,239,0,1.0,5,type_i,False,True
gemma4-e4b,evermemos,0,2b776db4-25c8-4299-9fff-b654e5f34bbf,85fa3a3f,4,2,True,False,0.5,225,0,0,0.0,3,type_i,False,False
gemma4-e4b,evermemos,0,090c74f0-b4d4-4ce0-a1b9-8e47951327c7,86b68151,1,0,False,False,0.0,254,206,0,0.8110236220472441,5,type_i,False,False
gemma4-e4b,evermemos,0,795c9c2e-5e0b-4c4c-8a69-3a268fc47990,86f00804,1,0,False,False,0.0,252,252,0,1.0,6,type_i,False,False
gemma4-e4b,evermemos,0,01694822-6853-4f1d-b29e-472fa00d8780,8752c811,1,0,False,False,0.0,242,242,0,1.0,5,type_i,False,True
gemma4-e4b,evermemos,0,579865cf-9925-4d38-bad3-c1ab6189548a,87f22b4a,2,0,False,False,0.0,225,225,0,1.0,5,type_i,False,True
gemma4-e4b,evermemos,0,44d130b2-f320-4b59-bacf-5fc0fb2e6891,88432d0a,4,0,False,False,0.0,212,52,0,0.24528301886792453,2,type_i,False,True
gemma4-e4b,evermemos,0,c078fdb0-b678-411b-86c7-9f91a1e9b172,89527b6b,3,2,True,False,0.6666666666666666,240,44,0,0.18333333333333332,4,type_i,False,False
gemma4-e4b,evermemos,0,2bfec060-c472-4a98-94e0-f2268375d083,8979f9ec,2,0,False,False,0.0,239,239,0,1.0,5,type_i,False,True
gemma4-e4b,evermemos,0,62b04815-99cd-488b-87c3-be57bbb083ec,89941a93,2,0,False,False,0.0,134,134,0,1.0,3,type_ii,False,True
gemma4-e4b,evermemos,0,25f56c85-1b86-450d-bcf9-775d2662b97b,89941a94,1,0,False,False,0.0,241,241,0,1.0,5,type_ii,False,True
gemma4-e4b,evermemos,0,e1a40dc0-a764-4797-8c31-f04e08c6fd68,8a137a7f,1,1,True,True,1.0,220,87,0,0.39545454545454545,4,type_i,False,False
gemma4-e4b,evermemos,0,82fcba62-7a1d-4ba3-b000-1cdee0fbee55,8a2466db,1,0,False,False,0.0,214,214,0,1.0,5,type_i,False,False
gemma4-e4b,evermemos,0,e12a5fcc-0790-44b4-b72c-48ac3ee757d8,8aef76bc,1,1,True,True,1.0,221,98,0,0.4434389140271493,4,type_i,False,False
gemma4-e4b,evermemos,0,b75ec466-720a-4722-8bb9-8ad149610e74,8b9d4367,1,1,True,True,1.0,214,140,0,0.6542056074766355,4,type_i,False,False
gemma4-e4b,evermemos,0,8646cae1-b71f-4523-be01-349bf7052575,8c18457d,2,0,False,False,0.0,204,204,0,1.0,4,type_i,False,True
gemma4-e4b,evermemos,0,ec2cf9bd-bb48-4f80-a953-2a237cc044c0,8cf4d046,2,0,False,False,0.0,231,231,0,1.0,5,type_i,False,True
gemma4-e4b,evermemos,0,80063a27-c696-4481-98dc-2f5885aa30e3,8cf51dda,3,2,True,False,0.6666666666666666,241,0,0,0.0,3,type_i,False,False
gemma4-e4b,evermemos,0,7fafa942-2cc8-4901-90a8-0817c0ad15dd,8e91e7d9,2,0,False,False,0.0,242,242,0,1.0,6,type_i,False,True
gemma4-e4b,evermemos,0,6ed865e9-c608-4655-b358-153df6ed65d4,8e9d538c,1,0,False,False,0.0,243,145,0,0.5967078189300411,4,type_i,False,True
gemma4-e4b,evermemos,0,67a384ec-c2d9-4ac3-ac39-ffd143d4acdc,8ebdbe50,1,0,False,False,0.0,225,225,0,1.0,5,type_i,False,False
gemma4-e4b,evermemos,0,805e2f77-2c28-4d36-a4bf-327a98e3c5b7,8fb83627,2,0,False,False,0.0,231,126,0,0.5454545454545454,4,type_ii,False,True
gemma4-e4b,evermemos,0,7a62097b-a0e1-42e2-bc33-8b427fbd63da,91b15a6e,2,2,True,True,1.0,252,52,0,0.20634920634920634,4,type_i,False,False
gemma4-e4b,evermemos,0,8a0b1cfc-edc7-4dda-a19f-1825664847b6,92a0aa75,2,0,False,False,0.0,231,231,0,1.0,5,type_i,False,True
gemma4-e4b,evermemos,0,f4b9cdbd-9e87-48e1-b2bc-0fe7afff9c0b,945e3d21,2,0,False,False,0.0,228,228,0,1.0,5,type_ii,False,True
gemma4-e4b,evermemos,0,a6c83926-1021-4b02-b900-42be223c3df1,94f70d80,1,1,True,True,1.0,223,98,0,0.43946188340807174,4,type_i,False,False
gemma4-e4b,evermemos,0,5316d2a9-671a-45c7-a1f8-be51df4eacb8,95228167,1,0,False,False,0.0,203,145,0,0.7142857142857143,4,type_i,False,False
gemma4-e4b,evermemos,0,0b2a613a-70af-46a4-a315-bffe45ef94f2,95bcc1c8,1,0,False,False,0.0,251,251,0,1.0,5,type_i,False,False
gemma4-e4b,evermemos,0,f51ed016-41a5-40ef-bfa7-deae02c06ee5,982b5123,1,0,False,False,0.0,237,87,0,0.3670886075949367,3,type_i,False,True
gemma4-e4b,evermemos,0,bfc4bf0b-417b-4f0e-b3ca-603113358ce3,993da5e2,2,0,False,False,0.0,250,198,0,0.792,5,type_i,False,True
gemma4-e4b,evermemos,0,495d85ef-fbe8-427b-9fd0-52b6799a3ccb,9a707b81,2,1,True,False,0.5,237,90,0,0.379746835443038,4,type_i,False,False
gemma4-e4b,evermemos,0,feb8c8a4-9f2f-4bfd-b808-61dc399f26cd,9a707b82,1,0,False,False,0.0,240,240,0,1.0,5,type_i,False,False
gemma4-e4b,evermemos,0,126ac64c-622d-4870-98a8-c7b6df818b19,9aaed6a3,2,0,False,False,0.0,250,250,0,1.0,5,type_i,False,True
gemma4-e4b,evermemos,0,894a3918-a2f6-4443-a0b3-95eb2ae2b065,9bbe84a2,2,0,False,False,0.0,231,94,0,0.4069264069264069,3,type_ii,False,True
gemma4-e4b,evermemos,0,42a1daf5-2d75-4b43-8dd1-94b1410a6ba7,9d25d4e0,3,0,False,False,0.0,255,144,0,0.5647058823529412,4,type_i,False,True
gemma4-e4b,evermemos,0,c73fd6a4-da19-4445-9600-6d9cb3482745,9ea5eabc,2,0,False,False,0.0,256,213,0,0.83203125,6,type_ii,False,True
gemma4-e4b,evermemos,0,f62da286-5615-4e1f-916b-b54c77fe6c61,9ee3ecd6,2,1,True,False,0.5,227,59,0,0.2599118942731278,3,type_i,False,False
gemma4-e4b,evermemos,0,5773fe08-5206-417e-831d-ed372965a91a,a06e4cfe,1,0,False,False,0.0,227,118,0,0.5198237885462555,3,type_i,False,True
gemma4-e4b,evermemos,0,ed0c68d8-18f6-41cb-92b4-51d5750f708d,a08a253f,2,0,False,False,0.0,254,147,0,0.5787401574803149,4,type_i,False,True
gemma4-e4b,evermemos,0,b7e508bd-f98e-4057-86cf-e4d85d4c255c,a11281a2,2,0,False,False,0.0,217,49,0,0.22580645161290322,2,type_i,False,True
gemma4-e4b,evermemos,0,8bd0cb41-47f8-4599-8288-07fc2aad576a,a1cc6108,3,1,True,False,0.3333333333333333,256,204,0,0.796875,6,type_i,False,False
gemma4-e4b,evermemos,0,ff46488b-e334-408d-9cc0-65bda18b9d58,a1eacc2a,2,0,False,False,0.0,234,234,0,1.0,5,type_ii,False,True
gemma4-e4b,evermemos,0,e707509a-9a3a-455c-b301-197ac4694c08,a2f3aa27,2,0,False,False,0.0,223,223,0,1.0,5,type_ii,False,True
gemma4-e4b,evermemos,0,f57633f1-caa5-4d71-b628-deefd07b7fbb,a3045048,2,0,False,False,0.0,237,237,0,1.0,5,type_i,False,True
gemma4-e4b,evermemos,0,ad14861d-158e-42bc-bc49-afe2398ef6b9,a3332713,2,0,False,False,0.0,222,180,0,0.8108108108108109,5,type_i,False,False
gemma4-e4b,evermemos,0,ce5e5a02-ca9a-4f19-a1e4-d31451e20c2a,a346bb18,2,1,True,False,0.5,214,144,0,0.6728971962616822,4,type_i,False,False
gemma4-e4b,evermemos,0,b8d0623c-7a4c-4690-bf07-15aa118acca5,a3838d2b,5,1,True,False,0.2,243,192,0,0.7901234567901234,5,type_i,False,False
gemma4-e4b,evermemos,0,9351151b-f280-4f23-8bdb-8fae5d6e7f06,a40e080f,3,1,True,False,0.3333333333333333,181,103,0,0.569060773480663,3,type_i,False,False
gemma4-e4b,evermemos,0,bd6e41b6-828d-4233-957d-76e0e1e0dd3a,a4996e51,2,1,True,False,0.5,232,52,0,0.22413793103448276,3,type_i,False,False
gemma4-e4b,evermemos,0,52d5c053-2031-4d79-8fc7-789f534b96f8,a82c026e,1,0,False,False,0.0,239,239,0,1.0,5,type_i,False,False
gemma4-e4b,evermemos,0,6e69fe24-f203-47e9-b5d4-e93c7183df99,a89d7624,2,0,False,False,0.0,239,239,0,1.0,5,type_i,False,True
gemma4-e4b,evermemos,0,ebc8820f-67d7-4620-b8d6-0988b163abbd,a96c20ee,1,1,True,True,1.0,233,184,0,0.7896995708154506,5,type_i,False,False
gemma4-e4b,evermemos,0,0b0db0c1-22ca-4cdb-a940-89e42481824d,a9f6b44c,2,2,True,True,1.0,227,43,0,0.1894273127753304,4,type_i,False,False
gemma4-e4b,evermemos,0,ba3e3b91-3976-4fe8-b795-2cc13540e701,aae3761f,3,0,False,False,0.0,207,142,0,0.6859903381642513,4,type_i,False,True
gemma4-e4b,evermemos,0,e5c4a372-9114-4ea5-ae8b-3a214eef502b,ac031881,1,0,False,False,0.0,194,194,0,1.0,4,type_i,False,True
gemma4-e4b,evermemos,0,a87b026f-f191-4751-8d82-d651442a5803,ad7109d1,1,0,False,False,0.0,232,232,0,1.0,5,type_i,False,True
gemma4-e4b,evermemos,0,5c8ed265-f220-4088-9945-3fe7c7fc5a42,af082822,1,1,True,True,1.0,215,46,0,0.21395348837209302,3,type_i,False,False
gemma4-e4b,evermemos,0,1b109c68-3de8-44b7-a287-f9497e35dd5c,af8d2e46,1,0,False,False,0.0,225,225,0,1.0,4,type_i,False,True
gemma4-e4b,evermemos,0,2e9f94b3-2b88-47da-a144-087718a36aee,afdc33df,2,0,False,False,0.0,231,178,0,0.7705627705627706,5,type_i,False,True
gemma4-e4b,evermemos,0,c6e0a947-5636-4f87-bc2b-0ce649de9556,affe2881,2,2,True,True,1.0,213,91,0,0.4272300469483568,4,type_ii,False,False
gemma4-e4b,evermemos,0,92fd5600-fb2d-48cc-831a-3b04c977d9af,b01defab,1,0,False,False,0.0,251,251,0,1.0,5,type_ii,False,True
gemma4-e4b,evermemos,0,32933e0c-b9c3-4c76-919f-3597a3a6c7fc,b0479f84,1,0,False,False,0.0,246,145,0,0.5894308943089431,4,type_i,False,True
gemma4-e4b,evermemos,0,33136f08-aaf6-4ebd-a3b6-575e57b0a700,b29f3365,2,0,False,False,0.0,226,148,0,0.6548672566371682,4,type_i,False,True
gemma4-e4b,evermemos,0,717fc679-98b8-41d9-98df-1659bb50d0ad,b320f3f8,1,0,False,False,0.0,241,241,0,1.0,5,type_i,False,False
gemma4-e4b,evermemos,0,87290bd9-491a-4ca2-8047-70032f13ee2b,b3c15d39,2,1,True,False,0.5,223,96,0,0.4304932735426009,4,type_i,False,False
gemma4-e4b,evermemos,0,91322d76-437e-4d8f-b04a-146f9c1b38d5,b46e15ed,2,0,False,False,0.0,228,228,0,1.0,5,type_i,False,True
gemma4-e4b,evermemos,0,22817ee0-531a-427a-a4de-cc9fbba2b16d,b46e15ee,1,0,False,False,0.0,247,247,0,1.0,5,type_i,False,True
gemma4-e4b,evermemos,0,5de4da6a-8af1-432a-b4c2-07b68f64ba71,b5ef892d,2,2,True,True,1.0,214,105,0,0.49065420560747663,4,type_i,False,False
gemma4-e4b,evermemos,0,7976f390-4e7a-4c92-855d-a502f220e01b,b6019101,2,0,False,False,0.0,238,238,0,1.0,5,type_ii,False,True
gemma4-e4b,evermemos,0,54aeccfb-31dd-4651-a419-cf9d6efc73d3,b6025781,2,0,False,False,0.0,217,217,0,1.0,5,type_i,False,True
gemma4-e4b,evermemos,0,4d613148-4948-4bd8-89cc-7a4b2b4a3f27,b759caee,1,0,False,False,0.0,220,220,0,1.0,4,type_i,False,False
gemma4-e4b,evermemos,0,ac2da541-d5e0-4f27-8c38-b0147b1832d5,b86304ba,1,1,True,True,1.0,218,163,0,0.7477064220183486,4,type_i,False,False
gemma4-e4b,evermemos,0,f50a8e0a-c621-4330-be38-ed15ab06edca,b9cfe692,2,0,False,False,0.0,193,116,0,0.6010362694300518,3,type_i,False,True
gemma4-e4b,evermemos,0,22af899d-434d-45a3-825f-c2ede8cb926d,ba358f49,2,1,True,False,0.5,214,92,0,0.42990654205607476,4,type_i,False,False
gemma4-e4b,evermemos,0,b654ab50-5e94-4f3c-9fb0-3bc457fad0cf,ba61f0b9,2,0,False,False,0.0,225,185,0,0.8222222222222222,5,type_ii,False,True
gemma4-e4b,evermemos,0,dbf5a8a7-b46e-4cb4-96f0-fabf669937cf,bb7c3b45,2,0,False,False,0.0,255,131,0,0.5137254901960784,4,type_i,False,True
gemma4-e4b,evermemos,0,4483eea3-8b58-463e-87ad-7542d115e947,bbf86515,2,0,False,False,0.0,239,239,0,1.0,4,type_i,False,True
gemma4-e4b,evermemos,0,aff42cca-8b24-43be-805d-414eeadd1e48,bc149d6b,2,1,True,False,0.5,236,179,0,0.7584745762711864,5,type_i,False,False
gemma4-e4b,evermemos,0,e6f2e6b9-0d6a-4953-9b68-451c9dc6e95a,bc8a6e93,1,0,False,False,0.0,252,252,0,1.0,5,type_i,False,True
gemma4-e4b,evermemos,0,66a5895a-6195-4f52-b6ea-489d197c2dc9,bcbe585f,1,1,True,True,1.0,218,159,0,0.7293577981651376,4,type_i,False,False
gemma4-e4b,evermemos,0,294e97af-7a24-4339-97c6-0432c230124e,bf659f65,3,0,False,False,0.0,222,222,0,1.0,5,type_i,False,True
gemma4-e4b,evermemos,0,16fd3a30-a919-4810-84c4-41e2ed4940da,c14c00dd,1,1,True,True,1.0,232,174,0,0.75,5,type_i,False,False
gemma4-e4b,evermemos,0,3e1cd724-82dd-44fe-8e10-33a54d78bc1e,c18a7dc8,2,0,False,False,0.0,233,175,0,0.7510729613733905,5,type_i,False,False
gemma4-e4b,evermemos,0,d2ff3703-39de-4b8a-b16e-dda0de2c9141,c19f7a0b,1,0,False,False,0.0,232,232,0,1.0,4,type_i,False,True
gemma4-e4b,evermemos,0,52d2ec2d-b26f-4473-b843-bda77ff60032,c2ac3c61,2,0,False,False,0.0,250,177,0,0.708,5,type_i,False,True
gemma4-e4b,evermemos,0,02fdd0c7-6fa7-448e-96b2-5644f0403a2c,c4a1ceb8,5,0,False,False,0.0,220,220,0,1.0,5,type_i,False,True
gemma4-e4b,evermemos,0,807f0a83-3214-46cf-8790-694d232d4fe9,c4ea545c,2,1,True,False,0.5,225,42,0,0.18666666666666668,3,type_ii,False,False
gemma4-e4b,evermemos,0,c165e44d-5464-47aa-9ea4-636b2f4ca13e,c4f10528,1,1,True,True,1.0,203,149,0,0.7339901477832512,4,type_i,False,False
gemma4-e4b,evermemos,0,6f66a17a-0208-43b6-ab98-73c79c59402f,c5e8278d,3,1,True,False,0.3333333333333333,245,133,0,0.5428571428571428,5,type_i,False,False
gemma4-e4b,evermemos,0,254ceec9-082a-4924-9687-19c60b4faea4,c6853660,2,0,False,False,0.0,225,225,0,1.0,5,type_ii,False,True
gemma4-e4b,evermemos,0,8b81f810-5dcf-4b0b-adea-f3edb5ce8df1,c7cf7dfd,3,2,True,False,0.6666666666666666,217,0,0,0.0,3,type_i,False,False
gemma4-e4b,evermemos,0,9126dc6c-97e0-4d51-9f1e-895580f50870,c7dc5443,2,0,False,False,0.0,235,235,0,1.0,5,type_ii,False,True
gemma4-e4b,evermemos,0,c88b2c5a-4c27-4a8b-998f-5190a6357f3d,c8090214,2,2,True,True,1.0,204,0,0,0.0,3,type_i,False,False
gemma4-e4b,evermemos,0,fda81770-3e44-4177-a881-c9e44e72ca85,c8c3f81d,1,0,False,False,0.0,216,171,0,0.7916666666666666,5,type_i,False,True
gemma4-e4b,evermemos,0,948b89ff-3e12-4626-9d13-0f6dff9caf9a,c8f1aeed,1,0,False,False,0.0,217,108,0,0.4976958525345622,3,type_i,False,True
gemma4-e4b,evermemos,0,949de7a7-bc08-4a41-b8e3-aef7250f346b,c960da58,1,1,True,True,1.0,228,164,0,0.7192982456140351,5,type_i,False,False
gemma4-e4b,evermemos,0,0f6e7570-a29b-4824-a72d-49334c118f5c,c9f37c46,2,2,True,True,1.0,227,0,0,0.0,4,type_i,False,False
gemma4-e4b,evermemos,0,e4fc9a76-bd9f-49d4-a14f-dab4b4513846,caf03d32,1,0,False,False,0.0,247,179,0,0.7246963562753036,5,type_i,False,True
gemma4-e4b,evermemos,0,7ca8c37c-cf2b-4fc2-8682-d17e2b2b4c33,caf9ead2,1,0,False,False,0.0,238,238,0,1.0,5,type_i,False,False
gemma4-e4b,evermemos,0,a9569d7f-d18e-4225-bfe2-6ce4a67ec462,cc06de0d,2,0,False,False,0.0,209,209,0,1.0,4,type_i,False,True
gemma4-e4b,evermemos,0,3fab56e4-1ec9-4c7b-9fd0-6e542ca9513e,cc539528,1,1,True,True,1.0,216,145,0,0.6712962962962963,4,type_i,False,False
gemma4-e4b,evermemos,0,08d4b861-7dad-4412-a3e6-0e80dbc663fd,cc5ded98,2,0,False,False,0.0,222,177,0,0.7972972972972973,5,type_ii,False,True
gemma4-e4b,evermemos,0,72972498-93eb-4dd3-98e1-ae1f66a2cc72,cc6d1ec1,2,1,True,False,0.5,211,157,0,0.7440758293838863,4,type_i,False,False
gemma4-e4b,evermemos,0,5de92efe-8307-4b2e-b8fa-284230e39e7d,ccb36322,1,0,False,False,0.0,217,217,0,1.0,5,type_i,False,True
gemma4-e4b,evermemos,0,9d87fd3c-67d5-411e-91b6-0dc8d5f6f7dc,ce6d2d27,2,0,False,False,0.0,216,216,0,1.0,5,type_ii,False,True
gemma4-e4b,evermemos,0,f4fe2cc3-2b14-4603-b974-3cd5e3cb16b9,ceb54acb,1,1,True,True,1.0,235,154,0,0.6553191489361702,4,type_i,False,False
gemma4-e4b,evermemos,0,c245b99b-5b5d-490a-9c86-837f1e6cf56b,cf22b7bf,2,0,False,False,0.0,243,196,0,0.8065843621399177,5,type_ii,False,True
gemma4-e4b,evermemos,0,7410a5e3-9b8f-43fa-9c2b-6c7c567d185b,d01c6aa8,1,0,False,False,0.0,251,251,0,1.0,5,type_i,False,False
gemma4-e4b,evermemos,0,69e214d9-3468-441c-abe4-d81cc75a299a,d23cf73b,4,0,False,False,0.0,229,229,0,1.0,5,type_i,False,True
gemma4-e4b,evermemos,0,0a2d5fad-7585-4435-a058-8f0335f7f8b9,d24813b1,1,0,False,False,0.0,248,197,0,0.7943548387096774,5,type_i,False,True
gemma4-e4b,evermemos,0,8c2edb48-38ba-4446-a545-18fab6276043,d3ab962e,2,0,False,False,0.0,227,227,0,1.0,5,type_i,False,True
gemma4-e4b,evermemos,0,91a0d371-099a-4be8-83e5-4407c82fd17d,d52b4f67,1,1,True,True,1.0,190,133,0,0.7,4,type_i,False,False
gemma4-e4b,evermemos,0,f9ba1fc7-89e9-4812-82ed-2206a437c84b,d596882b,1,0,False,False,0.0,234,234,0,1.0,5,type_i,False,False
gemma4-e4b,evermemos,0,f5cd460d-942b-496b-9db6-210e688abd07,d6062bb9,2,1,True,False,0.5,219,53,0,0.2420091324200913,3,type_i,False,False
gemma4-e4b,evermemos,0,3f7e32d5-521f-44e1-a11a-befeb1987fc9,d6233ab6,2,1,True,False,0.5,211,136,0,0.6445497630331753,4,type_i,False,False
gemma4-e4b,evermemos,0,d39f8db8-41ae-45a5-8020-50c3608fd5dd,d682f1a2,3,0,False,False,0.0,228,228,0,1.0,5,type_i,False,True
gemma4-e4b,evermemos,0,478d7e02-f55d-4a51-aea5-5a2c265ba4b9,d7c942c3,2,0,False,False,0.0,194,194,0,1.0,4,type_ii,False,True
gemma4-e4b,evermemos,0,c85db927-12fb-4f86-b405-165d78d06a96,d851d5ba,4,0,False,False,0.0,237,183,0,0.7721518987341772,5,type_i,False,True
gemma4-e4b,evermemos,0,0aee4190-897c-43f2-b09d-ab6a425e3864,d905b33f,2,0,False,False,0.0,201,101,0,0.5024875621890548,3,type_i,False,True
gemma4-e4b,evermemos,0,73d383f4-a41a-415f-9169-11005c5d8655,dad224aa,2,0,False,False,0.0,234,188,0,0.8034188034188035,5,type_ii,False,True
gemma4-e4b,evermemos,0,4e5bae01-fe39-4654-bb00-35229f79ea9b,db467c8c,1,0,False,False,0.0,215,93,0,0.4325581395348837,3,type_ii,False,True
gemma4-e4b,evermemos,0,d1a321b6-12a4-41eb-8505-eccf83c23496,dc439ea3,1,0,False,False,0.0,230,155,0,0.6739130434782609,4,type_i,False,True
gemma4-e4b,evermemos,0,a814d28c-bb8c-471d-bd24-771c03fc30d6,dccbc061,1,0,False,False,0.0,251,251,0,1.0,6,type_i,False,False
gemma4-e4b,evermemos,0,db48a42d-6d0f-46bd-8363-ab96a53bea2b,dcfa8644,2,1,True,False,0.5,214,0,0,0.0,2,type_i,False,False
gemma4-e4b,evermemos,0,93bf646e-aab1-4f94-bcfa-64e9f15c1d34,dd2973ad,2,0,False,False,0.0,241,241,0,1.0,4,type_i,False,False
gemma4-e4b,evermemos,0,8f41a6e5-a6b4-4916-b161-35cafec86552,dfde3500,2,1,True,False,0.5,219,87,0,0.3972602739726027,4,type_ii,False,False
gemma4-e4b,evermemos,0,f220e37e-b5b2-448c-8f5d-76518818de54,e01b8e2f,1,0,False,False,0.0,246,188,0,0.7642276422764228,5,type_i,False,False
gemma4-e4b,evermemos,0,f319e55b-4fba-4358-b071-112b2de6103f,e25c3b8d,2,1,True,False,0.5,241,97,0,0.4024896265560166,4,type_i,False,False
gemma4-e4b,evermemos,0,e0b5c83d-e41e-4367-91a7-64d4f75fb563,e3038f8c,4,0,False,False,0.0,218,218,0,1.0,5,type_i,False,True
gemma4-e4b,evermemos,0,79139aba-ac2d-4f3e-8147-bfc131522efc,e3fc4d6e,1,0,False,False,0.0,255,255,0,1.0,4,type_i,False,True
gemma4-e4b,evermemos,0,c4534d39-4f0d-46d2-8ad6-1be855db951f,e47becba,1,0,False,False,0.0,245,95,0,0.3877551020408163,5,type_i,False,True
gemma4-e4b,evermemos,0,46fd31e3-3b27-425f-9f43-af8b0a15f984,e48988bc,1,0,False,False,0.0,237,237,0,1.0,5,type_i,False,False
gemma4-e4b,evermemos,0,bb35c66f-50b2-4b9d-8746-4786b3586daa,e493bb7c,2,0,False,False,0.0,212,53,0,0.25,2,type_ii,False,True
gemma4-e4b,evermemos,0,3ee62095-bd3e-41cd-9a71-8fad666ad75b,e4e14d04,2,1,True,False,0.5,253,196,0,0.7747035573122529,5,type_i,False,False
gemma4-e4b,evermemos,0,772a2b6b-51e8-4f6c-8f7a-970225aee365,e56a43b9,2,0,False,False,0.0,237,237,0,1.0,5,type_i,False,True
gemma4-e4b,evermemos,0,2ccd6bd4-662a-4e55-988b-c2c0559ea05e,e6041065,2,2,True,True,1.0,193,103,0,0.533678756476684,4,type_i,False,False
gemma4-e4b,evermemos,0,5dd36fe6-f71d-4ce3-8033-5c69fe05d547,e61a7584,2,1,True,False,0.5,242,0,0,0.0,3,type_ii,False,False
gemma4-e4b,evermemos,0,161bf949-5e43-451c-9f6f-3bf73e9aade2,e66b632c,2,0,False,False,0.0,214,214,0,1.0,4,type_ii,False,True
gemma4-e4b,evermemos,0,82bbc03e-03b6-41c8-b8a3-1148353dc941,e831120c,2,0,False,False,0.0,229,116,0,0.5065502183406113,3,type_i,False,True
gemma4-e4b,evermemos,0,7190a2a2-be95-4cb1-a89e-efb0c016505f,e8a79c70,1,1,True,True,1.0,218,99,0,0.4541284403669725,4,type_i,False,False
gemma4-e4b,evermemos,0,3c720120-a92e-4505-8e1d-a13cde8ae312,e9327a54,1,0,False,False,0.0,237,237,0,1.0,5,type_i,False,False
gemma4-e4b,evermemos,0,99404a46-1092-4e9a-8412-926d84fff0f7,e982271f,1,0,False,False,0.0,250,181,0,0.724,5,type_i,False,True
gemma4-e4b,evermemos,0,29c4358b-3b48-461f-9349-c93efaad5199,eac54adc,2,0,False,False,0.0,255,166,0,0.6509803921568628,4,type_i,False,True
gemma4-e4b,evermemos,0,54e2721e-8ebf-47da-b95b-2e4d4a460918,eac54add,1,0,False,False,0.0,243,243,0,1.0,6,type_i,False,True
gemma4-e4b,evermemos,0,72523aba-f67b-4332-ad41-d1ee9a5bc08c,eaca4986,1,0,False,False,0.0,222,151,0,0.6801801801801802,4,type_i,False,False
gemma4-e4b,evermemos,0,a7cb508f-3c3d-45a3-b4a5-f5dd7dcc1522,eace081b,2,2,True,True,1.0,221,47,0,0.21266968325791855,4,type_ii,False,False
gemma4-e4b,evermemos,0,7c17baac-2e8d-4459-b51f-6157df934973,ec81a493,1,1,True,True,1.0,200,132,0,0.66,4,type_i,False,False
gemma4-e4b,evermemos,0,b8fde49e-fde3-4469-ae78-cb9e99ad2c37,ed4ddc30,2,0,False,False,0.0,228,228,0,1.0,5,type_ii,False,True
gemma4-e4b,evermemos,0,4702dd6c-a04a-4a73-9b30-041692346e90,edced276,2,0,False,False,0.0,206,206,0,1.0,4,type_i,False,True
gemma4-e4b,evermemos,0,dd64dd94-db5d-4e21-9957-9e8756e16aa3,eeda8a6d,4,0,False,False,0.0,218,218,0,1.0,5,type_i,False,True
gemma4-e4b,evermemos,0,0da9fa3a-6390-4c56-b4f5-b8a26a41160f,ef66a6e5,2,0,False,False,0.0,247,178,0,0.7206477732793523,5,type_i,False,True
gemma4-e4b,evermemos,0,be94e22d-4350-48fa-b0a2-d6b042a6ea35,ef9cf60a,2,1,True,False,0.5,245,130,0,0.5306122448979592,5,type_i,False,False
gemma4-e4b,evermemos,0,265f39ab-679b-47e7-a01b-5214a97381b6,efc3f7c2,2,1,True,False,0.5,220,47,0,0.21363636363636362,3,type_i,False,False
gemma4-e4b,evermemos,0,6e509547-3c9d-43d4-8b49-0331f5aab3dd,f0853d11,2,0,False,False,0.0,211,211,0,1.0,4,type_i,False,True
gemma4-e4b,evermemos,0,c9bec3a9-415a-470c-be72-2389233b7381,f0e564bc,2,0,False,False,0.0,203,203,0,1.0,4,type_i,False,True
gemma4-e4b,evermemos,0,c6162343-a0d0-42b3-8772-de97a698043a,f35224e0,2,2,True,True,1.0,230,0,0,0.0,3,type_i,False,False
gemma4-e4b,evermemos,0,2af971c0-2c83-4ed8-b728-4152edc1579a,f4f1d8a4,1,0,False,False,0.0,231,231,0,1.0,5,type_i,False,True
gemma4-e4b,evermemos,0,0334d63b-61c2-43a3-8d8f-cd9b4242bb0b,f523d9fe,1,0,False,False,0.0,249,192,0,0.7710843373493976,5,type_i,False,False
gemma4-e4b,evermemos,0,f6016ed9-5882-425f-aa1f-54e02d014747,f685340e,2,0,False,False,0.0,234,234,0,1.0,5,type_ii,False,True
gemma4-e4b,evermemos,0,6683de57-b9eb-4da0-a48a-7f5bc9955146,f8c5f88b,1,1,True,True,1.0,246,130,0,0.5284552845528455,5,type_i,False,False
gemma4-e4b,evermemos,0,16f08e03-9431-4bc0-a041-3e531fbfb1b9,f9e8c073,2,0,False,False,0.0,225,225,0,1.0,5,type_ii,False,True
gemma4-e4b,evermemos,0,627aff73-92b3-47ce-9602-c4bd44b8ef63,faba32e5,1,1,True,True,1.0,218,53,0,0.24311926605504589,3,type_i,False,False
gemma4-e4b,evermemos,0,a97d8afc-18f3-4d9a-ae1f-41b14a7bb473,fca70973,6,0,False,False,0.0,246,246,0,1.0,5,type_i,False,True
gemma4-e4b,evermemos,0,f738471a-c7db-4faf-bf9e-789ff90e5e38,fca762bc,1,0,False,False,0.0,250,159,0,0.636,4,type_i,False,True
gemma4-e4b,evermemos,0,fd895745-8f47-4ad5-8a57-cbb8508e7733,fea54f57,1,1,True,True,1.0,242,91,0,0.3760330578512397,4,type_i,False,False
gemma4-e4b,evermemos,0,f345458a-441f-4f80-a096-900adc8da247,gpt4_0a05b494,2,0,False,False,0.0,224,181,0,0.8080357142857143,5,type_i,False,False
gemma4-e4b,evermemos,0,671968ae-83ee-4c2a-8e1f-d0197433ea89,gpt4_0b2f1d21,2,1,True,False,0.5,256,94,0,0.3671875,4,type_i,False,False
gemma4-e4b,evermemos,0,9681edea-08dc-47e4-843e-fee7fe58eebf,gpt4_15e38248,4,0,False,False,0.0,221,131,0,0.5927601809954751,4,type_i,False,True
gemma4-e4b,evermemos,0,1942a40b-0ebe-475a-8153-d2fa377ae405,gpt4_18c2b244,3,2,True,False,0.6666666666666666,222,97,0,0.4369369369369369,4,type_i,False,False
gemma4-e4b,evermemos,0,92adc4d5-c101-4f9a-9b57-635ba5d95522,gpt4_1916e0ea,2,2,True,True,1.0,228,0,0,0.0,3,type_i,False,False
gemma4-e4b,evermemos,0,d05ab6b8-f2f1-4a29-9438-f2414d41c0f4,gpt4_194be4b3,5,0,False,False,0.0,256,195,0,0.76171875,5,type_i,False,True
gemma4-e4b,evermemos,0,f0d419df-6fbc-4324-8499-1319da8a9968,gpt4_1a1dc16d,2,0,False,False,0.0,213,213,0,1.0,5,type_i,False,True
gemma4-e4b,evermemos,0,15c1b078-b3f1-45be-b12e-f5c82880113c,gpt4_1d4ab0c9,2,1,True,False,0.5,216,42,0,0.19444444444444445,3,type_i,False,False
gemma4-e4b,evermemos,0,1431c56b-36ab-4236-ab21-a11e79b95a36,gpt4_1d80365e,2,2,True,True,1.0,222,0,0,0.0,3,type_i,False,False
gemma4-e4b,evermemos,0,6411f173-4a71-4e97-ac40-480966f36228,gpt4_1e4a8aeb,2,0,False,False,0.0,219,98,0,0.4474885844748858,3,type_i,False,True
gemma4-e4b,evermemos,0,d2f4cbfa-5759-4491-be0c-fe0360478759,gpt4_1e4a8aec,1,0,False,False,0.0,252,252,0,1.0,6,type_i,False,False
gemma4-e4b,evermemos,0,29be8a18-f531-4d8b-ac91-2f1c41853eb1,gpt4_213fd887,2,1,True,False,0.5,250,0,0,0.0,4,type_i,False,False
gemma4-e4b,evermemos,0,d6dbc940-d7da-4601-b7e8-bbfa34f37f29,gpt4_21adecb5,2,0,False,False,0.0,210,143,0,0.680952380952381,4,type_i,False,True
gemma4-e4b,evermemos,0,35b9e2e4-54b7-4a6f-afcd-272a05de6df3,gpt4_2312f94c,2,0,False,False,0.0,232,232,0,1.0,4,type_i,False,True
gemma4-e4b,evermemos,0,80f299b3-c681-45c1-afea-d492fccea145,gpt4_2487a7cb,2,0,False,False,0.0,209,149,0,0.7129186602870813,4,type_i,False,True
gemma4-e4b,evermemos,0,d20b962d-3fbf-4c99-b746-e23d5408c301,gpt4_2655b836,2,0,False,False,0.0,255,255,0,1.0,5,type_i,False,False
gemma4-e4b,evermemos,0,d44b2bd1-8268-4e71-844d-c4df28af610a,gpt4_2ba83207,4,0,False,False,0.0,217,145,0,0.6682027649769585,4,type_i,False,True
gemma4-e4b,evermemos,0,7db9e971-1049-466f-8880-ee2acaf553a9,gpt4_2c50253f,3,1,True,False,0.3333333333333333,225,60,0,0.26666666666666666,4,type_i,False,False
gemma4-e4b,evermemos,0,a5ae8c26-f3c4-45ee-afa5-b562d5bcf747,gpt4_2d58bcd6,2,2,True,True,1.0,240,0,0,0.0,4,type_i,False,False
gemma4-e4b,evermemos,0,4cfe4f2f-efad-47c5-b18d-36d40752c1e5,gpt4_2f56ae70,3,0,False,False,0.0,254,254,0,1.0,6,type_i,False,True
gemma4-e4b,evermemos,0,bd5352c4-b9d0-4f4f-8011-438997fdb307,gpt4_2f584639,2,1,True,False,0.5,226,173,0,0.7654867256637168,5,type_i,False,False
gemma4-e4b,evermemos,0,e4d71ad5-bc18-4f31-aee7-9bc7beeea271,gpt4_2f8be40d,4,0,False,False,0.0,211,129,0,0.6113744075829384,4,type_i,False,True
gemma4-e4b,evermemos,0,6ffb6130-e8f4-490c-a160-b1fabe2a2d60,gpt4_2f91af09,3,0,False,False,0.0,231,85,0,0.36796536796536794,3,type_i,False,True
gemma4-e4b,evermemos,0,bf58d462-86e0-42ea-a90b-e57b42a426b7,gpt4_31ff4165,4,0,False,False,0.0,213,152,0,0.7136150234741784,4,type_i,False,False
gemma4-e4b,evermemos,0,fdefe68b-f4fe-4550-b8d9-b2e5beb4b721,gpt4_372c3eed,4,0,False,False,0.0,253,253,0,1.0,5,type_i,False,True
gemma4-e4b,evermemos,0,d718c141-0a3a-41d3-a9a4-1a18580d79bc,gpt4_385a5000,2,2,True,True,1.0,222,39,0,0.17567567567567569,4,type_i,False,False
gemma4-e4b,evermemos,0,18955506-b5bc-46a6-a286-0d6afdec1d48,gpt4_45189cb4,3,0,False,False,0.0,234,234,0,1.0,5,type_i,False,True
gemma4-e4b,evermemos,0,2e6485ca-8ada-4ce4-9179-6a528c881335,gpt4_468eb063,1,0,False,False,0.0,231,231,0,1.0,5,type_i,False,True
gemma4-e4b,evermemos,0,92309a11-f6a0-4946-bd6f-58d31d535ef7,gpt4_468eb064,1,0,False,False,0.0,227,179,0,0.788546255506608,5,type_i,False,False
gemma4-e4b,evermemos,0,b6ca5d5f-3d84-461e-815f-5c7d46cf9a0b,gpt4_483dd43c,2,0,False,False,0.0,244,244,0,1.0,4,type_i,False,True
gemma4-e4b,evermemos,0,be180796-a336-48c2-b948-ec7b11802f20,gpt4_4929293a,2,1,True,False,0.5,184,88,0,0.4782608695652174,4,type_i,False,False
gemma4-e4b,evermemos,0,4b6f04f1-0e08-4be4-a296-7d32674c29cb,gpt4_4929293b,1,0,False,False,0.0,221,146,0,0.6606334841628959,4,type_i,False,False
gemma4-e4b,evermemos,0,d019703f-7622-461a-9689-0f6bd60656e5,gpt4_4cd9eba1,2,0,False,False,0.0,238,238,0,1.0,5,type_i,False,True
gemma4-e4b,evermemos,0,74d9c80f-c463-4156-8e47-779956a034f3,gpt4_4edbafa2,1,0,False,False,0.0,250,165,0,0.66,4,type_i,False,False
gemma4-e4b,evermemos,0,d12e0b5f-e17b-4e0f-9d2f-1030776ada8a,gpt4_4ef30696,2,2,True,True,1.0,226,52,0,0.23008849557522124,4,type_i,False,False
gemma4-e4b,evermemos,0,47c5114c-cbe0-4d63-b505-a480f5a6f27d,gpt4_4fc4f797,2,2,True,True,1.0,254,143,0,0.562992125984252,5,type_i,False,False
gemma4-e4b,evermemos,0,a66c7c42-5a90-4280-b1f8-fe976aec17c0,gpt4_5438fa52,1,0,False,False,0.0,218,218,0,1.0,5,type_i,False,True
gemma4-e4b,evermemos,0,450a40cf-bf17-4ea2-8b06-17262f9a3862,gpt4_5501fe77,2,0,False,False,0.0,241,178,0,0.7385892116182573,5,type_i,False,True
gemma4-e4b,evermemos,0,6ae9b133-718b-452c-ae70-576636ed315e,gpt4_59149c77,2,2,True,True,1.0,217,48,0,0.22119815668202766,4,type_i,False,False
gemma4-e4b,evermemos,0,a23df3fc-7a2f-4f54-8f93-ada56da6b487,gpt4_59149c78,1,0,False,False,0.0,236,236,0,1.0,5,type_i,False,True
gemma4-e4b,evermemos,0,a218a3cc-821b-4d36-ab93-e49b5ed67441,gpt4_59c863d7,5,0,False,False,0.0,223,223,0,1.0,5,type_i,False,True
gemma4-e4b,evermemos,0,28099f05-02fe-43f6-9510-d3dbbdc6c6de,gpt4_5dcc0aab,1,0,False,False,0.0,236,236,0,1.0,5,type_i,False,False
gemma4-e4b,evermemos,0,64262868-80cd-417c-b8da-934e7616cacf,gpt4_61e13b3c,2,2,True,True,1.0,217,0,0,0.0,3,type_i,False,False
gemma4-e4b,evermemos,0,18e948b2-0b93-4286-b297-084cdd0ff934,gpt4_65aabe59,2,0,False,False,0.0,238,142,0,0.5966386554621849,4,type_i,False,True
gemma4-e4b,evermemos,0,f7c00e48-98db-4000-b9ae-7ca269051fef,gpt4_68e94287,2,1,True,False,0.5,252,48,0,0.19047619047619047,4,type_i,False,False
gemma4-e4b,evermemos,0,3ef45995-a7ce-469a-964c-1027246fd891,gpt4_68e94288,1,0,False,False,0.0,225,225,0,1.0,5,type_i,False,True
gemma4-e4b,evermemos,0,9f2f233f-181a-4abc-9b9a-a0a9a0a7dd05,gpt4_6dc9b45b,1,0,False,False,0.0,231,142,0,0.6147186147186147,4,type_i,False,True
gemma4-e4b,evermemos,0,de7d617c-b3ac-4fe5-abcf-c83e4587839b,gpt4_6ed717ea,2,0,False,False,0.0,229,179,0,0.7816593886462883,5,type_i,False,True
gemma4-e4b,evermemos,0,ab582be8-9b99-4899-8323-f5286c15d3ad,gpt4_70e84552,2,0,False,False,0.0,224,224,0,1.0,5,type_i,False,True
gemma4-e4b,evermemos,0,8308fc31-2957-4e6f-abf0-9620396e1536,gpt4_731e37d7,4,3,True,False,0.75,215,46,0,0.21395348837209302,4,type_i,False,False
gemma4-e4b,evermemos,0,59e3c8be-b7a9-4543-944f-364e1ae23232,gpt4_74aed68e,2,1,True,False,0.5,255,197,0,0.7725490196078432,5,type_i,False,False
gemma4-e4b,evermemos,0,5e759e59-165f-4e61-aec9-9d00d9216f0d,gpt4_76048e76,2,0,False,False,0.0,227,227,0,1.0,4,type_i,False,True
gemma4-e4b,evermemos,0,945511bc-1ee5-4cbe-9dcc-017b297f7769,gpt4_78cf46a3,2,1,True,False,0.5,209,154,0,0.7368421052631579,4,type_i,False,False
gemma4-e4b,evermemos,0,7a556eb8-3123-4499-83cf-6b01361998be,gpt4_7a0daae1,2,1,True,False,0.5,246,106,0,0.43089430894308944,4,type_i,False,False
gemma4-e4b,evermemos,0,879a8e77-7d9c-479f-919a-991de1c6e969,gpt4_7abb270c,6,0,False,False,0.0,245,245,0,1.0,5,type_i,False,True
gemma4-e4b,evermemos,0,49b5fc2b-5e86-4e6f-beb9-996c38cdbc5c,gpt4_7bc6cf22,1,0,False,False,0.0,218,218,0,1.0,4,type_i,False,True
gemma4-e4b,evermemos,0,69431dd6-48da-42ba-a002-d4dbf21d8484,gpt4_7ca326fa,3,0,False,False,0.0,248,248,0,1.0,5,type_i,False,True
gemma4-e4b,evermemos,0,d37ae8b0-ea39-4b70-8a44-517158082038,gpt4_7ddcf75f,1,1,True,True,1.0,210,151,0,0.719047619047619,4,type_i,False,False
gemma4-e4b,evermemos,0,0555e50f-c265-476f-958e-f14a46173589,gpt4_7de946e7,2,0,False,False,0.0,220,220,0,1.0,5,type_i,False,True
gemma4-e4b,evermemos,0,e89c2af4-7ebe-497b-9bf9-6c1928115351,gpt4_7f6b06db,3,0,False,False,0.0,198,198,0,1.0,4,type_i,False,True
gemma4-e4b,evermemos,0,493d365d-1853-4851-aa33-09a38a075f79,gpt4_7fce9456,5,1,True,False,0.2,237,92,0,0.3881856540084388,4,type_i,False,False
gemma4-e4b,evermemos,0,d459abfd-ba5b-499f-a5c4-4220d95f3c07,gpt4_8279ba02,1,1,True,True,1.0,242,99,0,0.4090909090909091,4,type_i,False,False
gemma4-e4b,evermemos,0,49214c34-e875-412e-8a12-d3069ecfc7db,gpt4_8279ba03,1,0,False,False,0.0,233,233,0,1.0,5,type_i,False,False
gemma4-e4b,evermemos,0,02a465fc-57fb-4ef8-b4aa-497bf072ec55,gpt4_85da3956,1,1,True,True,1.0,210,149,0,0.7095238095238096,4,type_i,False,False
gemma4-e4b,evermemos,0,b74902bc-9663-4528-ba6a-bac62eb9b75b,gpt4_88806d6e,2,2,True,True,1.0,219,126,0,0.5753424657534246,5,type_i,False,False
gemma4-e4b,evermemos,0,0e18ec00-8f80-4140-87d0-af428a7d5beb,gpt4_8c8961ae,2,1,True,False,0.5,225,133,0,0.5911111111111111,5,type_i,False,False
gemma4-e4b,evermemos,0,38d3edb1-87d4-44af-a811-f59059d5303e,gpt4_8e165409,2,1,True,False,0.5,217,54,0,0.2488479262672811,3,type_i,False,False
gemma4-e4b,evermemos,0,19872608-89e3-4f31-a84d-9b710487ae81,gpt4_93159ced,2,1,True,False,0.5,211,0,0,0.0,4,type_i,False,False
gemma4-e4b,evermemos,0,bdc38a83-49dd-4fe8-8563-88a325c6b203,gpt4_93f6379c,2,0,False,False,0.0,210,210,0,1.0,4,type_i,False,True
gemma4-e4b,evermemos,0,2cfd9a75-9cc1-48fb-9d3d-45d9eaf080f8,gpt4_98f46fc6,2,0,False,False,0.0,241,241,0,1.0,5,type_i,False,True
gemma4-e4b,evermemos,0,0f48f6e6-ff9d-4404-995e-c13308d874dc,gpt4_9a159967,3,3,True,True,1.0,231,46,0,0.19913419913419914,5,type_i,False,False
gemma4-e4b,evermemos,0,9f883ed1-8150-4dbd-aa2c-2524ad47f9cb,gpt4_a1b77f9c,6,2,True,False,0.3333333333333333,197,0,0,0.0,3,type_i,False,False
gemma4-e4b,evermemos,0,25646ce1-3c94-4976-babf-669f3d42f0b5,gpt4_a2d1d1f6,1,1,True,True,1.0,207,43,0,0.20772946859903382,3,type_i,False,False
gemma4-e4b,evermemos,0,4a27314b-2495-44a2-ad9c-0cb3a20c375a,gpt4_a56e767c,4,0,False,False,0.0,218,218,0,1.0,5,type_i,False,True
gemma4-e4b,evermemos,0,6cd4893d-7563-411b-a202-8a67c7c72cf3,gpt4_ab202e7f,5,0,False,False,0.0,224,134,0,0.5982142857142857,4,type_i,False,True
gemma4-e4b,evermemos,0,8e344e52-119e-4afd-a682-3359427246d5,gpt4_af6db32f,1,0,False,False,0.0,216,216,0,1.0,5,type_i,False,True
gemma4-e4b,evermemos,0,06599998-5a05-449a-8727-6ce255dcc1e1,gpt4_b0863698,1,1,True,True,1.0,248,95,0,0.38306451612903225,4,type_i,False,False
gemma4-e4b,evermemos,0,8f009168-6d34-445a-abcf-bbcd766ed206,gpt4_b4a80587,2,0,False,False,0.0,245,245,0,1.0,5,type_i,False,True
gemma4-e4b,evermemos,0,d3e452b1-6ee9-4e80-882a-cd5adb8d99b5,gpt4_b5700ca0,1,0,False,False,0.0,221,221,0,1.0,5,type_i,False,False
gemma4-e4b,evermemos,0,8e66be09-7cdf-4767-96af-eab782d78201,gpt4_b5700ca9,1,1,True,True,1.0,227,96,0,0.42290748898678415,4,type_i,False,False
gemma4-e4b,evermemos,0,4d6d5bff-81df-477d-9eb9-e89ff9f8ad0c,gpt4_c27434e8,2,0,False,False,0.0,223,142,0,0.6367713004484304,4,type_i,False,True
gemma4-e4b,evermemos,0,7fc4c7e2-c355-491d-b42d-9eeb867b1a95,gpt4_cd90e484,2,0,False,False,0.0,201,104,0,0.5174129353233831,3,type_i,False,True
gemma4-e4b,evermemos,0,38b311c8-4914-413d-93f3-6a7161e60713,gpt4_d12ceb0e,6,0,False,False,0.0,256,186,0,0.7265625,5,type_i,False,True
gemma4-e4b,evermemos,0,9b2855b7-305e-41f8-998a-0ccae6161351,gpt4_d31cdae3,2,1,True,False,0.5,219,50,0,0.228310502283105,3,type_i,False,False
gemma4-e4b,evermemos,0,e28a12b3-8cd2-4b85-9de0-1415e25a01c4,gpt4_d6585ce8,5,0,False,False,0.0,246,246,0,1.0,5,type_i,False,True
gemma4-e4b,evermemos,0,98aab43a-dbf2-4387-9d3b-f473a1996a7b,gpt4_d6585ce9,1,0,False,False,0.0,233,233,0,1.0,5,type_i,False,True
gemma4-e4b,evermemos,0,3175f8da-10f4-475d-99eb-d5620563d5a1,gpt4_d84a3211,3,0,False,False,0.0,232,175,0,0.7543103448275862,5,type_i,False,True
gemma4-e4b,evermemos,0,5fec65ca-4ad8-42e7-a4c9-21c9bf932cc2,gpt4_d9af6064,1,0,False,False,0.0,242,242,0,1.0,5,type_i,False,True
gemma4-e4b,evermemos,0,e4e97916-1ef7-43f5-b935-8d76ab4941ff,gpt4_e05b82a6,6,0,False,False,0.0,214,156,0,0.7289719626168224,4,type_i,False,True
gemma4-e4b,evermemos,0,ea02d61c-b163-45b4-bbf9-36732245d08e,gpt4_e061b84f,3,0,False,False,0.0,237,100,0,0.4219409282700422,3,type_i,False,True
gemma4-e4b,evermemos,0,fd49de12-db55-475f-8263-880b50e4f56c,gpt4_e061b84g,1,0,False,False,0.0,254,254,0,1.0,5,type_i,False,True
gemma4-e4b,evermemos,0,325a6da7-bdba-42e1-a6bf-393f27349639,gpt4_e072b769,1,0,False,False,0.0,249,189,0,0.7590361445783133,5,type_i,False,False
gemma4-e4b,evermemos,0,3619e3fc-44c5-4af7-a2e5-4236872b6cb4,gpt4_e414231e,2,1,True,False,0.5,234,51,0,0.21794871794871795,3,type_i,False,False
gemma4-e4b,evermemos,0,703c1800-4332-4007-8980-fa1ccf083bdc,gpt4_e414231f,1,0,False,False,0.0,251,251,0,1.0,6,type_i,False,True
gemma4-e4b,evermemos,0,691f9e73-4d91-4b04-a81f-c2bc091190b7,gpt4_ec93e27f,2,0,False,False,0.0,200,128,0,0.64,4,type_i,False,True
gemma4-e4b,evermemos,0,c9fcccfa-eefa-4b70-9ed0-2dece2cc1694,gpt4_f2262a51,3,0,False,False,0.0,235,99,0,0.42127659574468085,4,type_i,False,True
gemma4-e4b,evermemos,0,b4b230e8-28bb-4e29-8c8a-6ad1f0ed43d9,gpt4_f420262c,4,0,False,False,0.0,227,227,0,1.0,5,type_i,False,True
gemma4-e4b,evermemos,0,f8686867-8497-4ad4-9b46-27f62ca1410c,gpt4_f420262d,1,1,True,True,1.0,227,91,0,0.4008810572687225,4,type_i,False,False
gemma4-e4b,evermemos,0,28531c7c-40da-4b14-86ba-0956d75d6666,gpt4_f49edff3,3,2,True,False,0.6666666666666666,215,0,0,0.0,3,type_i,False,False
gemma4-e4b,evermemos,0,7ced08f4-07e8-45b4-8478-3fd9385475d1,gpt4_fa19884c,2,1,True,False,0.5,248,106,0,0.4274193548387097,4,type_i,False,False
gemma4-e4b,evermemos,0,ce977133-22af-4c32-8963-936d95141b45,gpt4_fa19884d,1,0,False,False,0.0,241,241,0,1.0,5,type_i,False,True
gemma4-e4b,evermemos,0,c04a5450-7486-49bc-a6b4-9392e8fc2623,gpt4_fe651585,2,0,False,False,0.0,228,228,0,1.0,5,type_i,False,True
gemma4-e4b,mem0,0,87f097fd-32d3-40e6-b064-ba773a5232ec,001be529,1,1,True,True,1.0,232,49,0,0.21120689655172414,5,type_i,False,False
gemma4-e4b,mem0,0,f79e164a-a5ea-496b-ba7a-be1847f54847,00ca467f,2,2,True,True,1.0,222,100,0,0.45045045045045046,4,type_i,False,False
gemma4-e4b,mem0,0,1b321d43-0df2-4cd5-8463-1ba2ef7999b7,0100672e,2,1,True,False,0.5,213,97,0,0.45539906103286387,4,type_i,False,False
gemma4-e4b,mem0,0,12c8972f-d9ce-4dfd-82aa-bd6dc9f9e7a3,01493427,2,0,False,False,0.0,215,63,0,0.2930232558139535,4,type_ii,False,False
gemma4-e4b,mem0,0,18c3b2d1-4703-4c76-b9c2-617c4aa05898,031748ae,2,1,True,False,0.5,233,0,0,0.0,5,type_ii,False,False
gemma4-e4b,mem0,0,52121543-cc3b-4493-aaac-32b63715c93e,06878be2,1,1,True,True,1.0,241,44,0,0.1825726141078838,5,type_i,False,False
gemma4-e4b,mem0,0,7ad381af-2c57-4ac7-abbc-d1ab8e4ed60c,06db6396,2,1,True,False,0.5,220,0,0,0.0,4,type_ii,False,False
gemma4-e4b,mem0,0,4af337a8-32b6-4d8b-a623-2456cdfb7616,06f04340,3,1,True,False,0.3333333333333333,228,49,0,0.2149122807017544,5,type_i,False,False
gemma4-e4b,mem0,0,d97c5a29-8d09-4a9c-8411-d7342f33c5ef,07741c44,2,0,False,False,0.0,253,46,0,0.18181818181818182,5,type_ii,False,False
gemma4-e4b,mem0,0,dcbddf76-81c1-435e-be84-5f30d6d2d75e,07741c45,2,0,False,False,0.0,244,191,0,0.7827868852459017,5,type_ii,False,False
gemma4-e4b,mem0,0,3f41aa63-d44e-4383-b195-32a655134eea,078150f1,2,1,True,False,0.5,241,52,0,0.2157676348547718,5,type_i,False,False
gemma4-e4b,mem0,0,294ae4d8-cddd-49e3-9139-f34ed8bb78e5,07b6f563,1,1,True,True,1.0,240,91,0,0.37916666666666665,5,type_i,False,False
gemma4-e4b,mem0,0,f40ab742-4da7-4785-9af8-99662ca0ce6e,0862e8bf,1,0,False,False,0.0,229,45,0,0.1965065502183406,5,type_i,False,False
gemma4-e4b,mem0,0,9cc8b533-f8b2-4b08-a52d-e3e9b6129057,08e075c7,1,0,False,False,0.0,250,51,0,0.204,6,type_ii,False,False
gemma4-e4b,mem0,0,c50ecdaa-e050-47ab-b211-0ab30c4d0e05,08f4fc43,2,2,True,True,1.0,251,81,0,0.32270916334661354,4,type_i,False,False
gemma4-e4b,mem0,0,b3857e59-5aa2-49c2-8787-f61358d64776,0977f2af,2,1,True,False,0.5,231,179,0,0.7748917748917749,5,type_ii,False,False
gemma4-e4b,mem0,0,31a649cd-a136-443a-aa34-46aa887df82e,099778bb,2,1,True,False,0.5,246,87,0,0.35365853658536583,5,type_i,False,False
gemma4-e4b,mem0,0,a554d24f-d6ea-40ac-865a-82065f99db54,09ba9854,2,1,True,False,0.5,222,100,0,0.45045045045045046,4,type_i,False,False
gemma4-e4b,mem0,0,4c207703-8723-40c2-8720-cbde2d441012,09d032c9,2,1,True,False,0.5,239,103,0,0.4309623430962343,5,type_i,False,False
gemma4-e4b,mem0,0,a34a15bf-c977-45d2-9243-efc3b564b89e,0a34ad58,2,0,False,False,0.0,248,42,0,0.1693548387096774,4,type_i,False,False
gemma4-e4b,mem0,0,5e0482c5-b6eb-4e99-9d57-7bd48b9835d0,0a995998,3,2,True,False,0.6666666666666666,230,43,0,0.18695652173913044,5,type_i,False,False
gemma4-e4b,mem0,0,93d7dd2c-1f4e-487e-ba94-b1ee4f9be1db,0bb5a684,2,1,True,False,0.5,224,115,0,0.5133928571428571,4,type_i,False,False
gemma4-e4b,mem0,0,907b28db-a71e-4b0c-8283-c73dc34ba626,0bc8ad92,2,2,True,True,1.0,243,49,0,0.20164609053497942,5,type_i,False,False
gemma4-e4b,mem0,0,b3ed8658-f937-4279-a424-94b951a2d363,0bc8ad93,1,1,True,True,1.0,241,0,0,0.0,5,type_i,False,False
gemma4-e4b,mem0,0,b86f55de-7185-4c68-9057-02e12dba2637,0db4c65d,2,1,True,False,0.5,209,102,0,0.4880382775119617,4,type_i,False,False
gemma4-e4b,mem0,0,51539de1-4db6-426a-b650-1a25f9edcf34,0ddfec37,2,1,True,False,0.5,235,0,0,0.0,5,type_ii,False,False
gemma4-e4b,mem0,0,db8ee968-0ec8-4497-9d6c-999fcdfdbd5d,0e4e4c46,2,0,False,False,0.0,229,0,0,0.0,4,type_ii,False,False
gemma4-e4b,mem0,0,531249a1-8e89-47d6-be61-945af4fd11cb,0e5e2d1a,1,0,False,False,0.0,230,0,0,0.0,3,type_i,False,False
gemma4-e4b,mem0,0,0e1e683e-945c-4b80-932c-17c828278078,0ea62687,2,1,True,False,0.5,237,0,0,0.0,4,type_i,False,False
gemma4-e4b,mem0,0,08bdcd12-8870-4497-9d83-a1e8de0a53e2,0edc2aef,1,0,False,False,0.0,249,109,0,0.43775100401606426,5,type_i,False,False
gemma4-e4b,mem0,0,9be4db64-60fd-4b6f-9227-22e4029786fd,0f05491a,2,1,True,False,0.5,236,49,0,0.2076271186440678,4,type_ii,False,False
gemma4-e4b,mem0,0,7d225fd7-63ac-4177-9584-e1118fe938d9,10d9b85a,3,3,True,True,1.0,256,62,0,0.2421875,5,type_i,False,False
gemma4-e4b,mem0,0,9b50c82d-0bc8-4bc5-bc8e-5b2bd1796ad6,10e09553,2,2,True,True,1.0,232,99,0,0.4267241379310345,4,type_ii,False,False
gemma4-e4b,mem0,0,b1fa519d-62e1-40ea-9975-f77c0279d034,118b2229,1,0,False,False,0.0,240,60,0,0.25,5,type_i,False,False
gemma4-e4b,mem0,0,cd512701-7a38-4372-8f57-7e759ddaeec4,1192316e,2,1,True,False,0.5,243,134,0,0.551440329218107,4,type_i,False,False
gemma4-e4b,mem0,0,6738468a-a129-49df-8676-a03fe8577b24,129d1232,3,2,True,False,0.6666666666666666,250,91,0,0.364,5,type_i,False,False
gemma4-e4b,mem0,0,96bcc3be-130d-4958-9cdb-edba25e2fc34,1568498a,1,0,False,False,0.0,216,116,0,0.5370370370370371,4,type_i,False,False
gemma4-e4b,mem0,0,3fa7fdd2-f94b-4454-8f6d-2d57a6765410,15745da0,1,1,True,True,1.0,214,0,0,0.0,4,type_i,False,False
gemma4-e4b,mem0,0,e3760e42-40ad-4327-86b8-254c6c345ae4,157a136e,2,2,True,True,1.0,216,46,0,0.21296296296296297,5,type_i,False,False
gemma4-e4b,mem0,0,7dca1d20-0c54-4048-8034-10ccb18f4e35,16c90bf4,1,0,False,False,0.0,242,97,0,0.40082644628099173,5,type_i,False,False
gemma4-e4b,mem0,0,21240c71-0e22-42c7-8fa1-be3287e02cad,184da446,2,1,True,False,0.5,233,0,0,0.0,5,type_ii,False,False
gemma4-e4b,mem0,0,b511b846-670d-4c6e-b036-1333757b2b00,18bc8abd,2,1,True,False,0.5,248,191,0,0.7701612903225806,5,type_ii,False,False
gemma4-e4b,mem0,0,0d426451-8826-46e4-b8e6-27e59efa9b19,18dcd5a5,1,1,True,True,1.0,232,118,0,0.5086206896551724,4,type_i,False,False
gemma4-e4b,mem0,0,edc9b385-39a3-467f-9175-2d5d70e13e20,1903aded,1,1,True,True,1.0,245,47,0,0.19183673469387755,5,type_i,False,False
gemma4-e4b,mem0,0,30f60618-624c-4fdb-9e40-62aa904d1bd2,195a1a1b,1,1,True,True,1.0,248,50,0,0.20161290322580644,5,type_i,False,False
gemma4-e4b,mem0,0,3bd36286-e0c3-4395-9c8b-4c4bbd5d4605,19b5f2b3,1,1,True,True,1.0,215,0,0,0.0,4,type_i,False,False
gemma4-e4b,mem0,0,ff4f7ccd-bb37-4853-8570-2a2bdb65333f,1a1907b4,1,1,True,True,1.0,213,0,0,0.0,4,type_i,False,False
gemma4-e4b,mem0,0,9aa91cd6-b258-4d4a-8aa1-7d03f4ab765b,1a8a66a6,3,0,False,False,0.0,248,55,0,0.2217741935483871,4,type_i,False,False
gemma4-e4b,mem0,0,e8a7f656-10b5-4d3c-a1e6-72fd5fffd1e9,1b9b7252,1,1,True,True,1.0,247,0,0,0.0,4,type_i,False,False
gemma4-e4b,mem0,0,a2adab9e-f305-46e0-ba1e-59c041d3a0e6,1c0ddc50,4,0,False,False,0.0,229,90,0,0.3930131004366812,5,type_i,False,False
gemma4-e4b,mem0,0,4a485526-ab5c-4dd5-abbd-1556453894ec,1c549ce4,2,0,False,False,0.0,220,47,0,0.21363636363636362,5,type_i,False,False
gemma4-e4b,mem0,0,f525ac83-7831-4b56-b166-c563d488d77c,1cea1afa,2,1,True,False,0.5,255,0,0,0.0,5,type_ii,False,False
gemma4-e4b,mem0,0,c447a2b4-0c0b-4c4d-8e3d-0b39fa7c1016,1d4da289,1,1,True,True,1.0,207,52,0,0.25120772946859904,4,type_i,False,False
gemma4-e4b,mem0,0,b3249624-4e08-4739-90d3-a811484c0cb7,1d4e3b97,2,0,False,False,0.0,228,228,0,1.0,4,type_i,False,False
gemma4-e4b,mem0,0,6b037229-ebfc-4e0b-93f8-94d25ee023ac,1da05512,2,1,True,False,0.5,239,138,0,0.5774058577405857,5,type_i,False,False
gemma4-e4b,mem0,0,38cb764c-bf41-4e2a-ac52-78ea99c2209e,1de5cff2,1,0,False,False,0.0,218,0,0,0.0,4,type_i,False,False
gemma4-e4b,mem0,0,e277b9f8-a1f0-4996-a428-5db60ea30ec5,1e043500,1,1,True,True,1.0,239,94,0,0.39330543933054396,5,type_i,False,False
gemma4-e4b,mem0,0,8f950fa0-6e97-4223-8c04-c27d60a60435,1f2b8d4f,2,1,True,False,0.5,239,132,0,0.5523012552301255,5,type_i,False,False
gemma4-e4b,mem0,0,7baecf60-5e62-4d0f-8481-500555ade331,1faac195,1,1,True,True,1.0,218,0,0,0.0,5,type_i,False,False
gemma4-e4b,mem0,0,583c12a1-7b0e-4248-9f72-6d7fcc96e28e,2133c1b5,2,0,False,False,0.0,218,94,0,0.43119266055045874,5,type_ii,False,False
gemma4-e4b,mem0,0,01b46a4b-9d7b-4ab1-ac98-60c13e5b1054,21436231,1,1,True,True,1.0,231,0,0,0.0,5,type_i,False,False
gemma4-e4b,mem0,0,7cd57b84-94a7-4004-a32a-dc75ea5d30a5,21d02d0d,2,0,False,False,0.0,222,75,0,0.33783783783783783,4,type_i,False,False
gemma4-e4b,mem0,0,ec104c88-8b79-400b-87e6-1108f291415b,22d2cb42,1,0,False,False,0.0,222,116,0,0.5225225225225225,3,type_ii,False,False
gemma4-e4b,mem0,0,0c664502-51b8-4712-b10a-54d809e3c8c0,2311e44b,2,1,True,False,0.5,212,93,0,0.4386792452830189,4,type_i,False,False
gemma4-e4b,mem0,0,37561675-3771-4beb-88fd-41a7d2ecd264,2318644b,2,2,True,True,1.0,220,109,0,0.4954545454545455,4,type_i,False,False
gemma4-e4b,mem0,0,aa170411-4073-4ce5-9b4a-92f57aaa739d,25e5aa4f,1,0,False,False,0.0,219,44,0,0.2009132420091324,5,type_i,False,False
gemma4-e4b,mem0,0,d23fc380-d06a-4274-ba29-46eecd1c6878,2698e78f,2,0,False,False,0.0,241,0,0,0.0,5,type_ii,False,False
gemma4-e4b,mem0,0,a91beafe-5607-4ab9-b5fa-c3bd3f95fbdb,26bdc477,2,1,True,False,0.5,241,0,0,0.0,4,type_ii,False,False
gemma4-e4b,mem0,0,6e15f8cd-a8a1-4331-a2a6-6677e5937639,27016adc,2,1,True,False,0.5,237,57,0,0.24050632911392406,3,type_i,False,False
gemma4-e4b,mem0,0,eec37613-e9ae-4b8f-b0c0-0b6271880753,2788b940,5,3,True,False,0.6,226,100,0,0.4424778761061947,5,type_i,False,False
gemma4-e4b,mem0,0,de5d9988-40df-408f-b555-71e0ebc7a33f,28bcfaac,1,1,True,True,1.0,212,0,0,0.0,4,type_i,False,False
gemma4-e4b,mem0,0,be4fe919-6e43-4252-b21f-ed57ac2f943b,28dc39ac,5,1,True,False,0.2,202,146,0,0.7227722772277227,4,type_i,False,False
gemma4-e4b,mem0,0,f2803d17-5581-44fd-aa87-0740217c3696,29f2956b,1,0,False,False,0.0,248,53,0,0.21370967741935484,5,type_i,False,False
gemma4-e4b,mem0,0,f4c42461-c019-4fbf-b8c0-f62386d4a26b,2a1811e2,2,2,True,True,1.0,222,0,0,0.0,4,type_i,False,False
gemma4-e4b,mem0,0,95da118c-b319-4cb0-af46-6de7db6814b4,2b8f3739,3,2,True,False,0.6666666666666666,239,96,0,0.401673640167364,4,type_i,False,False
gemma4-e4b,mem0,0,defaa999-a1e0-435e-83dd-c1e6fa1f5e7a,2bf43736,1,1,True,True,1.0,210,0,0,0.0,4,type_i,False,False
gemma4-e4b,mem0,0,2eabfc19-155e-4233-8d6a-b5a9181e19b2,2c63a862,2,0,False,False,0.0,240,51,0,0.2125,5,type_i,False,False
gemma4-e4b,mem0,0,2eb79043-88f9-4e92-8fc3-bd444a460b15,2ce6a0f2,4,0,False,False,0.0,218,0,0,0.0,3,type_i,False,False
gemma4-e4b,mem0,0,f1d8955f-ba22-4111-ad43-390415b63494,2e6d26dc,5,1,True,False,0.2,212,161,0,0.7594339622641509,4,type_i,False,False
gemma4-e4b,mem0,0,5865954e-fd7a-48e1-ba52-8a92fc086ec8,2ebe6c90,2,1,True,False,0.5,224,0,0,0.0,4,type_i,False,False
gemma4-e4b,mem0,0,c4abe153-9443-41f4-a374-5411b10423d7,2ebe6c92,2,0,False,False,0.0,238,50,0,0.21008403361344538,5,type_i,False,False
gemma4-e4b,mem0,0,2dcdffd9-80a7-48a0-b0c8-fc8b176a393f,311778f1,1,1,True,True,1.0,223,0,0,0.0,4,type_i,False,False
gemma4-e4b,mem0,0,f5ff35e1-e889-4e16-a21b-b71826c6f0ae,32260d93,1,1,True,True,1.0,246,91,0,0.3699186991869919,5,type_i,False,False
gemma4-e4b,mem0,0,cb0b7c95-9aab-4aaa-b79f-32f824fbb1ea,3249768e,1,0,False,False,0.0,247,48,0,0.19433198380566802,3,type_i,False,False
gemma4-e4b,mem0,0,012957f8-a39d-4587-8336-1abc8ac39728,352ab8bd,1,1,True,True,1.0,225,0,0,0.0,4,type_i,False,False
gemma4-e4b,mem0,0,6acdd080-904b-4370-8cf6-72de9ef6c1a6,35a27287,2,0,False,False,0.0,255,0,0,0.0,3,type_i,False,False
gemma4-e4b,mem0,0,8f6656c6-d5f0-4868-8caf-4f4ae382a593,36580ce8,1,1,True,True,1.0,236,0,0,0.0,5,type_i,False,False
gemma4-e4b,mem0,0,5b775ff5-cfea-4383-8881-b0a380e5fa65,36b9f61e,3,0,False,False,0.0,251,53,0,0.21115537848605578,4,type_i,False,False
gemma4-e4b,mem0,0,1d5d93a4-acf6-4dd4-b03e-b2789c75dadc,370a8ff4,2,2,True,True,1.0,243,0,0,0.0,5,type_i,False,False
gemma4-e4b,mem0,0,d3fbdd24-c489-430e-82fc-fca3d1931e48,37d43f65,1,1,True,True,1.0,201,45,0,0.22388059701492538,4,type_i,False,False
gemma4-e4b,mem0,0,3b51f5fe-4fa8-4e48-8af0-b601f6774b02,37f165cf,2,0,False,False,0.0,210,115,0,0.5476190476190477,4,type_i,False,False
gemma4-e4b,mem0,0,26568ecd-db01-444a-8d13-789ea19d879a,38146c39,2,0,False,False,0.0,224,0,0,0.0,4,type_i,False,False
gemma4-e4b,mem0,0,3fcbf430-de97-4116-aa4a-9023e5e5d802,3a704032,3,3,True,True,1.0,252,58,0,0.23015873015873015,5,type_i,False,False
gemma4-e4b,mem0,0,3c476f27-d02b-44d4-a8a0-524eb230965b,3b6f954b,1,1,True,True,1.0,240,61,0,0.25416666666666665,5,type_i,False,False
gemma4-e4b,mem0,0,2e02fd7a-02d2-4a57-b9e6-a3d58304ff6c,3ba21379,1,0,False,False,0.0,213,213,0,1.0,5,type_ii,False,False
gemma4-e4b,mem0,0,f0002fca-026c-4600-bd05-aea4f66d52d6,3c1045c8,2,2,True,True,1.0,248,0,0,0.0,5,type_i,False,False
gemma4-e4b,mem0,0,cbbdccf5-c945-4f51-8fcb-ccd8dcee6c1c,3d86fd0a,1,1,True,True,1.0,227,90,0,0.3964757709251101,5,type_i,False,False
gemma4-e4b,mem0,0,984835ba-8e13-45b7-8b72-7a16f327e57f,3e321797,1,0,False,False,0.0,237,87,0,0.3670886075949367,4,type_i,False,False
gemma4-e4b,mem0,0,f441ba43-27a2-40ed-ae56-30d5497b9911,3f1e9474,1,0,False,False,0.0,229,48,0,0.2096069868995633,5,type_i,False,False
gemma4-e4b,mem0,0,1dfce634-7cff-4f81-812a-8292002ea8dc,3fdac837,2,1,True,False,0.5,248,47,0,0.18951612903225806,5,type_i,False,False
gemma4-e4b,mem0,0,2e03269f-3336-4882-9298-3de60d7645a7,3fe836c9,2,2,True,True,1.0,208,100,0,0.4807692307692308,4,type_i,False,False
gemma4-e4b,mem0,0,aefc99d7-c65b-4db2-88ac-7cfe3647ac49,4100d0a0,1,1,True,True,1.0,254,42,0,0.16535433070866143,5,type_i,False,False
gemma4-e4b,mem0,0,7e92cd56-3ea3-42fc-8015-cee4038bb8c9,41275add,1,1,True,True,1.0,238,94,0,0.3949579831932773,4,type_i,False,False
gemma4-e4b,mem0,0,2ad06b43-bfd1-4de8-ad97-da69d337531b,41698283,2,1,True,False,0.5,241,181,0,0.7510373443983402,5,type_ii,False,False
gemma4-e4b,mem0,0,33e1700d-2a86-4aad-bfa2-ee42dbdb4992,42ec0761,2,0,False,False,0.0,214,40,0,0.18691588785046728,5,type_ii,False,False
gemma4-e4b,mem0,0,f765a641-2ad0-4520-a25f-52cc75254acf,4388e9dd,1,0,False,False,0.0,251,64,0,0.2549800796812749,5,type_i,False,False
gemma4-e4b,mem0,0,7c62667c-5d55-4ef9-bbb1-e7e03715e014,45dc21b6,2,0,False,False,0.0,231,0,0,0.0,4,type_ii,False,False
gemma4-e4b,mem0,0,15a9a790-b32a-46d6-9333-7883639ee829,46a3abf7,3,2,True,False,0.6666666666666666,220,88,0,0.4,4,type_i,False,False
gemma4-e4b,mem0,0,0e46a545-f00b-45e3-be21-d0b1431ee99a,488d3006,1,0,False,False,0.0,238,0,0,0.0,4,type_i,False,False
gemma4-e4b,mem0,0,7ba6b87e-2fd0-45c8-8005-645e32866cff,4adc0475,2,2,True,True,1.0,221,0,0,0.0,4,type_i,False,False
gemma4-e4b,mem0,0,0c276f8f-2776-4e77-a523-a12f03c308d5,4b24c848,2,1,True,False,0.5,234,0,0,0.0,5,type_ii,False,False
gemma4-e4b,mem0,0,94c56b84-68e4-4b1a-b7fb-f107aa139445,4baee567,1,0,False,False,0.0,233,55,0,0.23605150214592274,5,type_i,False,False
gemma4-e4b,mem0,0,298544a4-0ea0-492c-914e-f7d028bc6c3b,4bc144e2,2,2,True,True,1.0,231,135,0,0.5844155844155844,5,type_i,False,False
gemma4-e4b,mem0,0,1640bd89-a15f-47fe-8db6-74fb4cca0f8c,4c36ccef,1,1,True,True,1.0,247,43,0,0.17408906882591094,5,type_i,False,False
gemma4-e4b,mem0,0,8ebd893e-c964-4c06-be0a-f9b42a279bac,4d6b87c8,2,0,False,False,0.0,152,0,0,0.0,3,type_ii,False,False
gemma4-e4b,mem0,0,6c218815-2d9f-47c6-be50-317d0af8e9d3,4dfccbf7,2,1,True,False,0.5,247,51,0,0.20647773279352227,5,type_i,False,False
gemma4-e4b,mem0,0,e9bc19af-a2be-4601-b2f0-9338e65a0950,4dfccbf8,1,1,True,True,1.0,234,179,0,0.7649572649572649,5,type_i,False,False
gemma4-e4b,mem0,0,01102572-62ca-48c5-aab8-eb3a47873102,4f54b7c9,5,3,True,False,0.6,227,93,0,0.40969162995594716,5,type_i,False,False
gemma4-e4b,mem0,0,e7a140ab-62ae-4b47-8ce6-9173d5cf0830,4fd1909e,1,0,False,False,0.0,232,95,0,0.40948275862068967,5,type_i,False,False
gemma4-e4b,mem0,0,38444c16-4188-4978-ae06-f769ae32894c,5025383b,2,2,True,True,1.0,248,48,0,0.1935483870967742,5,type_i,False,False
gemma4-e4b,mem0,0,510769bd-acad-41e6-8c04-b5af20445be3,505af2f5,3,1,True,False,0.3333333333333333,252,46,0,0.18253968253968253,5,type_i,False,False
gemma4-e4b,mem0,0,73bfbcce-f6a2-41a2-ad14-24427ad73f84,50635ada,1,1,True,True,1.0,217,0,0,0.0,5,type_ii,False,False
gemma4-e4b,mem0,0,6af45888-bd4e-4d27-9140-ccb3348b0bb3,51a45a95,1,0,False,False,0.0,235,176,0,0.7489361702127659,5,type_i,False,False
gemma4-e4b,mem0,0,d993596c-63e3-48eb-987e-5cab195cb2cd,51b23612,1,1,True,True,1.0,214,43,0,0.20093457943925233,4,type_i,False,False
gemma4-e4b,mem0,0,11a41d78-038d-44b0-8758-a1c22707b700,51c32626,1,0,False,False,0.0,228,47,0,0.20614035087719298,5,type_i,False,False
gemma4-e4b,mem0,0,a717623e-87bf-421d-92c5-318c8ef4f09b,54026fce,1,0,False,False,0.0,244,94,0,0.38524590163934425,5,type_i,False,False
gemma4-e4b,mem0,0,9c3b436a-77cc-419f-aea4-f49ccdd15512,545bd2b5,1,0,False,False,0.0,250,97,0,0.388,5,type_i,False,False
gemma4-e4b,mem0,0,32caad0b-e142-4a5c-adde-e2eee7059780,55241a1f,2,2,True,True,1.0,245,45,0,0.1836734693877551,5,type_i,False,False
gemma4-e4b,mem0,0,10b537c2-d971-488b-89e1-5ed767a4d1ef,561fabcd,1,1,True,True,1.0,232,0,0,0.0,5,type_i,False,False
gemma4-e4b,mem0,0,805036de-43a6-48f9-83b1-a11853d8f214,577d4d32,1,0,False,False,0.0,238,58,0,0.24369747899159663,5,type_i,False,False
gemma4-e4b,mem0,0,2697184d-c9cb-4f19-af36-34ccabe59727,57f827a0,1,1,True,True,1.0,245,87,0,0.3551020408163265,4,type_i,False,False
gemma4-e4b,mem0,0,5bdffece-92a1-4694-a9c1-ca63bc0dbdf7,5809eb10,1,1,True,True,1.0,210,0,0,0.0,4,type_i,False,False
gemma4-e4b,mem0,0,7013ca18-4b8b-4e79-a9b7-34abc3631412,5831f84d,2,1,True,False,0.5,214,0,0,0.0,4,type_ii,False,False
gemma4-e4b,mem0,0,d8644e28-2b05-4201-a9b5-330b9d95239a,58470ed2,1,1,True,True,1.0,245,103,0,0.4204081632653061,4,type_i,False,False
gemma4-e4b,mem0,0,20ad54df-84c3-455a-b38d-8b0daef94824,58bf7951,1,1,True,True,1.0,246,0,0,0.0,5,type_i,False,False
gemma4-e4b,mem0,0,babe21c7-0ebf-4ceb-95dc-32917a32ee87,58ef2f1c,1,0,False,False,0.0,229,97,0,0.42358078602620086,5,type_i,False,False
gemma4-e4b,mem0,0,8ad5d679-ea17-41bf-833d-8bdaca193032,59524333,2,0,False,False,0.0,220,0,0,0.0,2,type_ii,False,False
gemma4-e4b,mem0,0,3f7eeacc-0d7c-4b04-9660-37f8844aa43d,5a4f22c0,1,0,False,False,0.0,239,239,0,1.0,5,type_ii,False,False
gemma4-e4b,mem0,0,cb345cc4-5153-4115-81e5-33291bac222c,5a7937c8,3,0,False,False,0.0,230,65,0,0.2826086956521739,4,type_i,False,False
gemma4-e4b,mem0,0,d49251b7-1f01-46b9-a047-741f6c04e6ab,5c40ec5b,1,1,True,True,1.0,241,0,0,0.0,5,type_ii,False,False
gemma4-e4b,mem0,0,9e3d2931-0418-4865-ab8a-c31bdc838784,5d3d2817,1,0,False,False,0.0,251,45,0,0.17928286852589642,6,type_i,False,False
gemma4-e4b,mem0,0,93d29a0c-0115-4dfe-924e-117e5e338fd1,5e1b23de,1,1,True,True,1.0,249,50,0,0.20080321285140562,5,type_i,False,False
gemma4-e4b,mem0,0,634a1920-c77c-4e7b-b301-cacb917666d3,60036106,2,1,True,False,0.5,252,0,0,0.0,4,type_i,False,False
gemma4-e4b,mem0,0,37a0ba87-1897-4f33-ada3-d58ff5f596cb,60159905,3,2,True,False,0.6666666666666666,218,62,0,0.28440366972477066,4,type_i,False,False
gemma4-e4b,mem0,0,31ebdf18-7459-4d9c-b880-6bef16d142a5,603deb26,2,0,False,False,0.0,221,47,0,0.21266968325791855,5,type_ii,False,False
gemma4-e4b,mem0,0,7d771ec0-87ae-4d7c-b8e5-baaab89cb7e3,60472f9c,3,2,True,False,0.6666666666666666,247,41,0,0.1659919028340081,5,type_i,False,False
gemma4-e4b,mem0,0,bf963217-c777-4aea-a601-c95effd1d599,6071bd76,2,1,True,False,0.5,229,0,0,0.0,5,type_ii,False,False
gemma4-e4b,mem0,0,81ba1976-7100-4d39-a483-cb48513603e3,60bf93ed,1,0,False,False,0.0,241,197,0,0.8174273858921162,5,type_i,False,False
gemma4-e4b,mem0,0,798ae51f-a000-43f9-9f7a-47d7df6dcb97,60d45044,1,0,False,False,0.0,209,0,0,0.0,3,type_i,False,False
gemma4-e4b,mem0,0,d5e104ee-06b3-4c1c-ad86-8644e115f67a,618f13b2,2,1,True,False,0.5,215,0,0,0.0,4,type_ii,False,False
gemma4-e4b,mem0,0,a3892f52-0def-4659-a85e-f493c2450f18,61f8c8f8,2,1,True,False,0.5,252,137,0,0.5436507936507936,5,type_i,False,False
gemma4-e4b,mem0,0,c43475b2-ecdd-45ce-9b36-a1f0e024fd1e,6222b6eb,1,1,True,True,1.0,219,109,0,0.4977168949771689,4,type_i,False,False
gemma4-e4b,mem0,0,51d07a94-b968-49e1-9689-e28b4c0604f4,6456829e,2,2,True,True,1.0,227,48,0,0.21145374449339208,5,type_i,False,False
gemma4-e4b,mem0,0,3850d776-a843-4546-b887-31da0c15a62a,65240037,1,1,True,True,1.0,252,0,0,0.0,5,type_i,False,False
gemma4-e4b,mem0,0,6b9598e8-30bb-46f8-9265-d59abe8b4185,6613b389,2,1,True,False,0.5,234,45,0,0.19230769230769232,5,type_i,False,False
gemma4-e4b,mem0,0,51c7dc05-64f7-4198-905e-eff3a632da64,66f24dbb,2,2,True,True,1.0,228,48,0,0.21052631578947367,5,type_i,False,False
gemma4-e4b,mem0,0,efce50a8-08ba-4f7e-b173-11a88cfcde48,67e0d0f2,2,1,True,False,0.5,209,47,0,0.22488038277511962,4,type_i,False,False
gemma4-e4b,mem0,0,460ad999-b0db-4b4d-8cf4-0add1eb6eb53,681a1674,2,0,False,False,0.0,223,79,0,0.3542600896860987,4,type_i,False,False
gemma4-e4b,mem0,0,4234c816-43dc-4254-b3a0-5887afe6ce24,69fee5aa,2,1,True,False,0.5,213,0,0,0.0,4,type_ii,False,False
gemma4-e4b,mem0,0,dccf42f5-1ee0-4929-8730-42222c31ab9b,6a1eabeb,2,0,False,False,0.0,250,111,0,0.444,5,type_ii,False,False
gemma4-e4b,mem0,0,0fd9b158-3668-4ce1-bb79-24be5bfc9d9b,6a27ffc2,2,0,False,False,0.0,228,48,0,0.21052631578947367,5,type_ii,False,False
gemma4-e4b,mem0,0,2fdfb742-09d2-4d91-84c7-f1e26976d4dd,6ade9755,1,1,True,True,1.0,236,43,0,0.18220338983050846,5,type_i,False,False
gemma4-e4b,mem0,0,0d5cbabf-92af-4df5-bb36-cc21979fc666,6ae235be,1,0,False,False,0.0,238,46,0,0.19327731092436976,5,type_i,False,False
gemma4-e4b,mem0,0,4da624fc-1df9-48ed-b977-2c670998b8fb,6aeb4375,2,0,False,False,0.0,218,178,0,0.8165137614678899,5,type_ii,False,False
gemma4-e4b,mem0,0,912dc568-1951-4019-83ff-a5a1d522d6a8,6b168ec8,1,1,True,True,1.0,235,0,0,0.0,5,type_i,False,False
gemma4-e4b,mem0,0,2acf5066-0e6c-423b-b7eb-b17530c4e078,6b7dfb22,5,2,True,False,0.4,203,43,0,0.21182266009852216,3,type_i,False,False
gemma4-e4b,mem0,0,9ef2ad94-c7ad-4cf5-aa74-ed82b9cbeff5,6c49646a,2,1,True,False,0.5,245,44,0,0.17959183673469387,5,type_i,False,False
gemma4-e4b,mem0,0,fbcfbd9b-684d-4843-960a-f1460c252a5c,6cb6f249,2,1,True,False,0.5,220,113,0,0.5136363636363637,4,type_i,False,False
gemma4-e4b,mem0,0,37f9a9ca-9822-4455-a616-a5b62742718d,6d550036,2,0,False,False,0.0,255,120,0,0.47058823529411764,6,type_i,False,False
gemma4-e4b,mem0,0,67b1403a-08d2-491d-8ca2-2d050c83bb62,6e984301,2,0,False,False,0.0,248,0,0,0.0,4,type_i,False,False
gemma4-e4b,mem0,0,748837ee-5aae-4b57-8642-f4cf2561c21a,6e984302,1,0,False,False,0.0,242,51,0,0.21074380165289255,5,type_i,False,False
gemma4-e4b,mem0,0,1d4de977-a475-4cfd-ad0e-a422fd521ba5,6f9b354f,1,0,False,False,0.0,218,49,0,0.22477064220183487,4,type_i,False,False
gemma4-e4b,mem0,0,feeaf5a4-115d-4608-98fb-c269cf9474cd,7024f17c,1,1,True,True,1.0,226,83,0,0.3672566371681416,5,type_i,False,False
gemma4-e4b,mem0,0,4d2aefd3-22d2-4138-86a3-bd213c7f128e,70b3e69b,1,1,True,True,1.0,211,96,0,0.4549763033175355,4,type_i,False,False
gemma4-e4b,mem0,0,5f1ae00a-8f1e-467c-b318-94914d406dea,71017276,1,0,False,False,0.0,227,0,0,0.0,4,type_i,False,False
gemma4-e4b,mem0,0,f4115093-28c1-4eb2-9672-8d249fa123ba,71017277,2,1,True,False,0.5,247,52,0,0.21052631578947367,5,type_i,False,False
gemma4-e4b,mem0,0,1999661d-c6da-4c31-9323-58c9b775b702,71315a70,2,1,True,False,0.5,216,42,0,0.19444444444444445,4,type_ii,False,False
gemma4-e4b,mem0,0,41b8318f-5dc5-4e6a-b3ce-e4f626017444,7161e7e2,1,1,True,True,1.0,211,52,0,0.24644549763033174,4,type_i,False,False
gemma4-e4b,mem0,0,7f7d92a1-2412-4aa3-bf2f-e90157313898,71a3fd6b,1,1,True,True,1.0,247,109,0,0.44129554655870445,4,type_i,False,False
gemma4-e4b,mem0,0,70e30c87-154a-452b-ae35-e6e7671408bb,720133ac,2,0,False,False,0.0,254,0,0,0.0,4,type_i,False,False
gemma4-e4b,mem0,0,00889b12-6c59-4d9f-b44b-b557e8d1e0ca,726462e0,1,1,True,True,1.0,254,49,0,0.19291338582677164,5,type_i,False,False
gemma4-e4b,mem0,0,727531e1-35d4-4fc8-9ae5-b75bcf4f795b,72e3ee87,2,1,True,False,0.5,255,46,0,0.1803921568627451,4,type_ii,False,False
gemma4-e4b,mem0,0,a71161d6-9791-40f2-8b95-23b7e3b0eed7,73d42213,2,1,True,False,0.5,230,166,0,0.7217391304347827,4,type_i,False,False
gemma4-e4b,mem0,0,6d833eac-468c-46e3-8941-93c786b0d383,7401057b,2,2,True,True,1.0,251,0,0,0.0,4,type_ii,False,False
gemma4-e4b,mem0,0,3b29831d-913d-4fa0-90f4-356c0d7523a6,7405e8b1,2,1,True,False,0.5,220,48,0,0.21818181818181817,5,type_i,False,False
gemma4-e4b,mem0,0,9052b60c-92c4-4e08-af08-4800c81dac6f,7527f7e2,1,1,True,True,1.0,242,48,0,0.19834710743801653,5,type_i,False,False
gemma4-e4b,mem0,0,e190ba09-a502-4f8d-9292-a3997f7b2f1c,75499fd8,1,0,False,False,0.0,222,87,0,0.3918918918918919,5,type_i,False,False
gemma4-e4b,mem0,0,f65dc9fc-1965-4157-8dd2-33ca2918160c,75832dbd,2,0,False,False,0.0,185,91,0,0.4918918918918919,4,type_i,False,False
gemma4-e4b,mem0,0,72341b5e-95d9-4596-8e9d-6f0d9b15f8d3,75f70248,1,0,False,False,0.0,220,44,0,0.2,5,type_i,False,False
gemma4-e4b,mem0,0,62e61ee2-c2ab-49be-bbb4-43eb1a0bfcb3,76d63226,1,1,True,True,1.0,243,0,0,0.0,5,type_i,False,False
gemma4-e4b,mem0,0,0678d05f-4efa-479a-8a00-d96dc12c62b9,778164c6,1,1,True,True,1.0,211,87,0,0.41232227488151657,4,type_i,False,False
gemma4-e4b,mem0,0,68838d44-be5a-4fa8-9c5c-f17ec178baf9,77eafa52,2,1,True,False,0.5,246,140,0,0.5691056910569106,5,type_i,False,False
gemma4-e4b,mem0,0,6c9d0255-9872-40ae-bc3d-54668974815e,7a87bd0c,2,1,True,False,0.5,252,0,0,0.0,5,type_ii,False,False
gemma4-e4b,mem0,0,2e61e751-cc05-449a-87ca-5e6ad697cad0,7a8d0b71,1,1,True,True,1.0,229,103,0,0.4497816593886463,4,type_i,False,False
gemma4-e4b,mem0,0,ba8b328a-a300-4c39-8672-35d386264070,7e00a6cb,1,0,False,False,0.0,248,117,0,0.4717741935483871,5,type_i,False,False
gemma4-e4b,mem0,0,b78f8dfd-84f4-46dd-bd77-552aa26a9d24,7e974930,2,0,False,False,0.0,233,0,0,0.0,3,type_ii,False,False
gemma4-e4b,mem0,0,0502bd8f-b298-4cdf-9ef6-b9659fe099e5,8077ef71,1,0,False,False,0.0,232,95,0,0.40948275862068967,5,type_i,False,False
gemma4-e4b,mem0,0,cb00dc0b-3881-4729-ad8c-458a0a8bbf69,80ec1f4f,2,2,True,True,1.0,214,111,0,0.5186915887850467,4,type_i,False,False
gemma4-e4b,mem0,0,ffef6fb8-3ef2-4306-a398-7d3a238db516,81507db6,3,2,True,False,0.6666666666666666,250,47,0,0.188,5,type_i,False,False
gemma4-e4b,mem0,0,21f99b99-8753-406f-82db-6bdd048c3b86,830ce83f,2,1,True,False,0.5,226,0,0,0.0,5,type_ii,False,False
gemma4-e4b,mem0,0,16edfc9b-0628-42eb-b4ae-3413ebb902de,8464fc84,1,0,False,False,0.0,240,47,0,0.19583333333333333,5,type_i,False,False
gemma4-e4b,mem0,0,6f5aaf73-8027-4fdb-8cae-5884cc2dd31f,852ce960,2,0,False,False,0.0,220,73,0,0.33181818181818185,4,type_ii,False,False
gemma4-e4b,mem0,0,60697660-54d1-45c7-b8f2-6fb2a1e5879e,853b0a1d,1,0,False,False,0.0,233,48,0,0.20600858369098712,5,type_i,False,False
gemma4-e4b,mem0,0,b38dd2ba-a7cf-4421-818e-e425f45d4059,8550ddae,1,1,True,True,1.0,232,91,0,0.3922413793103448,5,type_i,False,False
gemma4-e4b,mem0,0,2b776db4-25c8-4299-9fff-b654e5f34bbf,85fa3a3f,4,3,True,False,0.75,227,49,0,0.21585903083700442,4,type_i,False,False
gemma4-e4b,mem0,0,090c74f0-b4d4-4ce0-a1b9-8e47951327c7,86b68151,1,1,True,True,1.0,229,98,0,0.4279475982532751,5,type_i,False,False
gemma4-e4b,mem0,0,795c9c2e-5e0b-4c4c-8a69-3a268fc47990,86f00804,1,0,False,False,0.0,240,41,0,0.17083333333333334,4,type_i,False,False
gemma4-e4b,mem0,0,01694822-6853-4f1d-b29e-472fa00d8780,8752c811,1,1,True,True,1.0,235,0,0,0.0,4,type_i,False,False
gemma4-e4b,mem0,0,579865cf-9925-4d38-bad3-c1ab6189548a,87f22b4a,2,1,True,False,0.5,217,43,0,0.19815668202764977,5,type_i,False,False
gemma4-e4b,mem0,0,44d130b2-f320-4b59-bacf-5fc0fb2e6891,88432d0a,4,2,True,False,0.5,208,100,0,0.4807692307692308,4,type_i,False,False
gemma4-e4b,mem0,0,c078fdb0-b678-411b-86c7-9f91a1e9b172,89527b6b,3,0,False,False,0.0,239,0,0,0.0,4,type_i,False,False
gemma4-e4b,mem0,0,2bfec060-c472-4a98-94e0-f2268375d083,8979f9ec,2,1,True,False,0.5,252,52,0,0.20634920634920634,5,type_i,False,False
gemma4-e4b,mem0,0,62b04815-99cd-488b-87c3-be57bbb083ec,89941a93,2,1,True,False,0.5,237,0,0,0.0,5,type_ii,False,False
gemma4-e4b,mem0,0,25f56c85-1b86-450d-bcf9-775d2662b97b,89941a94,1,0,False,False,0.0,244,0,0,0.0,5,type_ii,False,False
gemma4-e4b,mem0,0,e1a40dc0-a764-4797-8c31-f04e08c6fd68,8a137a7f,1,1,True,True,1.0,235,137,0,0.5829787234042553,5,type_i,False,False
gemma4-e4b,mem0,0,82fcba62-7a1d-4ba3-b000-1cdee0fbee55,8a2466db,1,1,True,True,1.0,213,59,0,0.27699530516431925,4,type_i,False,False
gemma4-e4b,mem0,0,e12a5fcc-0790-44b4-b72c-48ac3ee757d8,8aef76bc,1,0,False,False,0.0,230,117,0,0.508695652173913,4,type_i,False,False
gemma4-e4b,mem0,0,b75ec466-720a-4722-8bb9-8ad149610e74,8b9d4367,1,1,True,True,1.0,227,0,0,0.0,4,type_i,False,False
gemma4-e4b,mem0,0,8646cae1-b71f-4523-be01-349bf7052575,8c18457d,2,2,True,True,1.0,222,57,0,0.25675675675675674,4,type_i,False,False
gemma4-e4b,mem0,0,ec2cf9bd-bb48-4f80-a953-2a237cc044c0,8cf4d046,2,1,True,False,0.5,214,46,0,0.21495327102803738,4,type_i,False,False
gemma4-e4b,mem0,0,80063a27-c696-4481-98dc-2f5885aa30e3,8cf51dda,3,0,False,False,0.0,253,0,0,0.0,3,type_i,False,False
gemma4-e4b,mem0,0,7fafa942-2cc8-4901-90a8-0817c0ad15dd,8e91e7d9,2,1,True,False,0.5,256,83,0,0.32421875,6,type_i,False,False
gemma4-e4b,mem0,0,6ed865e9-c608-4655-b358-153df6ed65d4,8e9d538c,1,0,False,False,0.0,225,45,0,0.2,5,type_i,False,False
gemma4-e4b,mem0,0,67a384ec-c2d9-4ac3-ac39-ffd143d4acdc,8ebdbe50,1,0,False,False,0.0,223,47,0,0.21076233183856502,5,type_i,False,False
gemma4-e4b,mem0,0,805e2f77-2c28-4d36-a4bf-327a98e3c5b7,8fb83627,2,1,True,False,0.5,241,0,0,0.0,5,type_ii,False,False
gemma4-e4b,mem0,0,7a62097b-a0e1-42e2-bc33-8b427fbd63da,91b15a6e,2,0,False,False,0.0,225,126,0,0.56,4,type_i,False,False
gemma4-e4b,mem0,0,8a0b1cfc-edc7-4dda-a19f-1825664847b6,92a0aa75,2,1,True,False,0.5,234,0,0,0.0,5,type_i,False,False
gemma4-e4b,mem0,0,f4b9cdbd-9e87-48e1-b2bc-0fe7afff9c0b,945e3d21,2,1,True,False,0.5,242,0,0,0.0,5,type_ii,False,False
gemma4-e4b,mem0,0,a6c83926-1021-4b02-b900-42be223c3df1,94f70d80,1,0,False,False,0.0,217,72,0,0.3317972350230415,4,type_i,False,False
gemma4-e4b,mem0,0,5316d2a9-671a-45c7-a1f8-be51df4eacb8,95228167,1,1,True,True,1.0,245,106,0,0.4326530612244898,5,type_i,False,False
gemma4-e4b,mem0,0,0b2a613a-70af-46a4-a315-bffe45ef94f2,95bcc1c8,1,0,False,False,0.0,238,55,0,0.23109243697478993,5,type_i,False,False
gemma4-e4b,mem0,0,f51ed016-41a5-40ef-bfa7-deae02c06ee5,982b5123,1,1,True,True,1.0,209,141,0,0.6746411483253588,4,type_i,False,False
gemma4-e4b,mem0,0,bfc4bf0b-417b-4f0e-b3ca-603113358ce3,993da5e2,2,1,True,False,0.5,231,50,0,0.21645021645021645,5,type_i,False,False
gemma4-e4b,mem0,0,495d85ef-fbe8-427b-9fd0-52b6799a3ccb,9a707b81,2,2,True,True,1.0,221,51,0,0.23076923076923078,4,type_i,False,False
gemma4-e4b,mem0,0,feb8c8a4-9f2f-4bfd-b808-61dc399f26cd,9a707b82,1,1,True,True,1.0,247,90,0,0.3643724696356275,5,type_i,False,False
gemma4-e4b,mem0,0,126ac64c-622d-4870-98a8-c7b6df818b19,9aaed6a3,2,1,True,False,0.5,217,168,0,0.7741935483870968,4,type_i,False,False
gemma4-e4b,mem0,0,894a3918-a2f6-4443-a0b3-95eb2ae2b065,9bbe84a2,2,1,True,False,0.5,256,0,0,0.0,5,type_ii,False,False
gemma4-e4b,mem0,0,42a1daf5-2d75-4b43-8dd1-94b1410a6ba7,9d25d4e0,3,3,True,True,1.0,215,0,0,0.0,4,type_i,False,False
gemma4-e4b,mem0,0,c73fd6a4-da19-4445-9600-6d9cb3482745,9ea5eabc,2,0,False,False,0.0,239,128,0,0.5355648535564853,5,type_ii,False,False
gemma4-e4b,mem0,0,f62da286-5615-4e1f-916b-b54c77fe6c61,9ee3ecd6,2,2,True,True,1.0,221,50,0,0.22624434389140272,4,type_i,False,False
gemma4-e4b,mem0,0,5773fe08-5206-417e-831d-ed372965a91a,a06e4cfe,1,0,False,False,0.0,244,0,0,0.0,5,type_i,False,False
gemma4-e4b,mem0,0,ed0c68d8-18f6-41cb-92b4-51d5750f708d,a08a253f,2,1,True,False,0.5,199,91,0,0.457286432160804,4,type_i,False,False
gemma4-e4b,mem0,0,b7e508bd-f98e-4057-86cf-e4d85d4c255c,a11281a2,2,2,True,True,1.0,251,0,0,0.0,4,type_i,False,False
gemma4-e4b,mem0,0,8bd0cb41-47f8-4599-8288-07fc2aad576a,a1cc6108,3,1,True,False,0.3333333333333333,224,88,0,0.39285714285714285,5,type_i,False,False
gemma4-e4b,mem0,0,ff46488b-e334-408d-9cc0-65bda18b9d58,a1eacc2a,2,1,True,False,0.5,253,0,0,0.0,5,type_ii,False,False
gemma4-e4b,mem0,0,e707509a-9a3a-455c-b301-197ac4694c08,a2f3aa27,2,0,False,False,0.0,243,60,0,0.24691358024691357,5,type_ii,False,False
gemma4-e4b,mem0,0,f57633f1-caa5-4d71-b628-deefd07b7fbb,a3045048,2,2,True,True,1.0,212,98,0,0.46226415094339623,4,type_i,False,False
gemma4-e4b,mem0,0,ad14861d-158e-42bc-bc49-afe2398ef6b9,a3332713,2,1,True,False,0.5,232,92,0,0.39655172413793105,5,type_i,False,False
gemma4-e4b,mem0,0,ce5e5a02-ca9a-4f19-a1e4-d31451e20c2a,a346bb18,2,1,True,False,0.5,224,0,0,0.0,4,type_i,False,False
gemma4-e4b,mem0,0,b8d0623c-7a4c-4690-bf07-15aa118acca5,a3838d2b,5,3,True,False,0.6,251,49,0,0.1952191235059761,5,type_i,False,False
gemma4-e4b,mem0,0,9351151b-f280-4f23-8bdb-8fae5d6e7f06,a40e080f,3,1,True,False,0.3333333333333333,244,105,0,0.430327868852459,5,type_i,False,False
gemma4-e4b,mem0,0,bd6e41b6-828d-4233-957d-76e0e1e0dd3a,a4996e51,2,1,True,False,0.5,231,166,0,0.7186147186147186,4,type_i,False,False
gemma4-e4b,mem0,0,52d5c053-2031-4d79-8fc7-789f534b96f8,a82c026e,1,1,True,True,1.0,253,92,0,0.36363636363636365,5,type_i,False,False
gemma4-e4b,mem0,0,6e69fe24-f203-47e9-b5d4-e93c7183df99,a89d7624,2,0,False,False,0.0,215,61,0,0.2837209302325581,4,type_i,False,False
gemma4-e4b,mem0,0,ebc8820f-67d7-4620-b8d6-0988b163abbd,a96c20ee,1,1,True,True,1.0,230,0,0,0.0,5,type_i,False,False
gemma4-e4b,mem0,0,0b0db0c1-22ca-4cdb-a940-89e42481824d,a9f6b44c,2,2,True,True,1.0,248,86,0,0.3467741935483871,5,type_i,False,False
gemma4-e4b,mem0,0,ba3e3b91-3976-4fe8-b795-2cc13540e701,aae3761f,3,1,True,False,0.3333333333333333,236,55,0,0.2330508474576271,5,type_i,False,False
gemma4-e4b,mem0,0,e5c4a372-9114-4ea5-ae8b-3a214eef502b,ac031881,1,1,True,True,1.0,217,51,0,0.2350230414746544,4,type_i,False,False
gemma4-e4b,mem0,0,a87b026f-f191-4751-8d82-d651442a5803,ad7109d1,1,1,True,True,1.0,228,44,0,0.19298245614035087,5,type_i,False,False
gemma4-e4b,mem0,0,5c8ed265-f220-4088-9945-3fe7c7fc5a42,af082822,1,0,False,False,0.0,241,150,0,0.6224066390041494,5,type_i,False,False
gemma4-e4b,mem0,0,1b109c68-3de8-44b7-a287-f9497e35dd5c,af8d2e46,1,1,True,True,1.0,224,0,0,0.0,5,type_i,False,False
gemma4-e4b,mem0,0,2e9f94b3-2b88-47da-a144-087718a36aee,afdc33df,2,2,True,True,1.0,226,90,0,0.39823008849557523,5,type_i,False,False
gemma4-e4b,mem0,0,c6e0a947-5636-4f87-bc2b-0ce649de9556,affe2881,2,1,True,False,0.5,244,0,0,0.0,5,type_ii,False,False
gemma4-e4b,mem0,0,92fd5600-fb2d-48cc-831a-3b04c977d9af,b01defab,1,0,False,False,0.0,235,0,0,0.0,4,type_ii,False,False
gemma4-e4b,mem0,0,32933e0c-b9c3-4c76-919f-3597a3a6c7fc,b0479f84,1,1,True,True,1.0,252,101,0,0.4007936507936508,5,type_i,False,False
gemma4-e4b,mem0,0,33136f08-aaf6-4ebd-a3b6-575e57b0a700,b29f3365,2,2,True,True,1.0,207,53,0,0.2560386473429952,4,type_i,False,False
gemma4-e4b,mem0,0,717fc679-98b8-41d9-98df-1659bb50d0ad,b320f3f8,1,0,False,False,0.0,252,0,0,0.0,5,type_i,False,False
gemma4-e4b,mem0,0,87290bd9-491a-4ca2-8047-70032f13ee2b,b3c15d39,2,0,False,False,0.0,240,144,0,0.6,5,type_i,False,False
gemma4-e4b,mem0,0,91322d76-437e-4d8f-b04a-146f9c1b38d5,b46e15ed,2,1,True,False,0.5,246,0,0,0.0,5,type_i,False,False
gemma4-e4b,mem0,0,22817ee0-531a-427a-a4de-cc9fbba2b16d,b46e15ee,1,1,True,True,1.0,206,87,0,0.4223300970873786,4,type_i,False,False
gemma4-e4b,mem0,0,5de4da6a-8af1-432a-b4c2-07b68f64ba71,b5ef892d,2,1,True,False,0.5,245,102,0,0.4163265306122449,5,type_i,False,False
gemma4-e4b,mem0,0,7976f390-4e7a-4c92-855d-a502f220e01b,b6019101,2,1,True,False,0.5,251,0,0,0.0,5,type_ii,False,False
gemma4-e4b,mem0,0,54aeccfb-31dd-4651-a419-cf9d6efc73d3,b6025781,2,1,True,False,0.5,188,0,0,0.0,3,type_i,False,False
gemma4-e4b,mem0,0,4d613148-4948-4bd8-89cc-7a4b2b4a3f27,b759caee,1,1,True,True,1.0,227,0,0,0.0,4,type_i,False,False
gemma4-e4b,mem0,0,ac2da541-d5e0-4f27-8c38-b0147b1832d5,b86304ba,1,1,True,True,1.0,211,0,0,0.0,4,type_i,False,False
gemma4-e4b,mem0,0,f50a8e0a-c621-4330-be38-ed15ab06edca,b9cfe692,2,0,False,False,0.0,236,79,0,0.3347457627118644,4,type_i,False,False
gemma4-e4b,mem0,0,22af899d-434d-45a3-825f-c2ede8cb926d,ba358f49,2,1,True,False,0.5,228,0,0,0.0,4,type_i,False,False
gemma4-e4b,mem0,0,b654ab50-5e94-4f3c-9fb0-3bc457fad0cf,ba61f0b9,2,1,True,False,0.5,223,0,0,0.0,4,type_ii,False,False
gemma4-e4b,mem0,0,dbf5a8a7-b46e-4cb4-96f0-fabf669937cf,bb7c3b45,2,0,False,False,0.0,233,47,0,0.2017167381974249,5,type_i,False,False
gemma4-e4b,mem0,0,4483eea3-8b58-463e-87ad-7542d115e947,bbf86515,2,2,True,True,1.0,242,0,0,0.0,5,type_i,False,False
gemma4-e4b,mem0,0,aff42cca-8b24-43be-805d-414eeadd1e48,bc149d6b,2,1,True,False,0.5,237,52,0,0.21940928270042195,5,type_i,False,False
gemma4-e4b,mem0,0,e6f2e6b9-0d6a-4953-9b68-451c9dc6e95a,bc8a6e93,1,1,True,True,1.0,242,50,0,0.2066115702479339,5,type_i,False,False
gemma4-e4b,mem0,0,66a5895a-6195-4f52-b6ea-489d197c2dc9,bcbe585f,1,1,True,True,1.0,236,55,0,0.2330508474576271,4,type_i,False,False
gemma4-e4b,mem0,0,294e97af-7a24-4339-97c6-0432c230124e,bf659f65,3,2,True,False,0.6666666666666666,250,90,0,0.36,5,type_i,False,False
gemma4-e4b,mem0,0,16fd3a30-a919-4810-84c4-41e2ed4940da,c14c00dd,1,0,False,False,0.0,213,100,0,0.4694835680751174,4,type_i,False,False
gemma4-e4b,mem0,0,3e1cd724-82dd-44fe-8e10-33a54d78bc1e,c18a7dc8,2,2,True,True,1.0,248,44,0,0.1774193548387097,5,type_i,False,False
gemma4-e4b,mem0,0,d2ff3703-39de-4b8a-b16e-dda0de2c9141,c19f7a0b,1,0,False,False,0.0,216,58,0,0.26851851851851855,4,type_i,False,False
gemma4-e4b,mem0,0,52d2ec2d-b26f-4473-b843-bda77ff60032,c2ac3c61,2,1,True,False,0.5,239,0,0,0.0,5,type_i,False,False
gemma4-e4b,mem0,0,02fdd0c7-6fa7-448e-96b2-5644f0403a2c,c4a1ceb8,5,2,True,False,0.4,210,91,0,0.43333333333333335,4,type_i,False,False
gemma4-e4b,mem0,0,807f0a83-3214-46cf-8790-694d232d4fe9,c4ea545c,2,1,True,False,0.5,252,0,0,0.0,5,type_ii,False,False
gemma4-e4b,mem0,0,c165e44d-5464-47aa-9ea4-636b2f4ca13e,c4f10528,1,1,True,True,1.0,250,200,0,0.8,5,type_i,False,False
gemma4-e4b,mem0,0,6f66a17a-0208-43b6-ab98-73c79c59402f,c5e8278d,3,1,True,False,0.3333333333333333,228,94,0,0.41228070175438597,5,type_i,False,False
gemma4-e4b,mem0,0,254ceec9-082a-4924-9687-19c60b4faea4,c6853660,2,1,True,False,0.5,194,0,0,0.0,4,type_ii,False,False
gemma4-e4b,mem0,0,8b81f810-5dcf-4b0b-adea-f3edb5ce8df1,c7cf7dfd,3,1,True,False,0.3333333333333333,232,91,0,0.3922413793103448,3,type_i,False,False
gemma4-e4b,mem0,0,9126dc6c-97e0-4d51-9f1e-895580f50870,c7dc5443,2,0,False,False,0.0,95,58,0,0.6105263157894737,2,type_ii,False,False
gemma4-e4b,mem0,0,c88b2c5a-4c27-4a8b-998f-5190a6357f3d,c8090214,2,1,True,False,0.5,233,129,0,0.5536480686695279,4,type_i,False,False
gemma4-e4b,mem0,0,fda81770-3e44-4177-a881-c9e44e72ca85,c8c3f81d,1,0,False,False,0.0,226,88,0,0.3893805309734513,5,type_i,False,False
gemma4-e4b,mem0,0,948b89ff-3e12-4626-9d13-0f6dff9caf9a,c8f1aeed,1,0,False,False,0.0,234,103,0,0.44017094017094016,5,type_i,False,False
gemma4-e4b,mem0,0,949de7a7-bc08-4a41-b8e3-aef7250f346b,c960da58,1,1,True,True,1.0,241,0,0,0.0,4,type_i,False,False
gemma4-e4b,mem0,0,0f6e7570-a29b-4824-a72d-49334c118f5c,c9f37c46,2,1,True,False,0.5,233,94,0,0.4034334763948498,5,type_i,False,False
gemma4-e4b,mem0,0,e4fc9a76-bd9f-49d4-a14f-dab4b4513846,caf03d32,1,1,True,True,1.0,225,88,0,0.39111111111111113,5,type_i,False,False
gemma4-e4b,mem0,0,7ca8c37c-cf2b-4fc2-8682-d17e2b2b4c33,caf9ead2,1,0,False,False,0.0,235,44,0,0.18723404255319148,5,type_i,False,False
gemma4-e4b,mem0,0,a9569d7f-d18e-4225-bfe2-6ce4a67ec462,cc06de0d,2,1,True,False,0.5,243,57,0,0.2345679012345679,5,type_i,False,False
gemma4-e4b,mem0,0,3fab56e4-1ec9-4c7b-9fd0-6e542ca9513e,cc539528,1,0,False,False,0.0,249,0,0,0.0,4,type_i,False,False
gemma4-e4b,mem0,0,08d4b861-7dad-4412-a3e6-0e80dbc663fd,cc5ded98,2,1,True,False,0.5,253,0,0,0.0,5,type_ii,False,False
gemma4-e4b,mem0,0,72972498-93eb-4dd3-98e1-ae1f66a2cc72,cc6d1ec1,2,1,True,False,0.5,249,0,0,0.0,5,type_i,False,False
gemma4-e4b,mem0,0,5de92efe-8307-4b2e-b8fa-284230e39e7d,ccb36322,1,0,False,False,0.0,239,0,0,0.0,5,type_i,False,False
gemma4-e4b,mem0,0,9d87fd3c-67d5-411e-91b6-0dc8d5f6f7dc,ce6d2d27,2,1,True,False,0.5,202,85,0,0.4207920792079208,4,type_ii,False,False
gemma4-e4b,mem0,0,f4fe2cc3-2b14-4603-b974-3cd5e3cb16b9,ceb54acb,1,1,True,True,1.0,243,0,0,0.0,4,type_i,False,False
gemma4-e4b,mem0,0,c245b99b-5b5d-490a-9c86-837f1e6cf56b,cf22b7bf,2,2,True,True,1.0,227,44,0,0.19383259911894274,4,type_ii,False,False
gemma4-e4b,mem0,0,7410a5e3-9b8f-43fa-9c2b-6c7c567d185b,d01c6aa8,1,1,True,True,1.0,232,47,0,0.2025862068965517,5,type_i,False,False
gemma4-e4b,mem0,0,69e214d9-3468-441c-abe4-d81cc75a299a,d23cf73b,4,0,False,False,0.0,211,0,0,0.0,3,type_i,False,False
gemma4-e4b,mem0,0,0a2d5fad-7585-4435-a058-8f0335f7f8b9,d24813b1,1,1,True,True,1.0,236,94,0,0.3983050847457627,5,type_i,False,False
gemma4-e4b,mem0,0,8c2edb48-38ba-4446-a545-18fab6276043,d3ab962e,2,2,True,True,1.0,254,49,0,0.19291338582677164,5,type_i,False,False
gemma4-e4b,mem0,0,91a0d371-099a-4be8-83e5-4407c82fd17d,d52b4f67,1,1,True,True,1.0,245,142,0,0.5795918367346938,5,type_i,False,False
gemma4-e4b,mem0,0,f9ba1fc7-89e9-4812-82ed-2206a437c84b,d596882b,1,1,True,True,1.0,250,49,0,0.196,5,type_i,False,False
gemma4-e4b,mem0,0,f5cd460d-942b-496b-9db6-210e688abd07,d6062bb9,2,0,False,False,0.0,0,0,0,0.0,0,type_i,False,False
gemma4-e4b,mem0,0,3f7e32d5-521f-44e1-a11a-befeb1987fc9,d6233ab6,2,1,True,False,0.5,255,133,0,0.5215686274509804,5,type_i,False,False
gemma4-e4b,mem0,0,d39f8db8-41ae-45a5-8020-50c3608fd5dd,d682f1a2,3,2,True,False,0.6666666666666666,230,135,0,0.5869565217391305,5,type_i,False,False
gemma4-e4b,mem0,0,478d7e02-f55d-4a51-aea5-5a2c265ba4b9,d7c942c3,2,1,True,False,0.5,236,0,0,0.0,5,type_ii,False,False
gemma4-e4b,mem0,0,c85db927-12fb-4f86-b405-165d78d06a96,d851d5ba,4,3,True,False,0.75,215,46,0,0.21395348837209302,4,type_i,False,False
gemma4-e4b,mem0,0,0aee4190-897c-43f2-b09d-ab6a425e3864,d905b33f,2,2,True,True,1.0,206,56,0,0.27184466019417475,4,type_i,False,False
gemma4-e4b,mem0,0,73d383f4-a41a-415f-9169-11005c5d8655,dad224aa,2,0,False,False,0.0,225,48,0,0.21333333333333335,3,type_ii,False,False
gemma4-e4b,mem0,0,4e5bae01-fe39-4654-bb00-35229f79ea9b,db467c8c,1,1,True,True,1.0,247,97,0,0.39271255060728744,5,type_ii,False,False
gemma4-e4b,mem0,0,d1a321b6-12a4-41eb-8505-eccf83c23496,dc439ea3,1,1,True,True,1.0,253,0,0,0.0,5,type_i,False,False
gemma4-e4b,mem0,0,a814d28c-bb8c-471d-bd24-771c03fc30d6,dccbc061,1,0,False,False,0.0,213,87,0,0.4084507042253521,5,type_i,False,False
gemma4-e4b,mem0,0,db48a42d-6d0f-46bd-8363-ab96a53bea2b,dcfa8644,2,1,True,False,0.5,225,129,0,0.5733333333333334,4,type_i,False,False
gemma4-e4b,mem0,0,93bf646e-aab1-4f94-bcfa-64e9f15c1d34,dd2973ad,2,0,False,False,0.0,247,190,0,0.7692307692307693,4,type_i,False,False
gemma4-e4b,mem0,0,8f41a6e5-a6b4-4916-b161-35cafec86552,dfde3500,2,1,True,False,0.5,220,87,0,0.39545454545454545,5,type_ii,False,False
gemma4-e4b,mem0,0,f220e37e-b5b2-448c-8f5d-76518818de54,e01b8e2f,1,1,True,True,1.0,233,47,0,0.2017167381974249,5,type_i,False,False
gemma4-e4b,mem0,0,f319e55b-4fba-4358-b071-112b2de6103f,e25c3b8d,2,1,True,False,0.5,256,104,0,0.40625,5,type_i,False,False
gemma4-e4b,mem0,0,e0b5c83d-e41e-4367-91a7-64d4f75fb563,e3038f8c,4,1,True,False,0.25,235,143,0,0.6085106382978723,5,type_i,False,False
gemma4-e4b,mem0,0,79139aba-ac2d-4f3e-8147-bfc131522efc,e3fc4d6e,1,0,False,False,0.0,220,74,0,0.33636363636363636,4,type_i,False,False
gemma4-e4b,mem0,0,c4534d39-4f0d-46d2-8ad6-1be855db951f,e47becba,1,0,False,False,0.0,232,89,0,0.38362068965517243,5,type_i,False,False
gemma4-e4b,mem0,0,46fd31e3-3b27-425f-9f43-af8b0a15f984,e48988bc,1,0,False,False,0.0,221,47,0,0.21266968325791855,5,type_i,False,False
gemma4-e4b,mem0,0,bb35c66f-50b2-4b9d-8746-4786b3586daa,e493bb7c,2,0,False,False,0.0,208,208,0,1.0,4,type_ii,False,False
gemma4-e4b,mem0,0,3ee62095-bd3e-41cd-9a71-8fad666ad75b,e4e14d04,2,1,True,False,0.5,252,99,0,0.39285714285714285,5,type_i,False,False
gemma4-e4b,mem0,0,772a2b6b-51e8-4f6c-8f7a-970225aee365,e56a43b9,2,0,False,False,0.0,232,95,0,0.40948275862068967,4,type_i,False,False
gemma4-e4b,mem0,0,2ccd6bd4-662a-4e55-988b-c2c0559ea05e,e6041065,2,0,False,False,0.0,255,96,0,0.3764705882352941,5,type_i,False,False
gemma4-e4b,mem0,0,5dd36fe6-f71d-4ce3-8033-5c69fe05d547,e61a7584,2,1,True,False,0.5,223,0,0,0.0,5,type_ii,False,False
gemma4-e4b,mem0,0,161bf949-5e43-451c-9f6f-3bf73e9aade2,e66b632c,2,0,False,False,0.0,228,65,0,0.2850877192982456,4,type_ii,False,False
gemma4-e4b,mem0,0,82bbc03e-03b6-41c8-b8a3-1148353dc941,e831120c,2,1,True,False,0.5,231,0,0,0.0,5,type_i,False,False
gemma4-e4b,mem0,0,7190a2a2-be95-4cb1-a89e-efb0c016505f,e8a79c70,1,1,True,True,1.0,211,0,0,0.0,4,type_i,False,False
gemma4-e4b,mem0,0,3c720120-a92e-4505-8e1d-a13cde8ae312,e9327a54,1,1,True,True,1.0,215,105,0,0.4883720930232558,4,type_i,False,False
gemma4-e4b,mem0,0,99404a46-1092-4e9a-8412-926d84fff0f7,e982271f,1,1,True,True,1.0,244,0,0,0.0,5,type_i,False,False
gemma4-e4b,mem0,0,29c4358b-3b48-461f-9349-c93efaad5199,eac54adc,2,0,False,False,0.0,235,235,0,1.0,4,type_i,False,False
gemma4-e4b,mem0,0,54e2721e-8ebf-47da-b95b-2e4d4a460918,eac54add,1,0,False,False,0.0,254,43,0,0.16929133858267717,6,type_i,False,False
gemma4-e4b,mem0,0,72523aba-f67b-4332-ad41-d1ee9a5bc08c,eaca4986,1,1,True,True,1.0,235,0,0,0.0,4,type_i,False,False
gemma4-e4b,mem0,0,a7cb508f-3c3d-45a3-b4a5-f5dd7dcc1522,eace081b,2,0,False,False,0.0,200,92,0,0.46,4,type_ii,False,False
gemma4-e4b,mem0,0,7c17baac-2e8d-4459-b51f-6157df934973,ec81a493,1,1,True,True,1.0,246,134,0,0.5447154471544715,5,type_i,False,False
gemma4-e4b,mem0,0,b8fde49e-fde3-4469-ae78-cb9e99ad2c37,ed4ddc30,2,1,True,False,0.5,237,0,0,0.0,5,type_ii,False,False
gemma4-e4b,mem0,0,4702dd6c-a04a-4a73-9b30-041692346e90,edced276,2,0,False,False,0.0,221,0,0,0.0,3,type_i,False,False
gemma4-e4b,mem0,0,dd64dd94-db5d-4e21-9957-9e8756e16aa3,eeda8a6d,4,2,True,False,0.5,222,44,0,0.1981981981981982,3,type_i,False,False
gemma4-e4b,mem0,0,0da9fa3a-6390-4c56-b4f5-b8a26a41160f,ef66a6e5,2,0,False,False,0.0,229,55,0,0.24017467248908297,5,type_i,False,False
gemma4-e4b,mem0,0,be94e22d-4350-48fa-b0a2-d6b042a6ea35,ef9cf60a,2,1,True,False,0.5,235,49,0,0.20851063829787234,5,type_i,False,False
gemma4-e4b,mem0,0,265f39ab-679b-47e7-a01b-5214a97381b6,efc3f7c2,2,1,True,False,0.5,217,47,0,0.21658986175115208,4,type_i,False,False
gemma4-e4b,mem0,0,6e509547-3c9d-43d4-8b49-0331f5aab3dd,f0853d11,2,2,True,True,1.0,249,77,0,0.3092369477911647,4,type_i,False,False
gemma4-e4b,mem0,0,c9bec3a9-415a-470c-be72-2389233b7381,f0e564bc,2,1,True,False,0.5,236,55,0,0.2330508474576271,4,type_i,False,False
gemma4-e4b,mem0,0,c6162343-a0d0-42b3-8772-de97a698043a,f35224e0,2,2,True,True,1.0,242,57,0,0.23553719008264462,4,type_i,False,False
gemma4-e4b,mem0,0,2af971c0-2c83-4ed8-b728-4152edc1579a,f4f1d8a4,1,1,True,True,1.0,226,0,0,0.0,5,type_i,False,False
gemma4-e4b,mem0,0,0334d63b-61c2-43a3-8d8f-cd9b4242bb0b,f523d9fe,1,1,True,True,1.0,253,53,0,0.20948616600790515,5,type_i,False,False
gemma4-e4b,mem0,0,f6016ed9-5882-425f-aa1f-54e02d014747,f685340e,2,1,True,False,0.5,236,47,0,0.19915254237288135,5,type_ii,False,False
gemma4-e4b,mem0,0,6683de57-b9eb-4da0-a48a-7f5bc9955146,f8c5f88b,1,0,False,False,0.0,224,0,0,0.0,4,type_i,False,False
gemma4-e4b,mem0,0,16f08e03-9431-4bc0-a041-3e531fbfb1b9,f9e8c073,2,1,True,False,0.5,243,0,0,0.0,5,type_ii,False,False
gemma4-e4b,mem0,0,627aff73-92b3-47ce-9602-c4bd44b8ef63,faba32e5,1,1,True,True,1.0,243,0,0,0.0,5,type_i,False,False
gemma4-e4b,mem0,0,a97d8afc-18f3-4d9a-ae1f-41b14a7bb473,fca70973,6,0,False,False,0.0,146,0,0,0.0,1,type_i,False,False
gemma4-e4b,mem0,0,f738471a-c7db-4faf-bf9e-789ff90e5e38,fca762bc,1,1,True,True,1.0,213,100,0,0.4694835680751174,4,type_i,False,False
gemma4-e4b,mem0,0,fd895745-8f47-4ad5-8a57-cbb8508e7733,fea54f57,1,1,True,True,1.0,219,52,0,0.2374429223744292,4,type_i,False,False
gemma4-e4b,mem0,0,f345458a-441f-4f80-a096-900adc8da247,gpt4_0a05b494,2,1,True,False,0.5,240,78,0,0.325,4,type_i,False,False
gemma4-e4b,mem0,0,671968ae-83ee-4c2a-8e1f-d0197433ea89,gpt4_0b2f1d21,2,0,False,False,0.0,241,103,0,0.42738589211618255,5,type_i,False,False
gemma4-e4b,mem0,0,9681edea-08dc-47e4-843e-fee7fe58eebf,gpt4_15e38248,4,2,True,False,0.5,246,45,0,0.18292682926829268,5,type_i,False,False
gemma4-e4b,mem0,0,1942a40b-0ebe-475a-8153-d2fa377ae405,gpt4_18c2b244,3,1,True,False,0.3333333333333333,227,0,0,0.0,3,type_i,False,False
gemma4-e4b,mem0,0,92adc4d5-c101-4f9a-9b57-635ba5d95522,gpt4_1916e0ea,2,2,True,True,1.0,245,49,0,0.2,5,type_i,False,False
gemma4-e4b,mem0,0,d05ab6b8-f2f1-4a29-9438-f2414d41c0f4,gpt4_194be4b3,5,2,True,False,0.4,204,72,0,0.35294117647058826,3,type_i,False,False
gemma4-e4b,mem0,0,f0d419df-6fbc-4324-8499-1319da8a9968,gpt4_1a1dc16d,2,2,True,True,1.0,240,133,0,0.5541666666666667,5,type_i,False,False
gemma4-e4b,mem0,0,15c1b078-b3f1-45be-b12e-f5c82880113c,gpt4_1d4ab0c9,2,1,True,False,0.5,241,0,0,0.0,5,type_i,False,False
gemma4-e4b,mem0,0,1431c56b-36ab-4236-ab21-a11e79b95a36,gpt4_1d80365e,2,1,True,False,0.5,208,152,0,0.7307692307692307,4,type_i,False,False
gemma4-e4b,mem0,0,6411f173-4a71-4e97-ac40-480966f36228,gpt4_1e4a8aeb,2,1,True,False,0.5,193,59,0,0.30569948186528495,4,type_i,False,False
gemma4-e4b,mem0,0,d2f4cbfa-5759-4491-be0c-fe0360478759,gpt4_1e4a8aec,1,0,False,False,0.0,256,0,0,0.0,5,type_i,False,False
gemma4-e4b,mem0,0,29be8a18-f531-4d8b-ac91-2f1c41853eb1,gpt4_213fd887,2,1,True,False,0.5,179,100,0,0.5586592178770949,3,type_i,False,False
gemma4-e4b,mem0,0,d6dbc940-d7da-4601-b7e8-bbfa34f37f29,gpt4_21adecb5,2,2,True,True,1.0,238,49,0,0.20588235294117646,5,type_i,False,False
gemma4-e4b,mem0,0,35b9e2e4-54b7-4a6f-afcd-272a05de6df3,gpt4_2312f94c,2,0,False,False,0.0,235,57,0,0.2425531914893617,5,type_i,False,False
gemma4-e4b,mem0,0,80f299b3-c681-45c1-afea-d492fccea145,gpt4_2487a7cb,2,1,True,False,0.5,213,90,0,0.4225352112676056,4,type_i,False,False
gemma4-e4b,mem0,0,d20b962d-3fbf-4c99-b746-e23d5408c301,gpt4_2655b836,2,1,True,False,0.5,213,48,0,0.22535211267605634,4,type_i,False,False
gemma4-e4b,mem0,0,d44b2bd1-8268-4e71-844d-c4df28af610a,gpt4_2ba83207,4,1,True,False,0.25,234,0,0,0.0,4,type_i,False,False
gemma4-e4b,mem0,0,7db9e971-1049-466f-8880-ee2acaf553a9,gpt4_2c50253f,3,0,False,False,0.0,219,117,0,0.5342465753424658,4,type_i,False,False
gemma4-e4b,mem0,0,a5ae8c26-f3c4-45ee-afa5-b562d5bcf747,gpt4_2d58bcd6,2,1,True,False,0.5,216,0,0,0.0,2,type_i,False,False
gemma4-e4b,mem0,0,4cfe4f2f-efad-47c5-b18d-36d40752c1e5,gpt4_2f56ae70,3,0,False,False,0.0,252,50,0,0.1984126984126984,4,type_i,False,False
gemma4-e4b,mem0,0,bd5352c4-b9d0-4f4f-8011-438997fdb307,gpt4_2f584639,2,2,True,True,1.0,250,132,0,0.528,5,type_i,False,False
gemma4-e4b,mem0,0,e4d71ad5-bc18-4f31-aee7-9bc7beeea271,gpt4_2f8be40d,4,0,False,False,0.0,238,84,0,0.35294117647058826,4,type_i,False,False
gemma4-e4b,mem0,0,6ffb6130-e8f4-490c-a160-b1fabe2a2d60,gpt4_2f91af09,3,1,True,False,0.3333333333333333,228,174,0,0.7631578947368421,5,type_i,False,False
gemma4-e4b,mem0,0,bf58d462-86e0-42ea-a90b-e57b42a426b7,gpt4_31ff4165,4,3,True,False,0.75,234,102,0,0.4358974358974359,5,type_i,False,False
gemma4-e4b,mem0,0,fdefe68b-f4fe-4550-b8d9-b2e5beb4b721,gpt4_372c3eed,4,3,True,False,0.75,207,50,0,0.24154589371980675,4,type_i,False,False
gemma4-e4b,mem0,0,d718c141-0a3a-41d3-a9a4-1a18580d79bc,gpt4_385a5000,2,0,False,False,0.0,247,75,0,0.30364372469635625,4,type_i,False,False
gemma4-e4b,mem0,0,18955506-b5bc-46a6-a286-0d6afdec1d48,gpt4_45189cb4,3,2,True,False,0.6666666666666666,213,101,0,0.47417840375586856,4,type_i,False,False
gemma4-e4b,mem0,0,2e6485ca-8ada-4ce4-9179-6a528c881335,gpt4_468eb063,1,1,True,True,1.0,214,0,0,0.0,4,type_i,False,False
gemma4-e4b,mem0,0,92309a11-f6a0-4946-bd6f-58d31d535ef7,gpt4_468eb064,1,1,True,True,1.0,233,47,0,0.2017167381974249,5,type_i,False,False
gemma4-e4b,mem0,0,b6ca5d5f-3d84-461e-815f-5c7d46cf9a0b,gpt4_483dd43c,2,2,True,True,1.0,254,77,0,0.3031496062992126,4,type_i,False,False
gemma4-e4b,mem0,0,be180796-a336-48c2-b948-ec7b11802f20,gpt4_4929293a,2,2,True,True,1.0,247,88,0,0.3562753036437247,5,type_i,False,False
gemma4-e4b,mem0,0,4b6f04f1-0e08-4be4-a296-7d32674c29cb,gpt4_4929293b,1,1,True,True,1.0,245,52,0,0.21224489795918366,5,type_i,False,False
gemma4-e4b,mem0,0,d019703f-7622-461a-9689-0f6bd60656e5,gpt4_4cd9eba1,2,0,False,False,0.0,235,93,0,0.39574468085106385,5,type_i,False,False
gemma4-e4b,mem0,0,74d9c80f-c463-4156-8e47-779956a034f3,gpt4_4edbafa2,1,1,True,True,1.0,229,51,0,0.22270742358078602,4,type_i,False,False
gemma4-e4b,mem0,0,d12e0b5f-e17b-4e0f-9d2f-1030776ada8a,gpt4_4ef30696,2,2,True,True,1.0,230,54,0,0.23478260869565218,4,type_i,False,False
gemma4-e4b,mem0,0,47c5114c-cbe0-4d63-b505-a480f5a6f27d,gpt4_4fc4f797,2,1,True,False,0.5,254,148,0,0.5826771653543307,5,type_i,False,False
gemma4-e4b,mem0,0,a66c7c42-5a90-4280-b1f8-fe976aec17c0,gpt4_5438fa52,1,0,False,False,0.0,228,42,0,0.18421052631578946,5,type_i,False,False
gemma4-e4b,mem0,0,450a40cf-bf17-4ea2-8b06-17262f9a3862,gpt4_5501fe77,2,2,True,True,1.0,227,45,0,0.19823788546255505,4,type_i,False,False
gemma4-e4b,mem0,0,6ae9b133-718b-452c-ae70-576636ed315e,gpt4_59149c77,2,2,True,True,1.0,218,56,0,0.25688073394495414,4,type_i,False,False
gemma4-e4b,mem0,0,a23df3fc-7a2f-4f54-8f93-ada56da6b487,gpt4_59149c78,1,1,True,True,1.0,239,46,0,0.19246861924686193,5,type_i,False,False
gemma4-e4b,mem0,0,a218a3cc-821b-4d36-ab93-e49b5ed67441,gpt4_59c863d7,5,2,True,False,0.4,249,0,0,0.0,3,type_i,False,False
gemma4-e4b,mem0,0,28099f05-02fe-43f6-9510-d3dbbdc6c6de,gpt4_5dcc0aab,1,1,True,True,1.0,233,47,0,0.2017167381974249,4,type_i,False,False
gemma4-e4b,mem0,0,64262868-80cd-417c-b8da-934e7616cacf,gpt4_61e13b3c,2,0,False,False,0.0,248,104,0,0.41935483870967744,4,type_i,False,False
gemma4-e4b,mem0,0,18e948b2-0b93-4286-b297-084cdd0ff934,gpt4_65aabe59,2,1,True,False,0.5,239,89,0,0.3723849372384937,5,type_i,False,False
gemma4-e4b,mem0,0,f7c00e48-98db-4000-b9ae-7ca269051fef,gpt4_68e94287,2,2,True,True,1.0,216,53,0,0.24537037037037038,4,type_i,False,False
gemma4-e4b,mem0,0,3ef45995-a7ce-469a-964c-1027246fd891,gpt4_68e94288,1,1,True,True,1.0,233,90,0,0.38626609442060084,5,type_i,False,False
gemma4-e4b,mem0,0,9f2f233f-181a-4abc-9b9a-a0a9a0a7dd05,gpt4_6dc9b45b,1,0,False,False,0.0,247,51,0,0.20647773279352227,5,type_i,False,False
gemma4-e4b,mem0,0,de7d617c-b3ac-4fe5-abcf-c83e4587839b,gpt4_6ed717ea,2,2,True,True,1.0,250,47,0,0.188,5,type_i,False,False
gemma4-e4b,mem0,0,ab582be8-9b99-4899-8323-f5286c15d3ad,gpt4_70e84552,2,2,True,True,1.0,252,59,0,0.23412698412698413,5,type_i,False,False
gemma4-e4b,mem0,0,8308fc31-2957-4e6f-abf0-9620396e1536,gpt4_731e37d7,4,3,True,False,0.75,239,75,0,0.3138075313807531,4,type_i,False,False
gemma4-e4b,mem0,0,59e3c8be-b7a9-4543-944f-364e1ae23232,gpt4_74aed68e,2,2,True,True,1.0,216,0,0,0.0,4,type_i,False,False
gemma4-e4b,mem0,0,5e759e59-165f-4e61-aec9-9d00d9216f0d,gpt4_76048e76,2,1,True,False,0.5,252,60,0,0.23809523809523808,5,type_i,False,False
gemma4-e4b,mem0,0,945511bc-1ee5-4cbe-9dcc-017b297f7769,gpt4_78cf46a3,2,2,True,True,1.0,250,99,0,0.396,5,type_i,False,False
gemma4-e4b,mem0,0,7a556eb8-3123-4499-83cf-6b01361998be,gpt4_7a0daae1,2,1,True,False,0.5,229,53,0,0.2314410480349345,5,type_i,False,False
gemma4-e4b,mem0,0,879a8e77-7d9c-479f-919a-991de1c6e969,gpt4_7abb270c,6,0,False,False,0.0,231,101,0,0.43722943722943725,5,type_i,False,False
gemma4-e4b,mem0,0,49b5fc2b-5e86-4e6f-beb9-996c38cdbc5c,gpt4_7bc6cf22,1,0,False,False,0.0,254,0,0,0.0,4,type_i,False,False
gemma4-e4b,mem0,0,69431dd6-48da-42ba-a002-d4dbf21d8484,gpt4_7ca326fa,3,1,True,False,0.3333333333333333,229,51,0,0.22270742358078602,5,type_i,False,False
gemma4-e4b,mem0,0,d37ae8b0-ea39-4b70-8a44-517158082038,gpt4_7ddcf75f,1,1,True,True,1.0,251,104,0,0.41434262948207173,5,type_i,False,False
gemma4-e4b,mem0,0,0555e50f-c265-476f-958e-f14a46173589,gpt4_7de946e7,2,1,True,False,0.5,240,0,0,0.0,5,type_i,False,False
gemma4-e4b,mem0,0,e89c2af4-7ebe-497b-9bf9-6c1928115351,gpt4_7f6b06db,3,2,True,False,0.6666666666666666,244,79,0,0.3237704918032787,4,type_i,False,False
gemma4-e4b,mem0,0,493d365d-1853-4851-aa33-09a38a075f79,gpt4_7fce9456,5,4,True,False,0.8,230,0,0,0.0,4,type_i,False,False
gemma4-e4b,mem0,0,d459abfd-ba5b-499f-a5c4-4220d95f3c07,gpt4_8279ba02,1,1,True,True,1.0,229,0,0,0.0,5,type_i,False,False
gemma4-e4b,mem0,0,49214c34-e875-412e-8a12-d3069ecfc7db,gpt4_8279ba03,1,1,True,True,1.0,236,46,0,0.19491525423728814,5,type_i,False,False
gemma4-e4b,mem0,0,02a465fc-57fb-4ef8-b4aa-497bf072ec55,gpt4_85da3956,1,1,True,True,1.0,210,0,0,0.0,4,type_i,False,False
gemma4-e4b,mem0,0,b74902bc-9663-4528-ba6a-bac62eb9b75b,gpt4_88806d6e,2,1,True,False,0.5,248,79,0,0.3185483870967742,6,type_i,False,False
gemma4-e4b,mem0,0,0e18ec00-8f80-4140-87d0-af428a7d5beb,gpt4_8c8961ae,2,1,True,False,0.5,238,0,0,0.0,5,type_i,False,False
gemma4-e4b,mem0,0,38d3edb1-87d4-44af-a811-f59059d5303e,gpt4_8e165409,2,1,True,False,0.5,249,0,0,0.0,5,type_i,False,False
gemma4-e4b,mem0,0,19872608-89e3-4f31-a84d-9b710487ae81,gpt4_93159ced,2,0,False,False,0.0,245,96,0,0.39183673469387753,5,type_i,False,False
gemma4-e4b,mem0,0,bdc38a83-49dd-4fe8-8563-88a325c6b203,gpt4_93f6379c,2,2,True,True,1.0,225,52,0,0.2311111111111111,4,type_i,False,False
gemma4-e4b,mem0,0,2cfd9a75-9cc1-48fb-9d3d-45d9eaf080f8,gpt4_98f46fc6,2,2,True,True,1.0,239,47,0,0.19665271966527198,5,type_i,False,False
gemma4-e4b,mem0,0,0f48f6e6-ff9d-4404-995e-c13308d874dc,gpt4_9a159967,3,1,True,False,0.3333333333333333,225,138,0,0.6133333333333333,5,type_i,False,False
gemma4-e4b,mem0,0,9f883ed1-8150-4dbd-aa2c-2524ad47f9cb,gpt4_a1b77f9c,6,2,True,False,0.3333333333333333,207,90,0,0.43478260869565216,4,type_i,False,False
gemma4-e4b,mem0,0,25646ce1-3c94-4976-babf-669f3d42f0b5,gpt4_a2d1d1f6,1,0,False,False,0.0,242,0,0,0.0,4,type_i,False,False
gemma4-e4b,mem0,0,4a27314b-2495-44a2-ad9c-0cb3a20c375a,gpt4_a56e767c,4,4,True,True,1.0,219,47,0,0.2146118721461187,5,type_i,False,False
gemma4-e4b,mem0,0,6cd4893d-7563-411b-a202-8a67c7c72cf3,gpt4_ab202e7f,5,4,True,False,0.8,247,0,0,0.0,5,type_i,False,False
gemma4-e4b,mem0,0,8e344e52-119e-4afd-a682-3359427246d5,gpt4_af6db32f,1,1,True,True,1.0,249,0,0,0.0,4,type_i,False,False
gemma4-e4b,mem0,0,06599998-5a05-449a-8727-6ce255dcc1e1,gpt4_b0863698,1,0,False,False,0.0,244,0,0,0.0,3,type_i,False,False
gemma4-e4b,mem0,0,8f009168-6d34-445a-abcf-bbcd766ed206,gpt4_b4a80587,2,2,True,True,1.0,243,0,0,0.0,5,type_i,False,False
gemma4-e4b,mem0,0,d3e452b1-6ee9-4e80-882a-cd5adb8d99b5,gpt4_b5700ca0,1,1,True,True,1.0,247,96,0,0.38866396761133604,5,type_i,False,False
gemma4-e4b,mem0,0,8e66be09-7cdf-4767-96af-eab782d78201,gpt4_b5700ca9,1,0,False,False,0.0,220,52,0,0.23636363636363636,5,type_i,False,False
gemma4-e4b,mem0,0,4d6d5bff-81df-477d-9eb9-e89ff9f8ad0c,gpt4_c27434e8,2,0,False,False,0.0,245,48,0,0.19591836734693877,4,type_i,False,False
gemma4-e4b,mem0,0,7fc4c7e2-c355-491d-b42d-9eeb867b1a95,gpt4_cd90e484,2,2,True,True,1.0,223,114,0,0.5112107623318386,4,type_i,False,False
gemma4-e4b,mem0,0,38b311c8-4914-413d-93f3-6a7161e60713,gpt4_d12ceb0e,6,3,True,False,0.5,217,88,0,0.4055299539170507,5,type_i,False,False
gemma4-e4b,mem0,0,9b2855b7-305e-41f8-998a-0ccae6161351,gpt4_d31cdae3,2,0,False,False,0.0,233,101,0,0.4334763948497854,5,type_i,False,False
gemma4-e4b,mem0,0,e28a12b3-8cd2-4b85-9de0-1415e25a01c4,gpt4_d6585ce8,5,2,True,False,0.4,256,49,0,0.19140625,5,type_i,False,False
gemma4-e4b,mem0,0,98aab43a-dbf2-4387-9d3b-f473a1996a7b,gpt4_d6585ce9,1,0,False,False,0.0,250,0,0,0.0,3,type_i,False,False
gemma4-e4b,mem0,0,3175f8da-10f4-475d-99eb-d5620563d5a1,gpt4_d84a3211,3,1,True,False,0.3333333333333333,222,85,0,0.38288288288288286,4,type_i,False,False
gemma4-e4b,mem0,0,5fec65ca-4ad8-42e7-a4c9-21c9bf932cc2,gpt4_d9af6064,1,0,False,False,0.0,238,97,0,0.40756302521008403,5,type_i,False,False
gemma4-e4b,mem0,0,e4e97916-1ef7-43f5-b935-8d76ab4941ff,gpt4_e05b82a6,6,4,True,False,0.6666666666666666,251,46,0,0.18326693227091634,5,type_i,False,False
gemma4-e4b,mem0,0,ea02d61c-b163-45b4-bbf9-36732245d08e,gpt4_e061b84f,3,2,True,False,0.6666666666666666,252,143,0,0.5674603174603174,5,type_i,False,False
gemma4-e4b,mem0,0,fd49de12-db55-475f-8263-880b50e4f56c,gpt4_e061b84g,1,1,True,True,1.0,216,59,0,0.27314814814814814,4,type_i,False,False
gemma4-e4b,mem0,0,325a6da7-bdba-42e1-a6bf-393f27349639,gpt4_e072b769,1,0,False,False,0.0,239,105,0,0.4393305439330544,5,type_i,False,False
gemma4-e4b,mem0,0,3619e3fc-44c5-4af7-a2e5-4236872b6cb4,gpt4_e414231e,2,1,True,False,0.5,241,51,0,0.21161825726141079,5,type_i,False,False
gemma4-e4b,mem0,0,703c1800-4332-4007-8980-fa1ccf083bdc,gpt4_e414231f,1,1,True,True,1.0,251,54,0,0.2151394422310757,5,type_i,False,False
gemma4-e4b,mem0,0,691f9e73-4d91-4b04-a81f-c2bc091190b7,gpt4_ec93e27f,2,0,False,False,0.0,218,177,0,0.8119266055045872,4,type_i,False,False
gemma4-e4b,mem0,0,c9fcccfa-eefa-4b70-9ed0-2dece2cc1694,gpt4_f2262a51,3,3,True,True,1.0,221,91,0,0.4117647058823529,5,type_i,False,False
gemma4-e4b,mem0,0,b4b230e8-28bb-4e29-8c8a-6ad1f0ed43d9,gpt4_f420262c,4,3,True,False,0.75,256,53,0,0.20703125,5,type_i,False,False
gemma4-e4b,mem0,0,f8686867-8497-4ad4-9b46-27f62ca1410c,gpt4_f420262d,1,1,True,True,1.0,231,132,0,0.5714285714285714,5,type_i,False,False
gemma4-e4b,mem0,0,28531c7c-40da-4b14-86ba-0956d75d6666,gpt4_f49edff3,3,3,True,True,1.0,223,56,0,0.25112107623318386,4,type_i,False,False
gemma4-e4b,mem0,0,7ced08f4-07e8-45b4-8478-3fd9385475d1,gpt4_fa19884c,2,2,True,True,1.0,249,0,0,0.0,5,type_i,False,False
gemma4-e4b,mem0,0,ce977133-22af-4c32-8963-936d95141b45,gpt4_fa19884d,1,0,False,False,0.0,244,147,0,0.6024590163934426,5,type_i,False,False
gemma4-e4b,mem0,0,c04a5450-7486-49bc-a6b4-9392e8fc2623,gpt4_fe651585,2,2,True,True,1.0,223,49,0,0.21973094170403587,5,type_i,False,False
Qwen3.5-4B,add_all,0,c173141b-2b5d-424e-a184-9c595c6caa2b,001be529,1,1,True,True,1.0,255,209,0,0.8196078431372549,5,type_i,False,False
Qwen3.5-4B,add_all,0,67c785fd-b152-4f56-9b64-ee48bafcca4e,00ca467f,2,1,True,False,0.5,255,196,0,0.7686274509803922,5,type_i,False,False
Qwen3.5-4B,add_all,0,77df5602-6b49-48a6-aa53-1696386def42,0100672e,2,1,True,False,0.5,225,171,0,0.76,5,type_i,False,False
Qwen3.5-4B,add_all,0,1fcfdc17-a482-4d25-8560-8060c1e0f055,01493427,2,0,False,False,0.0,253,253,0,1.0,5,type_ii,False,False
Qwen3.5-4B,add_all,0,afd53f5d-a910-4809-9f49-1f92d91f205c,031748ae,2,1,True,False,0.5,243,184,0,0.757201646090535,5,type_ii,False,False
Qwen3.5-4B,add_all,0,01694d0c-7085-4b05-9513-b433aa47a27e,06878be2,1,0,False,False,0.0,218,218,0,1.0,5,type_i,False,False
Qwen3.5-4B,add_all,0,2737a228-efad-43c8-9992-2a7fceea408a,06db6396,2,0,False,False,0.0,219,219,0,1.0,5,type_ii,False,False
Qwen3.5-4B,add_all,0,8530efe5-292c-4252-92bb-294b6bf859e1,06f04340,3,0,False,False,0.0,216,216,0,1.0,4,type_i,False,False
Qwen3.5-4B,add_all,0,5d5c2fa1-bccb-478d-852d-418b4c18684c,07741c44,2,0,False,False,0.0,239,239,0,1.0,5,type_ii,False,False
Qwen3.5-4B,add_all,0,1685c6c5-a80c-4a6c-a79e-7e9ab990b594,07741c45,2,0,False,False,0.0,235,235,0,1.0,5,type_ii,False,False
Qwen3.5-4B,add_all,0,a4a9e505-bede-46f7-82e3-23aecc93df7c,078150f1,2,0,False,False,0.0,230,230,0,1.0,5,type_i,False,False
Qwen3.5-4B,add_all,0,f89600d2-fd30-4a3b-872e-021a20f8aa54,07b6f563,1,0,False,False,0.0,223,223,0,1.0,5,type_i,False,False
Qwen3.5-4B,add_all,0,731a1390-5ad1-4f42-a458-fffae3439141,0862e8bf,1,0,False,False,0.0,250,250,0,1.0,6,type_i,False,False
Qwen3.5-4B,add_all,0,6c89b116-06fd-4095-97ab-113c41edc302,08e075c7,1,0,False,False,0.0,247,247,0,1.0,5,type_ii,False,False
Qwen3.5-4B,add_all,0,0764d171-4df8-4bc4-977f-9f3c836c302f,08f4fc43,2,0,False,False,0.0,214,214,0,1.0,4,type_i,False,False
Qwen3.5-4B,add_all,0,91136fd2-8291-44a3-9463-2a5c1670de40,0977f2af,2,1,True,False,0.5,231,179,0,0.7748917748917749,5,type_ii,False,False
Qwen3.5-4B,add_all,0,cb166cb1-bfd8-44c7-b153-d26f97989e6c,099778bb,2,1,True,False,0.5,245,181,0,0.7387755102040816,5,type_i,False,False
Qwen3.5-4B,add_all,0,6a3ee968-7090-416a-b436-e1807bbfa9fc,09ba9854,2,2,True,True,1.0,246,148,0,0.6016260162601627,5,type_i,False,False
Qwen3.5-4B,add_all,0,f8aa86dd-670b-42d8-9929-7e1ecaf337eb,09d032c9,2,0,False,False,0.0,254,254,0,1.0,5,type_i,False,False
Qwen3.5-4B,add_all,0,5b88c82a-e4dd-4ba9-bc0c-438bafb2af50,0a34ad58,2,0,False,False,0.0,228,228,0,1.0,5,type_i,False,False
Qwen3.5-4B,add_all,0,8e8dfad9-4e72-44ad-80f9-9ee34527ea44,0a995998,3,0,False,False,0.0,228,228,0,1.0,5,type_i,False,False
Qwen3.5-4B,add_all,0,d1664d66-b2b4-46a9-a4d5-04479fcd9d93,0bb5a684,2,1,True,False,0.5,213,103,0,0.4835680751173709,4,type_i,False,False
Qwen3.5-4B,add_all,0,6998f7c2-7d1c-4fcd-85b8-40719a29e395,0bc8ad92,2,0,False,False,0.0,234,234,0,1.0,5,type_i,False,False
Qwen3.5-4B,add_all,0,90265e41-a6e8-4db1-8839-1d8b6e3a7ec1,0bc8ad93,1,0,False,False,0.0,245,245,0,1.0,5,type_i,False,False
Qwen3.5-4B,add_all,0,5c96ffba-9867-4716-a433-134bfd37f0e7,0db4c65d,2,1,True,False,0.5,213,102,0,0.4788732394366197,4,type_i,False,False
Qwen3.5-4B,add_all,0,3ee0860b-6c64-444f-a7fe-9de87fd42ad3,0ddfec37,2,0,False,False,0.0,256,256,0,1.0,5,type_ii,False,False
Qwen3.5-4B,add_all,0,b2121489-7df4-4528-9b44-3258beebe829,0e4e4c46,2,0,False,False,0.0,248,198,0,0.7983870967741935,5,type_ii,False,False
Qwen3.5-4B,add_all,0,800ed4e3-3fdd-4a98-81a8-5d366924f0ea,0e5e2d1a,1,1,True,True,1.0,239,175,0,0.7322175732217573,4,type_i,False,False
Qwen3.5-4B,add_all,0,2b56a8bc-cd35-4679-96c1-7661b10963c4,0ea62687,2,1,True,False,0.5,205,153,0,0.7463414634146341,4,type_i,False,False
Qwen3.5-4B,add_all,0,89aa2e16-cd5e-49ef-b378-21a6239db2a6,0edc2aef,1,0,False,False,0.0,228,228,0,1.0,5,type_i,False,False
Qwen3.5-4B,add_all,0,e7be70aa-6f46-4426-9cee-a68ac23e2f43,0f05491a,2,2,True,True,1.0,244,100,0,0.4098360655737705,4,type_ii,False,False
Qwen3.5-4B,add_all,0,f66b9294-cb8f-41e4-8f60-518b01814048,10d9b85a,3,0,False,False,0.0,254,254,0,1.0,5,type_i,False,False
Qwen3.5-4B,add_all,0,cfe15d7d-74ac-462e-b088-2703809cbdf9,10e09553,2,0,False,False,0.0,252,252,0,1.0,5,type_ii,False,False
Qwen3.5-4B,add_all,0,329ecd04-a0c3-4bed-84dd-b0471869929d,118b2229,1,1,True,True,1.0,236,191,0,0.809322033898305,5,type_i,False,False
Qwen3.5-4B,add_all,0,a73ff9b8-7b4c-4e18-8731-493217775fce,1192316e,2,2,True,True,1.0,241,124,0,0.5145228215767634,5,type_i,False,False
Qwen3.5-4B,add_all,0,f66e9e83-c283-4ccf-9e36-0d38f28ab86d,129d1232,3,0,False,False,0.0,228,228,0,1.0,5,type_i,False,False
Qwen3.5-4B,add_all,0,f6e77432-c7e4-4837-89d7-9ec779718346,1568498a,1,0,False,False,0.0,228,228,0,1.0,4,type_i,False,False
Qwen3.5-4B,add_all,0,21934ed3-5b92-4e42-976a-5a3fea70d827,15745da0,1,0,False,False,0.0,235,235,0,1.0,5,type_i,False,False
Qwen3.5-4B,add_all,0,e6480499-87b4-400d-9349-89f8375289dd,157a136e,2,0,False,False,0.0,219,219,0,1.0,5,type_i,False,False
Qwen3.5-4B,add_all,0,73cd326b-fdbb-49fb-8eed-9802b8a6eaa5,16c90bf4,1,1,True,True,1.0,211,155,0,0.7345971563981043,4,type_i,False,False
Qwen3.5-4B,add_all,0,d677ccef-6fde-46ff-92c6-addd767b6803,184da446,2,0,False,False,0.0,209,209,0,1.0,4,type_ii,False,False
Qwen3.5-4B,add_all,0,e7920a20-2bc6-442e-9bc7-333e861a6782,18bc8abd,2,1,True,False,0.5,201,144,0,0.7164179104477612,4,type_ii,False,False
Qwen3.5-4B,add_all,0,2d3ef47c-2f5e-43bf-848d-3400ea57b247,18dcd5a5,1,1,True,True,1.0,246,174,0,0.7073170731707317,4,type_i,False,False
Qwen3.5-4B,add_all,0,f63440d1-23df-4ca6-b4b5-78cf8df47f68,1903aded,1,1,True,True,1.0,255,193,0,0.7568627450980392,5,type_i,False,False
Qwen3.5-4B,add_all,0,2d5ca7af-fa79-4b64-8c52-96d8de0b4b9d,195a1a1b,1,0,False,False,0.0,231,231,0,1.0,5,type_i,False,False
Qwen3.5-4B,add_all,0,2c7e0d4d-6a6c-417c-ac9e-f275585493cc,19b5f2b3,1,0,False,False,0.0,232,232,0,1.0,5,type_i,False,False
Qwen3.5-4B,add_all,0,b7d57339-1633-4130-afcb-647b70b03da4,1a1907b4,1,0,False,False,0.0,228,228,0,1.0,5,type_i,False,False
Qwen3.5-4B,add_all,0,e29ae8f7-cdc8-4f6b-8b00-aa1f39b58c04,1a8a66a6,3,0,False,False,0.0,242,242,0,1.0,5,type_i,False,False
Qwen3.5-4B,add_all,0,c27c2f63-fa1f-4b26-b09c-41cd7b51718a,1b9b7252,1,1,True,True,1.0,253,171,0,0.6758893280632411,5,type_i,False,False
Qwen3.5-4B,add_all,0,145890bf-0cb9-42bd-bdee-29ca2daba1db,1c0ddc50,4,0,False,False,0.0,232,232,0,1.0,5,type_i,False,False
Qwen3.5-4B,add_all,0,99ba3cd0-9f8b-4f98-8c38-ccadfb53f939,1c549ce4,2,0,False,False,0.0,229,229,0,1.0,5,type_i,False,False
Qwen3.5-4B,add_all,0,01a74ca6-9cc4-472d-bdab-9cfea477ed36,1cea1afa,2,0,False,False,0.0,217,217,0,1.0,5,type_ii,False,False
Qwen3.5-4B,add_all,0,29295a67-be68-4e0d-8d4a-bb9e6289be50,1d4da289,1,1,True,True,1.0,227,175,0,0.7709251101321586,5,type_i,False,False
Qwen3.5-4B,add_all,0,f321a3c0-6590-4506-bc10-f1c02f157e87,1d4e3b97,2,0,False,False,0.0,228,228,0,1.0,4,type_i,False,False
Qwen3.5-4B,add_all,0,27e55708-9d39-4ac5-8fdf-1f278d9e8450,1da05512,2,0,False,False,0.0,220,220,0,1.0,5,type_i,False,False
Qwen3.5-4B,add_all,0,fb7eac72-84fb-40b6-abac-7e49f4c50ace,1de5cff2,1,1,True,True,1.0,230,178,0,0.7739130434782608,5,type_i,False,False
Qwen3.5-4B,add_all,0,7d83c3ed-24e7-4ccf-9303-a7372562c7de,1e043500,1,0,False,False,0.0,256,256,0,1.0,5,type_i,False,False
Qwen3.5-4B,add_all,0,f221b545-5950-407d-98d2-683306ea0062,1f2b8d4f,2,1,True,False,0.5,230,172,0,0.7478260869565218,5,type_i,False,False
Qwen3.5-4B,add_all,0,47abdc78-efad-45ce-8d6d-306ec846cc0d,1faac195,1,1,True,True,1.0,243,202,0,0.831275720164609,5,type_i,False,False
Qwen3.5-4B,add_all,0,cc435466-292f-418a-8b84-4a4716e8bf5a,2133c1b5,2,0,False,False,0.0,235,189,0,0.8042553191489362,5,type_ii,False,False
Qwen3.5-4B,add_all,0,b2e38bc1-e0f9-46bd-be2f-fb1f26bccad2,21436231,1,1,True,True,1.0,210,160,0,0.7619047619047619,4,type_i,False,False
Qwen3.5-4B,add_all,0,f3027fc6-d5a3-47b1-8fa1-2c6545af9dc8,21d02d0d,2,2,True,True,1.0,232,97,0,0.41810344827586204,4,type_i,False,False
Qwen3.5-4B,add_all,0,a13f3869-559d-4ec9-8dd0-261c60c5906f,22d2cb42,1,0,False,False,0.0,239,196,0,0.8200836820083682,5,type_ii,False,False
Qwen3.5-4B,add_all,0,125bea9e-73ae-4d8e-bee8-21c9b2915614,2311e44b,2,1,True,False,0.5,240,190,0,0.7916666666666666,5,type_i,False,False
Qwen3.5-4B,add_all,0,c59fc060-5273-407d-954b-a48eb93d5834,2318644b,2,2,True,True,1.0,215,104,0,0.48372093023255813,4,type_i,False,False
Qwen3.5-4B,add_all,0,6c1f533b-4890-4fe5-9fad-8f7484c86bf3,25e5aa4f,1,1,True,True,1.0,216,172,0,0.7962962962962963,5,type_i,False,False
Qwen3.5-4B,add_all,0,dea79f58-5c59-483f-81ee-777a881361b9,2698e78f,2,0,False,False,0.0,218,172,0,0.7889908256880734,5,type_ii,False,False
Qwen3.5-4B,add_all,0,2a9fe001-ae1b-4063-87a3-046cde0f05c3,26bdc477,2,0,False,False,0.0,251,251,0,1.0,5,type_ii,False,False
Qwen3.5-4B,add_all,0,5b176939-ceb4-4e64-84d0-6d95a0440dd7,27016adc,2,0,False,False,0.0,209,209,0,1.0,4,type_i,False,False
Qwen3.5-4B,add_all,0,2e7a4af7-b80f-4eda-9df2-b816ad740ed6,2788b940,5,0,False,False,0.0,209,209,0,1.0,4,type_i,False,False
Qwen3.5-4B,add_all,0,206e1dc0-e224-4f21-9edb-87a817849373,28bcfaac,1,0,False,False,0.0,192,192,0,1.0,4,type_i,False,False
Qwen3.5-4B,add_all,0,9dc85466-349b-4eca-a129-eb30b15dd19e,28dc39ac,5,0,False,False,0.0,245,245,0,1.0,5,type_i,False,False
Qwen3.5-4B,add_all,0,7dca224b-4b9f-4c1a-89fc-43757df966c1,29f2956b,1,0,False,False,0.0,231,231,0,1.0,4,type_i,False,False
Qwen3.5-4B,add_all,0,c87979c2-1f7e-4e13-9dba-38c9dc5cafe3,2a1811e2,2,0,False,False,0.0,209,209,0,1.0,4,type_i,False,False
Qwen3.5-4B,add_all,0,948e997e-2de4-4df6-af42-4eacdaa2fbdd,2b8f3739,3,0,False,False,0.0,224,224,0,1.0,5,type_i,False,False
Qwen3.5-4B,add_all,0,c2fa2909-a443-422e-8fe1-f387e311b1a0,2bf43736,1,1,True,True,1.0,245,173,0,0.7061224489795919,4,type_i,False,False
Qwen3.5-4B,add_all,0,fa37881e-fc18-4a68-ba3f-edc8360c6184,2c63a862,2,0,False,False,0.0,248,248,0,1.0,5,type_i,False,False
Qwen3.5-4B,add_all,0,e77d00b8-d218-4480-be88-a97339674ddb,2ce6a0f2,4,0,False,False,0.0,221,221,0,1.0,5,type_i,False,False
Qwen3.5-4B,add_all,0,8b02d300-804b-4dee-9995-6330c349de82,2e6d26dc,5,0,False,False,0.0,256,256,0,1.0,5,type_i,False,False
Qwen3.5-4B,add_all,0,64ff3a39-b136-4dbb-8b26-788848cd19db,2ebe6c90,2,2,True,True,1.0,219,101,0,0.4611872146118721,4,type_i,False,False
Qwen3.5-4B,add_all,0,e536323d-c73a-46b8-9189-d41f8e5b7e6f,2ebe6c92,2,0,False,False,0.0,252,252,0,1.0,5,type_i,False,False
Qwen3.5-4B,add_all,0,9ee1697c-8908-4fbe-88b3-ed60cba51dc9,311778f1,1,1,True,True,1.0,240,178,0,0.7416666666666667,4,type_i,False,False
Qwen3.5-4B,add_all,0,9ef3c446-55e9-4c25-a6a2-c5857cb93946,32260d93,1,0,False,False,0.0,221,221,0,1.0,5,type_i,False,False
Qwen3.5-4B,add_all,0,bfa69cc3-b801-4f58-81ae-6d357b04bedc,3249768e,1,0,False,False,0.0,218,218,0,1.0,4,type_i,False,False
Qwen3.5-4B,add_all,0,67e0628a-1eee-40ed-bd18-6f4c7f2aadcc,352ab8bd,1,1,True,True,1.0,198,117,0,0.5909090909090909,3,type_i,False,False
Qwen3.5-4B,add_all,0,1c73178c-97ce-4c84-b6db-bf5ddbf316e2,35a27287,2,0,False,False,0.0,230,230,0,1.0,5,type_i,False,False
Qwen3.5-4B,add_all,0,62f5c32a-117d-4a76-b587-b3bbfeb106d4,36580ce8,1,0,False,False,0.0,228,228,0,1.0,5,type_i,False,False
Qwen3.5-4B,add_all,0,92c2df25-cd46-45dd-a979-3c36cb5aa6c4,36b9f61e,3,0,False,False,0.0,241,241,0,1.0,5,type_i,False,False
Qwen3.5-4B,add_all,0,f54cdf49-5752-48df-b8ce-156fc8339405,370a8ff4,2,1,True,False,0.5,242,191,0,0.7892561983471075,5,type_i,False,False
Qwen3.5-4B,add_all,0,abb38a88-df08-48eb-90ce-930e96f4600d,37d43f65,1,1,True,True,1.0,243,183,0,0.7530864197530864,5,type_i,False,False
Qwen3.5-4B,add_all,0,2e90eff8-0d33-4c1f-801b-57ef06007b34,37f165cf,2,2,True,True,1.0,251,151,0,0.601593625498008,5,type_i,False,False
Qwen3.5-4B,add_all,0,e38482fa-b871-4833-9496-9c13ee327194,38146c39,2,0,False,False,0.0,255,201,0,0.788235294117647,5,type_i,False,False
Qwen3.5-4B,add_all,0,c597e88f-e135-4314-adb1-e8b66a25bcc7,3a704032,3,0,False,False,0.0,240,240,0,1.0,5,type_i,False,False
Qwen3.5-4B,add_all,0,5fb074d9-fe36-408b-8cf2-b80370036fff,3b6f954b,1,0,False,False,0.0,221,221,0,1.0,5,type_i,False,False
Qwen3.5-4B,add_all,0,29ec17f4-deef-4a82-a2f6-03bb9ad3171b,3ba21379,1,0,False,False,0.0,218,170,0,0.7798165137614679,5,type_ii,False,False
Qwen3.5-4B,add_all,0,e8444951-efca-4915-8c05-514bc98d8536,3c1045c8,2,0,False,False,0.0,228,228,0,1.0,5,type_i,False,False
Qwen3.5-4B,add_all,0,8c51cb70-b376-448f-a828-d6f86cb22d37,3d86fd0a,1,1,True,True,1.0,218,174,0,0.7981651376146789,5,type_i,False,False
Qwen3.5-4B,add_all,0,8f521aee-c3eb-43de-9db7-e3a62ef9a630,3e321797,1,0,False,False,0.0,231,231,0,1.0,4,type_i,False,False
Qwen3.5-4B,add_all,0,6b726144-8651-4ccd-8a3f-e4c6bdc31f34,3f1e9474,1,0,False,False,0.0,232,232,0,1.0,5,type_i,False,False
Qwen3.5-4B,add_all,0,e8da42ed-0f99-4438-b9c0-609d60ca12dd,3fdac837,2,0,False,False,0.0,230,230,0,1.0,5,type_i,False,False
Qwen3.5-4B,add_all,0,9c969664-85c9-4101-ada8-56a08990ee5b,3fe836c9,2,0,False,False,0.0,237,237,0,1.0,5,type_i,False,False
Qwen3.5-4B,add_all,0,4899b6ba-5dc1-4dcb-a991-39bdb7ddf51c,4100d0a0,1,0,False,False,0.0,221,221,0,1.0,5,type_i,False,False
Qwen3.5-4B,add_all,0,01714c5a-b394-4de4-9a7e-3be9de655f0b,41275add,1,1,True,True,1.0,222,133,0,0.5990990990990991,4,type_i,False,False
Qwen3.5-4B,add_all,0,206ae6d9-b36c-41fe-9d7d-5c8b082b0cf5,41698283,2,0,False,False,0.0,238,238,0,1.0,5,type_ii,False,False
Qwen3.5-4B,add_all,0,1caed7e6-d163-43dd-b8c6-00730ba747d3,42ec0761,2,0,False,False,0.0,192,152,0,0.7916666666666666,4,type_ii,False,False
Qwen3.5-4B,add_all,0,61d1fc44-0ca0-49a7-b64c-f2f44c2244ce,4388e9dd,1,0,False,False,0.0,246,246,0,1.0,5,type_i,False,False
Qwen3.5-4B,add_all,0,7ca74350-bc64-49ba-8d06-645e41c99114,45dc21b6,2,0,False,False,0.0,215,215,0,1.0,5,type_ii,False,False
Qwen3.5-4B,add_all,0,f477bdc4-3f51-4e8a-a846-d5e822937a41,46a3abf7,3,0,False,False,0.0,227,227,0,1.0,5,type_i,False,False
Qwen3.5-4B,add_all,0,8433f2c7-2840-495a-9a78-4252cec9f75f,488d3006,1,0,False,False,0.0,239,239,0,1.0,4,type_i,False,False
Qwen3.5-4B,add_all,0,e30e3f52-74e1-432c-bfc7-88a4de49e459,4adc0475,2,2,True,True,1.0,248,130,0,0.5241935483870968,5,type_i,False,False
Qwen3.5-4B,add_all,0,047440dc-477f-4ea4-ad3d-39949324fe80,4b24c848,2,0,False,False,0.0,252,252,0,1.0,6,type_ii,False,False
Qwen3.5-4B,add_all,0,20c4bf50-1603-4097-878d-eb055fbee6ab,4baee567,1,1,True,True,1.0,223,168,0,0.7533632286995515,4,type_i,False,False
Qwen3.5-4B,add_all,0,3c73b785-add4-4f7c-b750-3dc5a512cb45,4bc144e2,2,1,True,False,0.5,215,167,0,0.7767441860465116,5,type_i,False,False
Qwen3.5-4B,add_all,0,6c65e399-db9c-4bc6-a7e1-313af181864b,4c36ccef,1,0,False,False,0.0,243,243,0,1.0,5,type_i,False,False
Qwen3.5-4B,add_all,0,c64e2cc7-8c60-478b-a266-e9c695db8b80,4d6b87c8,2,0,False,False,0.0,225,180,0,0.8,5,type_ii,False,False
Qwen3.5-4B,add_all,0,8c381455-0095-4a17-b421-504de0a9e246,4dfccbf7,2,0,False,False,0.0,222,222,0,1.0,5,type_i,False,False
Qwen3.5-4B,add_all,0,67797d2e-ef26-401c-898d-359ede41bf10,4dfccbf8,1,0,False,False,0.0,217,217,0,1.0,5,type_i,False,False
Qwen3.5-4B,add_all,0,9e168126-933c-460e-bf5f-972fb65746d0,4f54b7c9,5,0,False,False,0.0,227,227,0,1.0,5,type_i,False,False
Qwen3.5-4B,add_all,0,7844331e-c0ef-45f4-b3de-26f6393a9f5f,4fd1909e,1,0,False,False,0.0,230,230,0,1.0,5,type_i,False,False
Qwen3.5-4B,add_all,0,89106fd4-066d-4a27-a0bd-ebe58fc6527d,5025383b,2,0,False,False,0.0,231,231,0,1.0,5,type_i,False,False
Qwen3.5-4B,add_all,0,ca7393e0-9a64-4ec5-9f2e-a39e8c80a7ab,505af2f5,3,1,True,False,0.3333333333333333,247,184,0,0.7449392712550608,5,type_i,False,False
Qwen3.5-4B,add_all,0,a0900915-c26b-463a-96ea-6eda1de47899,50635ada,1,0,False,False,0.0,217,217,0,1.0,5,type_ii,False,False
Qwen3.5-4B,add_all,0,30187ef4-edb2-45e9-bd78-d02fd63e7781,51a45a95,1,1,True,True,1.0,227,163,0,0.7180616740088106,5,type_i,False,False
Qwen3.5-4B,add_all,0,28ab5097-2cff-493a-8b1d-9427c9d8a925,51b23612,1,1,True,True,1.0,251,190,0,0.7569721115537849,5,type_i,False,False
Qwen3.5-4B,add_all,0,7519b440-683a-45be-8f7b-663950ee371a,51c32626,1,1,True,True,1.0,210,152,0,0.7238095238095238,4,type_i,False,False
Qwen3.5-4B,add_all,0,6e49bbfa-d7e2-4dc7-ac05-27a68ca30f0c,54026fce,1,0,False,False,0.0,224,224,0,1.0,5,type_i,False,False
Qwen3.5-4B,add_all,0,fada485e-c299-4696-b484-f747a4c3decc,545bd2b5,1,1,True,True,1.0,234,170,0,0.7264957264957265,4,type_i,False,False
Qwen3.5-4B,add_all,0,a1c4c936-a762-408b-a92b-877835d534a1,55241a1f,2,0,False,False,0.0,230,230,0,1.0,5,type_i,False,False
Qwen3.5-4B,add_all,0,bcecda4e-9a0b-4333-b2d4-bb30ba787d2e,561fabcd,1,1,True,True,1.0,240,193,0,0.8041666666666667,5,type_i,False,False
Qwen3.5-4B,add_all,0,7a476879-d052-42a7-ba0a-91297fbad7bb,577d4d32,1,0,False,False,0.0,240,240,0,1.0,5,type_i,False,False
Qwen3.5-4B,add_all,0,61efc212-ad33-4dc0-a57f-13ec2844501b,57f827a0,1,0,False,False,0.0,224,224,0,1.0,4,type_i,False,False
Qwen3.5-4B,add_all,0,8c682be6-5454-403a-b7ca-7ea0e6393119,5809eb10,1,0,False,False,0.0,221,221,0,1.0,4,type_i,False,False
Qwen3.5-4B,add_all,0,79c7de50-2b40-4347-a324-325eb12299ba,5831f84d,2,0,False,False,0.0,237,237,0,1.0,5,type_ii,False,False
Qwen3.5-4B,add_all,0,42151af5-f627-4dfc-8f84-70981ebe935e,58470ed2,1,1,True,True,1.0,215,144,0,0.6697674418604651,4,type_i,False,False
Qwen3.5-4B,add_all,0,526dcaf6-74e4-4b71-8aee-b569c9a3e6a0,58bf7951,1,0,False,False,0.0,252,252,0,1.0,5,type_i,False,False
Qwen3.5-4B,add_all,0,d3eb1600-db98-4498-a436-c0af9042c8e1,58ef2f1c,1,0,False,False,0.0,232,232,0,1.0,5,type_i,False,False
Qwen3.5-4B,add_all,0,e3ee35c8-7b2e-4207-8031-d3898fc0fe69,59524333,2,0,False,False,0.0,244,244,0,1.0,5,type_ii,False,False
Qwen3.5-4B,add_all,0,c3c3eb74-999f-4c45-9016-2080c1522bdb,5a4f22c0,1,1,True,True,1.0,213,141,0,0.6619718309859155,4,type_ii,False,False
Qwen3.5-4B,add_all,0,7d975007-b2a1-4647-b69d-c50c9e0fdd0b,5a7937c8,3,0,False,False,0.0,235,235,0,1.0,5,type_i,False,False
Qwen3.5-4B,add_all,0,2f326770-f443-4f39-85df-24b5c548faed,5c40ec5b,1,0,False,False,0.0,229,229,0,1.0,5,type_ii,False,False
Qwen3.5-4B,add_all,0,9e56379b-11d6-4e31-a8ae-4f4af72982fd,5d3d2817,1,0,False,False,0.0,232,232,0,1.0,5,type_i,False,False
Qwen3.5-4B,add_all,0,2fe1c72b-f046-42cd-8752-1b0b48a578a3,5e1b23de,1,1,True,True,1.0,234,180,0,0.7692307692307693,5,type_i,False,False
Qwen3.5-4B,add_all,0,b963ee67-e99d-4a09-89c9-926d8814d9aa,60036106,2,1,True,False,0.5,247,189,0,0.7651821862348178,5,type_i,False,False
Qwen3.5-4B,add_all,0,0ceef3fd-4e4d-41ff-8fec-27c93581c2cb,60159905,3,0,False,False,0.0,250,250,0,1.0,5,type_i,False,False
Qwen3.5-4B,add_all,0,04b2f60a-a0cf-43af-bc8d-ed0ead2147bf,603deb26,2,1,True,False,0.5,235,152,0,0.6468085106382979,4,type_ii,False,False
Qwen3.5-4B,add_all,0,2d04bda8-ec5f-4028-b4fc-0de82a1d8384,60472f9c,3,0,False,False,0.0,216,216,0,1.0,5,type_i,False,False
Qwen3.5-4B,add_all,0,217969c2-2a59-4197-84d9-35ef13e8a418,6071bd76,2,2,True,True,1.0,241,105,0,0.43568464730290457,4,type_ii,False,False
Qwen3.5-4B,add_all,0,1d3dba10-acd3-444f-97b5-52b40a740099,60bf93ed,1,0,False,False,0.0,240,240,0,1.0,5,type_i,False,False
Qwen3.5-4B,add_all,0,ebed30bc-a32b-466e-a37d-a51c53bd2969,60d45044,1,0,False,False,0.0,227,227,0,1.0,5,type_i,False,False
Qwen3.5-4B,add_all,0,51cf13aa-2a1e-4bf8-8789-d117b5e1a114,618f13b2,2,0,False,False,0.0,204,204,0,1.0,4,type_ii,False,False
Qwen3.5-4B,add_all,0,19431c25-4689-4fbe-8c5e-51f9ea9f6392,61f8c8f8,2,2,True,True,1.0,212,101,0,0.47641509433962265,4,type_i,False,False
Qwen3.5-4B,add_all,0,ba5c7b6c-37f0-4d8e-b6d1-2f75b66375d5,6222b6eb,1,0,False,False,0.0,249,249,0,1.0,5,type_i,False,False
Qwen3.5-4B,add_all,0,4739bccb-6009-4d4d-bbe8-1d63378770d8,6456829e,2,1,True,False,0.5,221,180,0,0.8144796380090498,5,type_i,False,False
Qwen3.5-4B,add_all,0,c7c7e0d6-37af-44bd-b15b-b164121d781d,65240037,1,1,True,True,1.0,219,161,0,0.7351598173515982,4,type_i,False,False
Qwen3.5-4B,add_all,0,367f5a88-0774-4d08-a580-7ae9260b24f3,6613b389,2,0,False,False,0.0,230,230,0,1.0,5,type_i,False,False
Qwen3.5-4B,add_all,0,9da3b696-1a0c-41a9-b022-59d1df0b7802,66f24dbb,2,1,True,False,0.5,218,172,0,0.7889908256880734,5,type_i,False,False
Qwen3.5-4B,add_all,0,fe7b4b28-1557-430b-be9c-3f5efdfb5793,67e0d0f2,2,0,False,False,0.0,242,242,0,1.0,5,type_i,False,False
Qwen3.5-4B,add_all,0,7de79f1c-6a0e-448d-8829-99a72990743b,681a1674,2,0,False,False,0.0,250,250,0,1.0,5,type_i,False,False
Qwen3.5-4B,add_all,0,aa080c0a-9326-443c-aa2a-ba49247875ea,69fee5aa,2,0,False,False,0.0,250,250,0,1.0,5,type_ii,False,False
Qwen3.5-4B,add_all,0,c38ad49a-da03-4548-a6a5-87e2a3e18f37,6a1eabeb,2,0,False,False,0.0,213,213,0,1.0,4,type_ii,False,False
Qwen3.5-4B,add_all,0,d11fc4ca-1882-459e-9c50-c0156a28b773,6a27ffc2,2,0,False,False,0.0,243,243,0,1.0,5,type_ii,False,False
Qwen3.5-4B,add_all,0,8e93c38e-946c-46c9-b90d-cf08a9ba08b3,6ade9755,1,0,False,False,0.0,248,248,0,1.0,6,type_i,False,False
Qwen3.5-4B,add_all,0,a623a1fc-9fb2-46ac-8384-616ec9e2403a,6ae235be,1,1,True,True,1.0,210,150,0,0.7142857142857143,4,type_i,False,False
Qwen3.5-4B,add_all,0,dfa3ceaa-1f1e-48bd-b64b-e04209568fd8,6aeb4375,2,0,False,False,0.0,217,177,0,0.815668202764977,5,type_ii,False,False
Qwen3.5-4B,add_all,0,ef621f57-cae3-43cf-97c2-ad2676a5e2d0,6b168ec8,1,0,False,False,0.0,218,218,0,1.0,5,type_i,False,False
Qwen3.5-4B,add_all,0,7518cdb5-8b0c-443f-ac81-20007410bb10,6b7dfb22,5,0,False,False,0.0,220,220,0,1.0,5,type_i,False,False
Qwen3.5-4B,add_all,0,b5f837c9-7e45-4c53-8841-0518e42e015a,6c49646a,2,0,False,False,0.0,225,225,0,1.0,5,type_i,False,False
Qwen3.5-4B,add_all,0,a55d6edb-77cc-40e7-b379-c65f28271151,6cb6f249,2,2,True,True,1.0,230,110,0,0.4782608695652174,4,type_i,False,False
Qwen3.5-4B,add_all,0,0c4a8909-4a19-4dcb-92f6-e22cde93fde1,6d550036,2,0,False,False,0.0,237,237,0,1.0,6,type_i,False,False
Qwen3.5-4B,add_all,0,cc6d5c5f-b0da-406b-81df-b09905664439,6e984301,2,0,False,False,0.0,250,250,0,1.0,5,type_i,False,False
Qwen3.5-4B,add_all,0,ac5faf63-ca4b-40c5-84e6-5e0a4f33e61f,6e984302,1,0,False,False,0.0,255,255,0,1.0,5,type_i,False,False
Qwen3.5-4B,add_all,0,d1fd1997-8922-47c0-b397-0b0efeed3633,6f9b354f,1,1,True,True,1.0,223,155,0,0.695067264573991,4,type_i,False,False
Qwen3.5-4B,add_all,0,05942610-5b45-47b2-bc4e-5d4d0f8ce7ea,7024f17c,1,1,True,True,1.0,232,177,0,0.7629310344827587,5,type_i,False,False
Qwen3.5-4B,add_all,0,23c0991c-0b79-440c-a5dc-af147c43e73a,70b3e69b,1,1,True,True,1.0,255,194,0,0.7607843137254902,5,type_i,False,False
Qwen3.5-4B,add_all,0,75f74b8a-e3b1-4ea2-a5cb-0af5aa1a6292,71017276,1,0,False,False,0.0,236,236,0,1.0,4,type_i,False,False
Qwen3.5-4B,add_all,0,934fa6fe-1249-4099-9b13-ac815129e699,71017277,2,1,True,False,0.5,227,175,0,0.7709251101321586,5,type_i,False,False
Qwen3.5-4B,add_all,0,d9c1b9bf-04e9-4f8d-be47-61456db218eb,71315a70,2,0,False,False,0.0,240,191,0,0.7958333333333333,5,type_ii,False,False
Qwen3.5-4B,add_all,0,fa592da8-500b-4fa7-abd1-b7c8c6a9cc72,7161e7e2,1,1,True,True,1.0,241,174,0,0.7219917012448133,4,type_i,False,False
Qwen3.5-4B,add_all,0,76a1c4f0-d6fb-4f08-ae58-04190bad96ae,71a3fd6b,1,1,True,True,1.0,224,138,0,0.6160714285714286,4,type_i,False,False
Qwen3.5-4B,add_all,0,345a5ea9-2edf-4cc1-aa7e-791e41932d20,720133ac,2,2,True,True,1.0,252,134,0,0.5317460317460317,5,type_i,False,False
Qwen3.5-4B,add_all,0,47c5aa50-3f9b-44a9-b97d-ab48d6ffe94b,726462e0,1,1,True,True,1.0,215,149,0,0.6930232558139535,4,type_i,False,False
Qwen3.5-4B,add_all,0,f99c143a-54f7-477e-b68a-1926cb697ab3,72e3ee87,2,0,False,False,0.0,243,243,0,1.0,5,type_ii,False,False
Qwen3.5-4B,add_all,0,9474ada3-7620-47b5-8a7d-a4bc86c4cce2,73d42213,2,0,False,False,0.0,226,226,0,1.0,4,type_i,False,False
Qwen3.5-4B,add_all,0,770c25da-8997-4db9-8cec-926396956907,7401057b,2,0,False,False,0.0,244,192,0,0.7868852459016393,5,type_ii,False,False
Qwen3.5-4B,add_all,0,d38843b4-9c14-442e-bade-8b1fed756b5e,7405e8b1,2,2,True,True,1.0,255,146,0,0.5725490196078431,5,type_i,False,False
Qwen3.5-4B,add_all,0,23385bf1-c4f8-476a-9c15-1d425f8188a2,7527f7e2,1,0,False,False,0.0,133,133,0,1.0,3,type_i,False,False
Qwen3.5-4B,add_all,0,2fdc9fee-fb74-4b71-87f6-9a5996b0a79a,75499fd8,1,0,False,False,0.0,217,217,0,1.0,5,type_i,False,False
Qwen3.5-4B,add_all,0,0305e0b5-7860-43ff-bdf6-df158a6f5f9b,75832dbd,2,0,False,False,0.0,212,212,0,1.0,5,type_i,False,False
Qwen3.5-4B,add_all,0,729f915a-ed3e-4a34-9916-2abebee6a423,75f70248,1,0,False,False,0.0,228,228,0,1.0,5,type_i,False,False
Qwen3.5-4B,add_all,0,0c974d98-7fcd-4fef-91df-b3f06e6ea30c,76d63226,1,0,False,False,0.0,244,244,0,1.0,5,type_i,False,False
Qwen3.5-4B,add_all,0,2a59831a-0c77-45f6-8dfd-df2176f72bf4,778164c6,1,1,True,True,1.0,244,170,0,0.6967213114754098,5,type_i,False,False
Qwen3.5-4B,add_all,0,a8f243df-8f6c-403b-8169-816c48525553,77eafa52,2,0,False,False,0.0,218,218,0,1.0,5,type_i,False,False
Qwen3.5-4B,add_all,0,487b652b-e28c-4dd3-929e-d49da094919c,7a87bd0c,2,0,False,False,0.0,243,243,0,1.0,5,type_ii,False,False
Qwen3.5-4B,add_all,0,8670bba2-df05-4094-9b29-55cdc0de1375,7a8d0b71,1,1,True,True,1.0,232,148,0,0.6379310344827587,4,type_i,False,False
Qwen3.5-4B,add_all,0,39b5b399-520a-445f-addf-56493fa6d598,7e00a6cb,1,0,False,False,0.0,214,214,0,1.0,4,type_i,False,False
Qwen3.5-4B,add_all,0,bb0fa2d3-c566-4517-aff3-5025a6394731,7e974930,2,0,False,False,0.0,232,232,0,1.0,5,type_ii,False,False
Qwen3.5-4B,add_all,0,6d83f67b-ecfb-49c2-bb9a-213eda00306e,8077ef71,1,0,False,False,0.0,243,243,0,1.0,5,type_i,False,False
Qwen3.5-4B,add_all,0,7d3b14c0-4d3a-4b13-b299-2996771dc719,80ec1f4f,2,0,False,False,0.0,244,244,0,1.0,5,type_i,False,False
Qwen3.5-4B,add_all,0,3a9b24d8-deac-40bd-b7f4-282c4ce05c8e,81507db6,3,0,False,False,0.0,216,216,0,1.0,5,type_i,False,False
Qwen3.5-4B,add_all,0,dfa908c8-a331-4d5c-9aa7-60b5650d39d2,830ce83f,2,0,False,False,0.0,217,217,0,1.0,5,type_ii,False,False
Qwen3.5-4B,add_all,0,f4418894-b1f9-4476-82eb-1d9bd5722f31,8464fc84,1,1,True,True,1.0,245,189,0,0.7714285714285715,5,type_i,False,False
Qwen3.5-4B,add_all,0,23bf26d2-93e3-4b93-9e57-615040bad4da,852ce960,2,0,False,False,0.0,206,206,0,1.0,4,type_ii,False,False
Qwen3.5-4B,add_all,0,c3d00e4e-27b9-4ef2-98eb-bd4ae82f7d9b,853b0a1d,1,0,False,False,0.0,238,238,0,1.0,5,type_i,False,False
Qwen3.5-4B,add_all,0,aa64d5fb-a6a6-42de-b882-0d459286a09b,8550ddae,1,0,False,False,0.0,239,239,0,1.0,5,type_i,False,False
Qwen3.5-4B,add_all,0,5821411a-9666-4e6b-973c-cfb32738efa5,85fa3a3f,4,3,True,False,0.75,233,51,0,0.21888412017167383,4,type_i,False,False
Qwen3.5-4B,add_all,0,65c01363-be47-4672-ab02-fd84bfc183ef,86b68151,1,0,False,False,0.0,254,254,0,1.0,5,type_i,False,False
Qwen3.5-4B,add_all,0,90b402a2-e6aa-4a37-9d67-1629fe7e7bc6,86f00804,1,0,False,False,0.0,252,252,0,1.0,6,type_i,False,False
Qwen3.5-4B,add_all,0,42b506bc-aff7-49e3-af90-032521532ff0,8752c811,1,0,False,False,0.0,242,242,0,1.0,5,type_i,False,False
Qwen3.5-4B,add_all,0,c642e18c-eb88-4e51-9939-494b36ceca25,87f22b4a,2,0,False,False,0.0,225,225,0,1.0,5,type_i,False,False
Qwen3.5-4B,add_all,0,767e239c-ace3-4b06-be9e-c9fe2a8e97ea,88432d0a,4,0,False,False,0.0,256,256,0,1.0,5,type_i,False,False
Qwen3.5-4B,add_all,0,f43882a9-c075-4b76-a0f1-63a37f2731ae,89527b6b,3,2,True,False,0.6666666666666666,241,131,0,0.5435684647302904,5,type_i,False,False
Qwen3.5-4B,add_all,0,e183c429-89b2-4b54-90cf-4e0d7f9bedc3,8979f9ec,2,0,False,False,0.0,239,239,0,1.0,5,type_i,False,False
Qwen3.5-4B,add_all,0,4e3e22d8-4a09-404c-b190-9415bf927c19,89941a93,2,1,True,False,0.5,250,176,0,0.704,5,type_ii,False,False
Qwen3.5-4B,add_all,0,395db416-2319-41d5-ac5c-6b264b20d7ee,89941a94,1,0,False,False,0.0,241,241,0,1.0,5,type_ii,False,False
Qwen3.5-4B,add_all,0,f0daf1b6-7b05-4e3f-a82d-3a04d42cb8a1,8a137a7f,1,1,True,True,1.0,232,180,0,0.7758620689655172,5,type_i,False,False
Qwen3.5-4B,add_all,0,24501fe5-b206-40d1-8df4-ef9b33083afc,8a2466db,1,0,False,False,0.0,214,214,0,1.0,5,type_i,False,False
Qwen3.5-4B,add_all,0,80c2ad3e-dbe2-4847-80ba-d68bd08b717b,8aef76bc,1,1,True,True,1.0,252,192,0,0.7619047619047619,5,type_i,False,False
Qwen3.5-4B,add_all,0,1d603e16-0d44-425b-b4a2-9a3dffd1dd76,8b9d4367,1,1,True,True,1.0,214,140,0,0.6542056074766355,4,type_i,False,False
Qwen3.5-4B,add_all,0,db95e79d-e6a8-4f74-b1db-89f2f98614fd,8c18457d,2,0,False,False,0.0,204,204,0,1.0,4,type_i,False,False
Qwen3.5-4B,add_all,0,2c2cb60b-6014-46cb-bfc0-0c4d61be174d,8cf4d046,2,0,False,False,0.0,231,231,0,1.0,5,type_i,False,False
Qwen3.5-4B,add_all,0,6024e6ea-e5e7-45d5-83d6-ef9180307ccd,8cf51dda,3,3,True,True,1.0,255,47,0,0.1843137254901961,4,type_i,False,False
Qwen3.5-4B,add_all,0,ab9aab69-e811-42de-9d53-efcc95c31a19,8e91e7d9,2,0,False,False,0.0,242,242,0,1.0,6,type_i,False,False
Qwen3.5-4B,add_all,0,815b1a1a-d856-4060-9a32-c7dee3bd4235,8e9d538c,1,0,False,False,0.0,241,241,0,1.0,5,type_i,False,False
Qwen3.5-4B,add_all,0,ff4f09c2-8e76-4aea-8e5e-eb5e46e55c66,8ebdbe50,1,0,False,False,0.0,225,225,0,1.0,5,type_i,False,False
Qwen3.5-4B,add_all,0,96d5c4d9-e021-46d7-a42d-09b024b94288,8fb83627,2,0,False,False,0.0,216,216,0,1.0,5,type_ii,False,False
Qwen3.5-4B,add_all,0,c609d026-ea03-4033-b3d4-6335e0fe2f37,91b15a6e,2,2,True,True,1.0,236,142,0,0.6016949152542372,5,type_i,False,False
Qwen3.5-4B,add_all,0,b2c28e01-9511-450c-8931-c3d44aa9209a,92a0aa75,2,0,False,False,0.0,231,231,0,1.0,5,type_i,False,False
Qwen3.5-4B,add_all,0,e03e1896-7056-4bff-b5d1-f72e50c4ed93,945e3d21,2,0,False,False,0.0,228,228,0,1.0,5,type_ii,False,False
Qwen3.5-4B,add_all,0,2c350959-757a-4305-86fb-d3c13b4afc50,94f70d80,1,1,True,True,1.0,237,192,0,0.810126582278481,5,type_i,False,False
Qwen3.5-4B,add_all,0,6ec7fa20-4f33-4d97-954b-e166066040ae,95228167,1,0,False,False,0.0,243,243,0,1.0,5,type_i,False,False
Qwen3.5-4B,add_all,0,8f70a385-18ba-4416-afca-81f7e352c9eb,95bcc1c8,1,0,False,False,0.0,251,251,0,1.0,5,type_i,False,False
Qwen3.5-4B,add_all,0,133394bc-c41d-4dbf-adcd-06a24fd339bd,982b5123,1,0,False,False,0.0,225,225,0,1.0,5,type_i,False,False
Qwen3.5-4B,add_all,0,d12fed01-0d43-46d6-bfed-fb4186b7c33d,993da5e2,2,0,False,False,0.0,242,242,0,1.0,5,type_i,False,False
Qwen3.5-4B,add_all,0,332c5196-159a-49ee-9ce6-1b1aad82a732,9a707b81,2,1,True,False,0.5,245,185,0,0.7551020408163265,5,type_i,False,False
Qwen3.5-4B,add_all,0,a4d6a10d-d4f6-488e-a793-4773fcd19e87,9a707b82,1,0,False,False,0.0,240,240,0,1.0,5,type_i,False,False
Qwen3.5-4B,add_all,0,7d44177d-7fda-42fe-8137-2013e42874e7,9aaed6a3,2,0,False,False,0.0,250,250,0,1.0,5,type_i,False,False
Qwen3.5-4B,add_all,0,6efa5dc7-8408-4c8d-9694-85d89de16643,9bbe84a2,2,0,False,False,0.0,233,233,0,1.0,5,type_ii,False,False
Qwen3.5-4B,add_all,0,63a71733-18b9-4151-bb44-70284045673a,9d25d4e0,3,0,False,False,0.0,232,232,0,1.0,5,type_i,False,False
Qwen3.5-4B,add_all,0,00ca8952-66be-4269-834a-4c058f6fb938,9ea5eabc,2,0,False,False,0.0,256,213,0,0.83203125,6,type_ii,False,False
Qwen3.5-4B,add_all,0,b04c4a08-a3e3-4c45-9cc4-d1ebbccc7e01,9ee3ecd6,2,1,True,False,0.5,230,164,0,0.7130434782608696,4,type_i,False,False
Qwen3.5-4B,add_all,0,214db36f-f4e8-487e-9d0a-6a08de668ab4,a06e4cfe,1,1,True,True,1.0,203,118,0,0.5812807881773399,3,type_i,False,False
Qwen3.5-4B,add_all,0,da7306c5-6327-40c3-b506-befc6d45bd68,a08a253f,2,0,False,False,0.0,246,246,0,1.0,5,type_i,False,False
Qwen3.5-4B,add_all,0,f882916b-84fb-47ae-a5d7-1aceb798eb86,a11281a2,2,1,True,False,0.5,216,141,0,0.6527777777777778,4,type_i,False,False
Qwen3.5-4B,add_all,0,cf4a3e4f-6021-4216-bf90-64edf8cb5fab,a1cc6108,3,1,True,False,0.3333333333333333,256,204,0,0.796875,6,type_i,False,False
Qwen3.5-4B,add_all,0,6926fa7e-0ef8-47b5-82db-cc4dcbca1255,a1eacc2a,2,0,False,False,0.0,234,234,0,1.0,5,type_ii,False,False
Qwen3.5-4B,add_all,0,6bf61860-3f3f-46c6-9e78-18b43d733132,a2f3aa27,2,0,False,False,0.0,223,223,0,1.0,5,type_ii,False,False
Qwen3.5-4B,add_all,0,948d3deb-7cf9-424d-bcfe-05caf7212393,a3045048,2,0,False,False,0.0,237,237,0,1.0,5,type_i,False,False
Qwen3.5-4B,add_all,0,ac641315-f1c0-4937-86f9-0edcd383d0e6,a3332713,2,0,False,False,0.0,222,180,0,0.8108108108108109,5,type_i,False,False
Qwen3.5-4B,add_all,0,bc72e671-37f6-40b5-b515-7b950659d285,a346bb18,2,1,True,False,0.5,214,144,0,0.6728971962616822,4,type_i,False,False
Qwen3.5-4B,add_all,0,1eb0ca3b-9d29-4d70-a67d-b2a4c97eaec4,a3838d2b,5,1,True,False,0.2,243,192,0,0.7901234567901234,5,type_i,False,False
Qwen3.5-4B,add_all,0,a5e4abef-11ce-47c0-a921-5ceb7f4de9e2,a40e080f,3,1,True,False,0.3333333333333333,239,161,0,0.6736401673640168,4,type_i,False,False
Qwen3.5-4B,add_all,0,6807c722-4bc7-47a8-a8d3-30164aaa0ced,a4996e51,2,1,True,False,0.5,231,162,0,0.7012987012987013,4,type_i,False,False
Qwen3.5-4B,add_all,0,dc1b9880-70d0-48b9-b345-bf7699c9f459,a82c026e,1,0,False,False,0.0,239,239,0,1.0,5,type_i,False,False
Qwen3.5-4B,add_all,0,1fabe84d-fe6f-439e-bfe2-94eb2501f789,a89d7624,2,0,False,False,0.0,239,239,0,1.0,5,type_i,False,False
Qwen3.5-4B,add_all,0,7dd6bac2-c8cf-40ea-91dc-aa99adda7599,a96c20ee,1,1,True,True,1.0,233,184,0,0.7896995708154506,5,type_i,False,False
Qwen3.5-4B,add_all,0,a2298104-2c47-4336-8cc8-aa5c29b8b08f,a9f6b44c,2,2,True,True,1.0,237,128,0,0.540084388185654,5,type_i,False,False
Qwen3.5-4B,add_all,0,f925018c-25d6-4419-a1bf-b3027bbdd323,aae3761f,3,0,False,False,0.0,253,253,0,1.0,5,type_i,False,False
Qwen3.5-4B,add_all,0,e4512088-37a8-492d-9ac1-c67d35bfacc0,ac031881,1,0,False,False,0.0,243,243,0,1.0,5,type_i,False,False
Qwen3.5-4B,add_all,0,6c7d248a-8ebe-42c2-927f-3880882538ce,ad7109d1,1,0,False,False,0.0,232,232,0,1.0,5,type_i,False,False
Qwen3.5-4B,add_all,0,85c744f7-5922-4f13-a8dc-f0e0cd7f94ca,af082822,1,1,True,True,1.0,244,187,0,0.7663934426229508,5,type_i,False,False
Qwen3.5-4B,add_all,0,7d68c540-ec6a-4ece-a009-0124b9f54455,af8d2e46,1,0,False,False,0.0,225,225,0,1.0,4,type_i,False,False
Qwen3.5-4B,add_all,0,d6a91e26-b9d8-4ee8-9e38-026ad46337fd,afdc33df,2,0,False,False,0.0,222,222,0,1.0,5,type_i,False,False
Qwen3.5-4B,add_all,0,d09c6820-5ba4-4824-ad0f-c55b51c3b5de,affe2881,2,2,True,True,1.0,213,91,0,0.4272300469483568,4,type_ii,False,False
Qwen3.5-4B,add_all,0,348732d0-fbfe-465f-b47e-c1f33dcee8e0,b01defab,1,0,False,False,0.0,251,251,0,1.0,5,type_ii,False,False
Qwen3.5-4B,add_all,0,4b721411-9aeb-496c-ac33-d1a5755d34ae,b0479f84,1,0,False,False,0.0,242,242,0,1.0,5,type_i,False,False
Qwen3.5-4B,add_all,0,fb5cebd5-bfa4-48e2-a257-f3131ae67600,b29f3365,2,0,False,False,0.0,251,251,0,1.0,5,type_i,False,False
Qwen3.5-4B,add_all,0,6953add0-8720-43d0-8780-9782bff22ffb,b320f3f8,1,0,False,False,0.0,246,246,0,1.0,5,type_i,False,False
Qwen3.5-4B,add_all,0,0424facf-99ad-4ca1-88db-4f9420d09bad,b3c15d39,2,1,True,False,0.5,239,193,0,0.8075313807531381,5,type_i,False,False
Qwen3.5-4B,add_all,0,9b24e063-1772-48b4-829a-174536d381f4,b46e15ed,2,0,False,False,0.0,228,228,0,1.0,5,type_i,False,False
Qwen3.5-4B,add_all,0,5bb46f42-f6e2-48d7-aebf-8372e77491f3,b46e15ee,1,0,False,False,0.0,243,243,0,1.0,5,type_i,False,False
Qwen3.5-4B,add_all,0,c38f61f3-1eaf-4514-9a7e-0f0b9433de21,b5ef892d,2,2,True,True,1.0,214,105,0,0.49065420560747663,4,type_i,False,False
Qwen3.5-4B,add_all,0,08e92f39-cfd4-4083-b668-ed44a76afcdf,b6019101,2,0,False,False,0.0,238,238,0,1.0,5,type_ii,False,False
Qwen3.5-4B,add_all,0,09539ad3-1cd0-4b25-8b7b-ca9519ddff1f,b6025781,2,0,False,False,0.0,217,217,0,1.0,5,type_i,False,False
Qwen3.5-4B,add_all,0,08576bad-cfbd-4bd7-bd64-5ee3bbc2b0f4,b759caee,1,0,False,False,0.0,220,220,0,1.0,4,type_i,False,False
Qwen3.5-4B,add_all,0,2eddd562-90fe-416f-b1a3-1ffbf2a5dcb3,b86304ba,1,1,True,True,1.0,218,163,0,0.7477064220183486,4,type_i,False,False
Qwen3.5-4B,add_all,0,01f8933b-ad95-4cf3-b19a-9f8635c2c0d1,b9cfe692,2,0,False,False,0.0,237,237,0,1.0,4,type_i,False,False
Qwen3.5-4B,add_all,0,3e6e608f-bcdc-463f-a564-b6b7078e6d30,ba358f49,2,1,True,False,0.5,228,181,0,0.793859649122807,5,type_i,False,False
Qwen3.5-4B,add_all,0,6a19ea24-df95-46c1-a677-08ea3f7cf346,ba61f0b9,2,0,False,False,0.0,225,185,0,0.8222222222222222,5,type_ii,False,False
Qwen3.5-4B,add_all,0,7d651c4d-78d7-4311-9de1-5de39e1b46a0,bb7c3b45,2,0,False,False,0.0,222,222,0,1.0,5,type_i,False,False
Qwen3.5-4B,add_all,0,3089b713-f249-4200-9308-92ae781579b2,bbf86515,2,0,False,False,0.0,239,239,0,1.0,4,type_i,False,False
Qwen3.5-4B,add_all,0,20312127-bac6-4046-9729-b914f82a37e3,bc149d6b,2,1,True,False,0.5,236,179,0,0.7584745762711864,5,type_i,False,False
Qwen3.5-4B,add_all,0,6cc08de2-7dae-4480-ac4a-354dd75b6174,bc8a6e93,1,0,False,False,0.0,252,252,0,1.0,5,type_i,False,False
Qwen3.5-4B,add_all,0,5a1c54e5-72af-470a-af58-3cf5ef6bd8dd,bcbe585f,1,1,True,True,1.0,218,159,0,0.7293577981651376,4,type_i,False,False
Qwen3.5-4B,add_all,0,bb7e6d3e-8af6-44f1-b85e-ff9ccdefce13,bf659f65,3,0,False,False,0.0,222,222,0,1.0,5,type_i,False,False
Qwen3.5-4B,add_all,0,b8e93668-afd5-4a55-b9f4-87a9d36d233e,c14c00dd,1,1,True,True,1.0,232,174,0,0.75,5,type_i,False,False
Qwen3.5-4B,add_all,0,68acf422-454d-4ad3-b7ce-be8ebda19921,c18a7dc8,2,0,False,False,0.0,220,220,0,1.0,5,type_i,False,False
Qwen3.5-4B,add_all,0,65d400af-79d9-44a1-989a-5e579ff2f2ac,c19f7a0b,1,0,False,False,0.0,232,232,0,1.0,4,type_i,False,False
Qwen3.5-4B,add_all,0,e32a65bb-cae3-438c-8863-fca98296f2d6,c2ac3c61,2,0,False,False,0.0,219,219,0,1.0,5,type_i,False,False
Qwen3.5-4B,add_all,0,cca8030d-a5e6-4ed4-85bb-4138546f42dc,c4a1ceb8,5,0,False,False,0.0,220,220,0,1.0,5,type_i,False,False
Qwen3.5-4B,add_all,0,d5fdf6ef-ca50-4507-8942-5bf30f5683fd,c4ea545c,2,1,True,False,0.5,229,173,0,0.7554585152838428,5,type_ii,False,False
Qwen3.5-4B,add_all,0,923218df-c7ff-4321-9064-cfcd0a7e70fc,c4f10528,1,1,True,True,1.0,203,149,0,0.7339901477832512,4,type_i,False,False
Qwen3.5-4B,add_all,0,c3ce5b28-4b64-4054-bf26-8c94bd04a45e,c5e8278d,3,1,True,False,0.3333333333333333,224,178,0,0.7946428571428571,5,type_i,False,False
Qwen3.5-4B,add_all,0,81adc3e9-8186-4671-bca6-3f2aed42b2a3,c6853660,2,0,False,False,0.0,225,225,0,1.0,5,type_ii,False,False
Qwen3.5-4B,add_all,0,d962e7e0-d325-4272-8f5e-5cbc7c99e020,c7cf7dfd,3,2,True,False,0.6666666666666666,214,94,0,0.4392523364485981,4,type_i,False,False
Qwen3.5-4B,add_all,0,9067b3ae-d3e3-4374-95ce-fd150ba992b7,c7dc5443,2,0,False,False,0.0,235,235,0,1.0,5,type_ii,False,False
Qwen3.5-4B,add_all,0,5efc66e1-a110-4e03-975f-65e8e9d5b583,c8090214,2,2,True,True,1.0,230,117,0,0.508695652173913,4,type_i,False,False
Qwen3.5-4B,add_all,0,cb8e71f8-f4e7-4e55-baaf-9a5ea5f5fda2,c8c3f81d,1,0,False,False,0.0,216,171,0,0.7916666666666666,5,type_i,False,False
Qwen3.5-4B,add_all,0,af5f8ec6-529c-4e7d-85b7-31ce85a52e5e,c8f1aeed,1,0,False,False,0.0,218,218,0,1.0,4,type_i,False,False
Qwen3.5-4B,add_all,0,92d950f8-84de-438b-b334-2c10a60d2df8,c960da58,1,0,False,False,0.0,251,251,0,1.0,6,type_i,False,False
Qwen3.5-4B,add_all,0,fd296397-6aee-4811-b186-01d5b3778f3a,c9f37c46,2,2,True,True,1.0,256,102,0,0.3984375,5,type_i,False,False
Qwen3.5-4B,add_all,0,11a55f9a-b377-4746-bbb4-9dfabb6e9b1a,caf03d32,1,0,False,False,0.0,225,225,0,1.0,5,type_i,False,False
Qwen3.5-4B,add_all,0,d033a1f0-96ee-46f2-8fa7-2a2ca4113e4b,caf9ead2,1,0,False,False,0.0,238,238,0,1.0,5,type_i,False,False
Qwen3.5-4B,add_all,0,abe6c216-85e7-4294-bece-5f37fb43e1e1,cc06de0d,2,0,False,False,0.0,209,209,0,1.0,4,type_i,False,False
Qwen3.5-4B,add_all,0,9664aeec-a2c0-4eac-8fff-1dbf20cea365,cc539528,1,1,True,True,1.0,216,145,0,0.6712962962962963,4,type_i,False,False
Qwen3.5-4B,add_all,0,530159f1-dcde-470d-9364-c91b8ca0042b,cc5ded98,2,0,False,False,0.0,222,177,0,0.7972972972972973,5,type_ii,False,False
Qwen3.5-4B,add_all,0,ae71852c-6dfa-4ed2-b8a0-23492c241730,cc6d1ec1,2,1,True,False,0.5,211,157,0,0.7440758293838863,4,type_i,False,False
Qwen3.5-4B,add_all,0,030f92fe-f759-4eda-b725-50ece2935989,ccb36322,1,0,False,False,0.0,217,217,0,1.0,5,type_i,False,False
Qwen3.5-4B,add_all,0,24aebf39-924d-4ff4-aa00-d861ce65d0c0,ce6d2d27,2,0,False,False,0.0,216,216,0,1.0,5,type_ii,False,False
Qwen3.5-4B,add_all,0,ed04049d-877d-4b8f-af04-16fc5679477d,ceb54acb,1,1,True,True,1.0,235,154,0,0.6553191489361702,4,type_i,False,False
Qwen3.5-4B,add_all,0,bd8878e1-d82a-4cdb-9457-d413e80ad61b,cf22b7bf,2,0,False,False,0.0,243,196,0,0.8065843621399177,5,type_ii,False,False
Qwen3.5-4B,add_all,0,a34bc6e2-dd0a-441e-a8eb-239010bbdcf6,d01c6aa8,1,0,False,False,0.0,251,251,0,1.0,5,type_i,False,False
Qwen3.5-4B,add_all,0,6967f3b0-afe3-4c03-97eb-39e369b6f201,d23cf73b,4,0,False,False,0.0,229,229,0,1.0,5,type_i,False,False
Qwen3.5-4B,add_all,0,37bfe823-68c3-4e89-8527-064140e11c09,d24813b1,1,0,False,False,0.0,244,244,0,1.0,5,type_i,False,False
Qwen3.5-4B,add_all,0,670a2a62-0e7a-47cd-9ec9-ca33eeeed0f1,d3ab962e,2,0,False,False,0.0,227,227,0,1.0,5,type_i,False,False
Qwen3.5-4B,add_all,0,014c72af-40a8-4ba8-a248-db3bc0e383e1,d52b4f67,1,1,True,True,1.0,239,182,0,0.7615062761506276,5,type_i,False,False
Qwen3.5-4B,add_all,0,fe58d41c-5c8f-4584-a02e-fa34867dfc83,d596882b,1,0,False,False,0.0,234,234,0,1.0,5,type_i,False,False
Qwen3.5-4B,add_all,0,39c5c7ca-4f12-4985-b8d4-c2d16e5ae5c8,d6062bb9,2,1,True,False,0.5,249,183,0,0.7349397590361446,5,type_i,False,False
Qwen3.5-4B,add_all,0,d72aad0f-a9b6-4abb-bbf0-b991d0442c8c,d6233ab6,2,1,True,False,0.5,211,136,0,0.6445497630331753,4,type_i,False,False
Qwen3.5-4B,add_all,0,cdc557a3-44a4-4ecb-90a9-acfc19cd37b8,d682f1a2,3,0,False,False,0.0,233,233,0,1.0,5,type_i,False,False
Qwen3.5-4B,add_all,0,5aeb784f-e50a-465e-89f7-bf59aa7092d0,d7c942c3,2,0,False,False,0.0,241,241,0,1.0,5,type_ii,False,False
Qwen3.5-4B,add_all,0,d48c864f-0611-4106-8799-6195a1c6c373,d851d5ba,4,0,False,False,0.0,223,223,0,1.0,5,type_i,False,False
Qwen3.5-4B,add_all,0,4f1abf97-1055-46ac-a0f7-a2b480627b65,d905b33f,2,0,False,False,0.0,209,209,0,1.0,4,type_i,False,False
Qwen3.5-4B,add_all,0,a7f450b3-3ee0-43b8-b968-32970659bbd1,dad224aa,2,0,False,False,0.0,234,188,0,0.8034188034188035,5,type_ii,False,False
Qwen3.5-4B,add_all,0,87d4c704-e019-46af-a516-c79a27721cd1,db467c8c,1,0,False,False,0.0,244,193,0,0.7909836065573771,5,type_ii,False,False
Qwen3.5-4B,add_all,0,e2aa690a-6332-492e-80a6-5490be36d367,dc439ea3,1,0,False,False,0.0,253,253,0,1.0,5,type_i,False,False
Qwen3.5-4B,add_all,0,8161876a-1859-42da-8e5b-1834f5f421d9,dccbc061,1,0,False,False,0.0,251,251,0,1.0,6,type_i,False,False
Qwen3.5-4B,add_all,0,3587e6c1-4b4b-4366-beca-1cc50eeb2bf8,dcfa8644,2,1,True,False,0.5,222,111,0,0.5,4,type_i,False,False
Qwen3.5-4B,add_all,0,3287eff8-abd8-4fa4-a9ca-45c4d203cd94,dd2973ad,2,0,False,False,0.0,241,241,0,1.0,4,type_i,False,False
Qwen3.5-4B,add_all,0,8306ab13-1afe-44b5-b0b1-0b48adb9527a,dfde3500,2,1,True,False,0.5,217,175,0,0.8064516129032258,5,type_ii,False,False
Qwen3.5-4B,add_all,0,afd2e386-85fd-4c5a-95cf-6283c533c3f9,e01b8e2f,1,0,False,False,0.0,235,235,0,1.0,5,type_i,False,False
Qwen3.5-4B,add_all,0,3242a8ad-11b2-4b22-a7d3-965570dfeb20,e25c3b8d,2,1,True,False,0.5,212,150,0,0.7075471698113207,4,type_i,False,False
Qwen3.5-4B,add_all,0,cb63a61c-71df-4e03-a0c8-bcdc87817e5c,e3038f8c,4,0,False,False,0.0,218,218,0,1.0,5,type_i,False,False
Qwen3.5-4B,add_all,0,8e476dfe-24dc-475e-a5c2-2b4607bb38c7,e3fc4d6e,1,0,False,False,0.0,255,255,0,1.0,4,type_i,False,False
Qwen3.5-4B,add_all,0,f774b79d-c50d-4172-b5be-98aa6336e84c,e47becba,1,0,False,False,0.0,231,231,0,1.0,5,type_i,False,False
Qwen3.5-4B,add_all,0,2c1c00b3-a296-4868-8357-f24258fd9a3f,e48988bc,1,0,False,False,0.0,237,237,0,1.0,5,type_i,False,False
Qwen3.5-4B,add_all,0,c84c3af8-8d57-4698-8a89-c5fa96046949,e493bb7c,2,1,True,False,0.5,229,158,0,0.6899563318777293,4,type_ii,False,False
Qwen3.5-4B,add_all,0,74ac4431-1d0c-4d5b-a844-564fdae23121,e4e14d04,2,1,True,False,0.5,253,196,0,0.7747035573122529,5,type_i,False,False
Qwen3.5-4B,add_all,0,11dec1d9-1bcf-4cea-bdf9-1bc9e2103b45,e56a43b9,2,0,False,False,0.0,237,237,0,1.0,5,type_i,False,False
Qwen3.5-4B,add_all,0,31d310c0-5cd9-48be-9a95-3167294f2689,e6041065,2,2,True,True,1.0,235,145,0,0.6170212765957447,5,type_i,False,False
Qwen3.5-4B,add_all,0,8be40756-7ccc-4607-ae93-46dbd91853cf,e61a7584,2,2,True,True,1.0,241,46,0,0.1908713692946058,5,type_ii,False,False
Qwen3.5-4B,add_all,0,9742ce87-14e8-491c-bc88-49d39560fd53,e66b632c,2,0,False,False,0.0,214,214,0,1.0,4,type_ii,False,False
Qwen3.5-4B,add_all,0,249339ed-ded3-4707-84bc-26372108fbc4,e831120c,2,0,False,False,0.0,238,238,0,1.0,4,type_i,False,False
Qwen3.5-4B,add_all,0,db5e553f-7aca-48f7-9683-5ffd7a622d29,e8a79c70,1,1,True,True,1.0,205,152,0,0.7414634146341463,4,type_i,False,False
Qwen3.5-4B,add_all,0,c7999c5e-a890-4770-b59e-3e19541e3c7f,e9327a54,1,0,False,False,0.0,237,237,0,1.0,5,type_i,False,False
Qwen3.5-4B,add_all,0,28677ede-c609-44d6-a3f8-f890a49e2cb2,e982271f,1,0,False,False,0.0,228,228,0,1.0,5,type_i,False,False
Qwen3.5-4B,add_all,0,54a7f15e-c6cd-48d7-903e-a3aec65a760d,eac54adc,2,0,False,False,0.0,219,219,0,1.0,4,type_i,False,False
Qwen3.5-4B,add_all,0,d499b742-ca4e-4609-b7fd-a7db3722d239,eac54add,1,0,False,False,0.0,243,243,0,1.0,6,type_i,False,False
Qwen3.5-4B,add_all,0,21aa11ea-56fa-4b32-9282-f2cdcb64080a,eaca4986,1,0,False,False,0.0,210,210,0,1.0,4,type_i,False,False
Qwen3.5-4B,add_all,0,fff54c74-8205-4cc3-aa33-4acda06f4def,eace081b,2,2,True,True,1.0,223,139,0,0.6233183856502242,5,type_ii,False,False
Qwen3.5-4B,add_all,0,e07fa30a-e980-43fa-8e5c-e1b4cab3dd32,ec81a493,1,1,True,True,1.0,244,176,0,0.7213114754098361,5,type_i,False,False
Qwen3.5-4B,add_all,0,9f0340f2-7f26-486a-bebe-b132ed51c1d5,ed4ddc30,2,0,False,False,0.0,228,228,0,1.0,5,type_ii,False,False
Qwen3.5-4B,add_all,0,8285f62d-4768-4f76-93df-35d44abe19ed,edced276,2,0,False,False,0.0,206,206,0,1.0,4,type_i,False,False
Qwen3.5-4B,add_all,0,06acb700-6984-4d51-8069-d90a25ea1f5f,eeda8a6d,4,0,False,False,0.0,218,218,0,1.0,5,type_i,False,False
Qwen3.5-4B,add_all,0,4a6f8895-9f41-4022-8784-4fa10e6313d5,ef66a6e5,2,0,False,False,0.0,223,223,0,1.0,5,type_i,False,False
Qwen3.5-4B,add_all,0,786864dc-884f-4788-8416-31e26fdee815,ef9cf60a,2,1,True,False,0.5,229,178,0,0.777292576419214,5,type_i,False,False
Qwen3.5-4B,add_all,0,579eaf0d-4902-48b9-8611-d845ffb3ddc4,efc3f7c2,2,1,True,False,0.5,239,185,0,0.7740585774058577,5,type_i,False,False
Qwen3.5-4B,add_all,0,3f699918-a2b1-4a91-baa8-1c0ee9a22ec6,f0853d11,2,0,False,False,0.0,211,211,0,1.0,4,type_i,False,False
Qwen3.5-4B,add_all,0,2104ef32-5b8e-47a9-bce3-3dcd8d7203a5,f0e564bc,2,0,False,False,0.0,203,203,0,1.0,4,type_i,False,False
Qwen3.5-4B,add_all,0,a2c8c470-7a29-4ed8-9fd7-f2430f429959,f35224e0,2,2,True,True,1.0,233,100,0,0.4291845493562232,4,type_i,False,False
Qwen3.5-4B,add_all,0,7c382e2c-0eae-4b2f-b44a-fa66f6c79ef9,f4f1d8a4,1,0,False,False,0.0,231,231,0,1.0,5,type_i,False,False
Qwen3.5-4B,add_all,0,292f34d1-63f0-4a1f-9c07-f73ef1a24e3c,f523d9fe,1,0,False,False,0.0,241,241,0,1.0,5,type_i,False,False
Qwen3.5-4B,add_all,0,4b0ab876-9de6-4924-aa5d-6f938b12dc4a,f685340e,2,0,False,False,0.0,234,234,0,1.0,5,type_ii,False,False
Qwen3.5-4B,add_all,0,3ae48412-39c3-4104-ad1d-cebf151bbfb4,f8c5f88b,1,1,True,True,1.0,220,175,0,0.7954545454545454,5,type_i,False,False
Qwen3.5-4B,add_all,0,7d1c3d99-8162-4160-b40d-b6a9adaf09e6,f9e8c073,2,0,False,False,0.0,225,225,0,1.0,5,type_ii,False,False
Qwen3.5-4B,add_all,0,c6a75dcd-2075-43a3-a565-6e8dfcf5aeef,faba32e5,1,1,True,True,1.0,252,197,0,0.7817460317460317,5,type_i,False,False
Qwen3.5-4B,add_all,0,493aca93-d330-4a40-84fd-6698738d1391,fca70973,6,0,False,False,0.0,246,246,0,1.0,5,type_i,False,False
Qwen3.5-4B,add_all,0,ba40c74e-1391-4082-a85d-fcf1335b874b,fca762bc,1,0,False,False,0.0,210,210,0,1.0,4,type_i,False,False
Qwen3.5-4B,add_all,0,9943ca88-1895-4b06-9460-3367d30221a9,fea54f57,1,1,True,True,1.0,211,144,0,0.6824644549763034,4,type_i,False,False
Qwen3.5-4B,add_all,0,5a605de8-90dc-46ed-bb25-ef1b593f8655,gpt4_0a05b494,2,0,False,False,0.0,216,216,0,1.0,5,type_i,False,False
Qwen3.5-4B,add_all,0,8c55cf81-9b56-4e54-a16d-e68ca6615336,gpt4_0b2f1d21,2,1,True,False,0.5,236,185,0,0.7838983050847458,5,type_i,False,False
Qwen3.5-4B,add_all,0,b71af42a-b9eb-41e4-a564-c8266bba8fc5,gpt4_15e38248,4,0,False,False,0.0,218,218,0,1.0,5,type_i,False,False
Qwen3.5-4B,add_all,0,851868a8-4fde-488b-a21b-d8e80602568c,gpt4_18c2b244,3,2,True,False,0.6666666666666666,222,97,0,0.4369369369369369,4,type_i,False,False
Qwen3.5-4B,add_all,0,fe1c6063-37a6-45fc-a341-99036ece9ff8,gpt4_1916e0ea,2,2,True,True,1.0,243,135,0,0.5555555555555556,5,type_i,False,False
Qwen3.5-4B,add_all,0,be1faf8a-6b41-4da0-9a23-8119ff183c7e,gpt4_194be4b3,5,0,False,False,0.0,240,240,0,1.0,5,type_i,False,False
Qwen3.5-4B,add_all,0,c8d0ed93-8289-4942-ab7e-860df5d3b254,gpt4_1a1dc16d,2,0,False,False,0.0,213,213,0,1.0,5,type_i,False,False
Qwen3.5-4B,add_all,0,98fc785d-6ebd-43a6-8a85-e386c69118ec,gpt4_1d4ab0c9,2,1,True,False,0.5,247,188,0,0.7611336032388664,5,type_i,False,False
Qwen3.5-4B,add_all,0,30fef842-977f-43d5-87a5-bfa1d1a4f3b9,gpt4_1d80365e,2,2,True,True,1.0,217,104,0,0.4792626728110599,4,type_i,False,False
Qwen3.5-4B,add_all,0,720482a8-817c-47f7-9bfc-51391ef5c7bd,gpt4_1e4a8aeb,2,0,False,False,0.0,241,241,0,1.0,5,type_i,False,False
Qwen3.5-4B,add_all,0,c825341c-c192-4404-aa18-c8ce5f848387,gpt4_1e4a8aec,1,0,False,False,0.0,252,252,0,1.0,6,type_i,False,False
Qwen3.5-4B,add_all,0,c03498a4-ee0f-4557-8c80-4871ed4ec644,gpt4_213fd887,2,1,True,False,0.5,252,94,0,0.373015873015873,5,type_i,False,False
Qwen3.5-4B,add_all,0,361d6fb4-7b30-4105-bdc3-feb29eb6d1b6,gpt4_21adecb5,2,0,False,False,0.0,242,242,0,1.0,5,type_i,False,False
Qwen3.5-4B,add_all,0,13bdbbe2-5d6a-40bf-b78b-fee6b57226cd,gpt4_2312f94c,2,0,False,False,0.0,232,232,0,1.0,4,type_i,False,False
Qwen3.5-4B,add_all,0,297140a8-04d4-4994-a86d-4f96a39c123a,gpt4_2487a7cb,2,0,False,False,0.0,248,248,0,1.0,5,type_i,False,False
Qwen3.5-4B,add_all,0,3632de59-485d-4042-9b85-d90f022aec51,gpt4_2655b836,2,0,False,False,0.0,255,255,0,1.0,5,type_i,False,False
Qwen3.5-4B,add_all,0,db149a68-04e0-4008-8e8d-7882e563a02e,gpt4_2ba83207,4,0,False,False,0.0,236,236,0,1.0,5,type_i,False,False
Qwen3.5-4B,add_all,0,46ec4c61-49d0-413b-a29c-0884898555f1,gpt4_2c50253f,3,1,True,False,0.3333333333333333,225,60,0,0.26666666666666666,4,type_i,False,False
Qwen3.5-4B,add_all,0,ad523920-af63-4ebd-a6d8-0c520e813b2f,gpt4_2d58bcd6,2,2,True,True,1.0,240,0,0,0.0,4,type_i,False,False
Qwen3.5-4B,add_all,0,8b00ee82-e387-4fee-b60c-dfe52e0b056d,gpt4_2f56ae70,3,0,False,False,0.0,213,213,0,1.0,5,type_i,False,False
Qwen3.5-4B,add_all,0,807fadd3-7fc0-4f1d-85c6-e37260f8105e,gpt4_2f584639,2,1,True,False,0.5,228,175,0,0.7675438596491229,5,type_i,False,False
Qwen3.5-4B,add_all,0,adc2ab84-0170-477a-bbad-43c7a6a2375f,gpt4_2f8be40d,4,0,False,False,0.0,230,230,0,1.0,5,type_i,False,False
Qwen3.5-4B,add_all,0,7380d9c1-9ec2-4ed2-94df-14c5a9e8b199,gpt4_2f91af09,3,1,True,False,0.3333333333333333,227,173,0,0.762114537444934,5,type_i,False,False
Qwen3.5-4B,add_all,0,401cb37f-0f91-460e-8939-41bb178a2971,gpt4_31ff4165,4,0,False,False,0.0,248,248,0,1.0,5,type_i,False,False
Qwen3.5-4B,add_all,0,c92ea21e-3988-4c6c-97bf-bc99ccbb7541,gpt4_372c3eed,4,0,False,False,0.0,253,253,0,1.0,5,type_i,False,False
Qwen3.5-4B,add_all,0,89543587-10d8-4cb5-bc06-b923d8f5aa7e,gpt4_385a5000,2,2,True,True,1.0,249,83,0,0.3333333333333333,5,type_i,False,False
Qwen3.5-4B,add_all,0,46fc1d97-6afe-4c47-883d-1301dedccc77,gpt4_45189cb4,3,0,False,False,0.0,234,234,0,1.0,5,type_i,False,False
Qwen3.5-4B,add_all,0,876b6b1a-e246-4eca-ba3a-a7e7eee457bb,gpt4_468eb063,1,0,False,False,0.0,231,231,0,1.0,5,type_i,False,False
Qwen3.5-4B,add_all,0,fe6daeef-a9b6-4de1-a1a0-ab26905b6bf3,gpt4_468eb064,1,0,False,False,0.0,225,225,0,1.0,5,type_i,False,False
Qwen3.5-4B,add_all,0,6b3d9d5d-f0be-4d2a-a51d-cc9ea6043457,gpt4_483dd43c,2,0,False,False,0.0,244,244,0,1.0,4,type_i,False,False
Qwen3.5-4B,add_all,0,ae61cdf6-610b-4964-be40-b4e79584a0f3,gpt4_4929293a,2,1,True,False,0.5,228,132,0,0.5789473684210527,5,type_i,False,False
Qwen3.5-4B,add_all,0,840fa9ed-a04f-45ae-b542-5396461f4ee2,gpt4_4929293b,1,0,False,False,0.0,240,240,0,1.0,5,type_i,False,False
Qwen3.5-4B,add_all,0,586899d3-9e9a-4963-a97e-61ba6648470f,gpt4_4cd9eba1,2,0,False,False,0.0,243,243,0,1.0,5,type_i,False,False
Qwen3.5-4B,add_all,0,14dc45a8-2c29-4793-8f9c-3ebad00d6862,gpt4_4edbafa2,1,0,False,False,0.0,216,216,0,1.0,4,type_i,False,False
Qwen3.5-4B,add_all,0,abaed6da-7584-4ad9-9cc0-fa7c190a6a88,gpt4_4ef30696,2,2,True,True,1.0,226,52,0,0.23008849557522124,4,type_i,False,False
Qwen3.5-4B,add_all,0,eee5ef08-a8ba-48c8-b447-ec6b411bd111,gpt4_4fc4f797,2,2,True,True,1.0,254,143,0,0.562992125984252,5,type_i,False,False
Qwen3.5-4B,add_all,0,372892f0-fc4c-440a-86b7-6369825d380b,gpt4_5438fa52,1,0,False,False,0.0,218,218,0,1.0,5,type_i,False,False
Qwen3.5-4B,add_all,0,6c63e7a3-c044-4252-8dc4-dae3ee23e019,gpt4_5501fe77,2,0,False,False,0.0,222,222,0,1.0,5,type_i,False,False
Qwen3.5-4B,add_all,0,ee605735-a11e-448c-b944-085859379827,gpt4_59149c77,2,2,True,True,1.0,217,48,0,0.22119815668202766,4,type_i,False,False
Qwen3.5-4B,add_all,0,94443fb7-8294-454e-b9b3-de72a1ecfd45,gpt4_59149c78,1,0,False,False,0.0,236,236,0,1.0,5,type_i,False,False
Qwen3.5-4B,add_all,0,f7ecd61c-391f-4e2c-a58f-72cdb25ef60e,gpt4_59c863d7,5,0,False,False,0.0,223,223,0,1.0,5,type_i,False,False
Qwen3.5-4B,add_all,0,4916dc89-8a8c-4de5-9eef-64644bc2adb7,gpt4_5dcc0aab,1,0,False,False,0.0,236,236,0,1.0,5,type_i,False,False
Qwen3.5-4B,add_all,0,c66dee47-fd68-43ef-8897-96bffbf68fad,gpt4_61e13b3c,2,2,True,True,1.0,207,97,0,0.46859903381642515,4,type_i,False,False
Qwen3.5-4B,add_all,0,59dc4e5f-8f55-4f75-add9-fb9783b035e1,gpt4_65aabe59,2,0,False,False,0.0,243,243,0,1.0,5,type_i,False,False
Qwen3.5-4B,add_all,0,b9c7dd66-97f1-4bec-a7c5-bd75e6e2ba80,gpt4_68e94287,2,1,True,False,0.5,256,157,0,0.61328125,5,type_i,False,False
Qwen3.5-4B,add_all,0,bad03f75-8124-45c3-a0f0-70b6d6381630,gpt4_68e94288,1,0,False,False,0.0,225,225,0,1.0,5,type_i,False,False
Qwen3.5-4B,add_all,0,3e95684c-3574-49c5-a5c2-339589264c81,gpt4_6dc9b45b,1,0,False,False,0.0,244,244,0,1.0,5,type_i,False,False
Qwen3.5-4B,add_all,0,da85c95c-e6c1-45d7-8c77-dcee3307ce15,gpt4_6ed717ea,2,0,False,False,0.0,229,179,0,0.7816593886462883,5,type_i,False,False
Qwen3.5-4B,add_all,0,b84d8dcd-6915-403e-b172-c4da95c9a619,gpt4_70e84552,2,0,False,False,0.0,224,224,0,1.0,5,type_i,False,False
Qwen3.5-4B,add_all,0,097efbdb-df21-4ddc-b0d1-b9727afbe377,gpt4_731e37d7,4,3,True,False,0.75,215,46,0,0.21395348837209302,4,type_i,False,False
Qwen3.5-4B,add_all,0,20a552ef-080b-45bc-b4a2-2ddda5874db1,gpt4_74aed68e,2,1,True,False,0.5,255,197,0,0.7725490196078432,5,type_i,False,False
Qwen3.5-4B,add_all,0,a6bfbbc2-1bf7-4d59-8c2e-27e4a829b504,gpt4_76048e76,2,0,False,False,0.0,227,227,0,1.0,4,type_i,False,False
Qwen3.5-4B,add_all,0,75d0ff29-cd6f-45ad-a818-0709a69090ee,gpt4_78cf46a3,2,1,True,False,0.5,219,164,0,0.7488584474885844,4,type_i,False,False
Qwen3.5-4B,add_all,0,cd1b7d28-0bd7-42ba-b086-1066f1041fbc,gpt4_7a0daae1,2,1,True,False,0.5,245,152,0,0.6204081632653061,5,type_i,False,False
Qwen3.5-4B,add_all,0,ad5f0281-307d-4909-a430-fe81c37c60b9,gpt4_7abb270c,6,0,False,False,0.0,245,245,0,1.0,5,type_i,False,False
Qwen3.5-4B,add_all,0,e2714b81-75d0-4f70-a236-e376570be698,gpt4_7bc6cf22,1,0,False,False,0.0,214,214,0,1.0,4,type_i,False,False
Qwen3.5-4B,add_all,0,4f49dec5-649f-448a-9a68-9ccf7862fe9f,gpt4_7ca326fa,3,0,False,False,0.0,248,248,0,1.0,5,type_i,False,False
Qwen3.5-4B,add_all,0,4786f000-6caa-4257-9fe2-e055d3478ac2,gpt4_7ddcf75f,1,1,True,True,1.0,210,151,0,0.719047619047619,4,type_i,False,False
Qwen3.5-4B,add_all,0,09e721c8-4f33-4e1c-9e87-eb399dd7322f,gpt4_7de946e7,2,0,False,False,0.0,220,220,0,1.0,5,type_i,False,False
Qwen3.5-4B,add_all,0,698fccde-b16a-4acf-a78c-378838ee6a4b,gpt4_7f6b06db,3,0,False,False,0.0,198,198,0,1.0,4,type_i,False,False
Qwen3.5-4B,add_all,0,a35842ce-dc9f-40df-adcf-bc1ca557fa20,gpt4_7fce9456,5,1,True,False,0.2,250,193,0,0.772,5,type_i,False,False
Qwen3.5-4B,add_all,0,d1f1221d-aaca-4755-8712-f46528bbd968,gpt4_8279ba02,1,1,True,True,1.0,238,186,0,0.7815126050420168,5,type_i,False,False
Qwen3.5-4B,add_all,0,c74b6ee9-cafe-470f-80dc-2d7b6784865e,gpt4_8279ba03,1,0,False,False,0.0,233,233,0,1.0,5,type_i,False,False
Qwen3.5-4B,add_all,0,bf99b90b-fc35-480a-88df-f0edb11d660c,gpt4_85da3956,1,1,True,True,1.0,210,149,0,0.7095238095238096,4,type_i,False,False
Qwen3.5-4B,add_all,0,dbd18363-f3e3-460e-ba67-f5ed5e6cebd0,gpt4_88806d6e,2,2,True,True,1.0,219,126,0,0.5753424657534246,5,type_i,False,False
Qwen3.5-4B,add_all,0,c159488f-0ad4-4855-a6c2-86425aea2e67,gpt4_8c8961ae,2,1,True,False,0.5,225,133,0,0.5911111111111111,5,type_i,False,False
Qwen3.5-4B,add_all,0,f83309a3-ebec-4304-aefa-672e9a1e4641,gpt4_8e165409,2,1,True,False,0.5,219,160,0,0.730593607305936,4,type_i,False,False
Qwen3.5-4B,add_all,0,8ebbaa53-c801-4d88-a374-a522b2162da4,gpt4_93159ced,2,1,True,False,0.5,211,0,0,0.0,4,type_i,False,False
Qwen3.5-4B,add_all,0,43780a6a-87f4-407a-b129-132f92abc630,gpt4_93f6379c,2,0,False,False,0.0,210,210,0,1.0,4,type_i,False,False
Qwen3.5-4B,add_all,0,52d20618-31b3-4b48-8d80-55344b2d3d58,gpt4_98f46fc6,2,0,False,False,0.0,241,241,0,1.0,5,type_i,False,False
Qwen3.5-4B,add_all,0,edc9a943-eb10-4214-9db3-4ac72fbd769c,gpt4_9a159967,3,3,True,True,1.0,231,46,0,0.19913419913419914,5,type_i,False,False
Qwen3.5-4B,add_all,0,549f8a73-e300-4cf7-8626-ded8f067fc8a,gpt4_a1b77f9c,6,3,True,False,0.5,224,45,0,0.20089285714285715,4,type_i,False,False
Qwen3.5-4B,add_all,0,35c46d41-0cfd-45fe-b093-3a59c67c977c,gpt4_a2d1d1f6,1,1,True,True,1.0,204,143,0,0.7009803921568627,4,type_i,False,False
Qwen3.5-4B,add_all,0,45d2094d-109b-4e9a-aa21-37d33ee1be91,gpt4_a56e767c,4,0,False,False,0.0,218,218,0,1.0,5,type_i,False,False
Qwen3.5-4B,add_all,0,2633d76d-1537-42d8-a2f1-8777e5c1b281,gpt4_ab202e7f,5,0,False,False,0.0,225,225,0,1.0,5,type_i,False,False
Qwen3.5-4B,add_all,0,f363e06e-c74b-4062-b7a0-da5649b9cd47,gpt4_af6db32f,1,0,False,False,0.0,216,216,0,1.0,5,type_i,False,False
Qwen3.5-4B,add_all,0,dbb05a6e-b9b6-479c-a008-4f80e33ac346,gpt4_b0863698,1,1,True,True,1.0,251,196,0,0.7808764940239044,5,type_i,False,False
Qwen3.5-4B,add_all,0,8d6e22a0-9782-4fe2-a54a-bf22fa08eb42,gpt4_b4a80587,2,0,False,False,0.0,245,245,0,1.0,5,type_i,False,False
Qwen3.5-4B,add_all,0,d689b6e9-ecca-4e1a-9895-d42487ba6de2,gpt4_b5700ca0,1,0,False,False,0.0,221,221,0,1.0,5,type_i,False,False
Qwen3.5-4B,add_all,0,bf5ca9b0-51f3-40ac-a40b-16804c2c7f92,gpt4_b5700ca9,1,1,True,True,1.0,254,197,0,0.7755905511811023,5,type_i,False,False
Qwen3.5-4B,add_all,0,3be1a7e7-804c-4880-933d-d6e14b27efbe,gpt4_c27434e8,2,0,False,False,0.0,240,240,0,1.0,5,type_i,False,False
Qwen3.5-4B,add_all,0,8e328926-0232-4160-a42f-9eed54a49c17,gpt4_cd90e484,2,1,True,False,0.5,256,200,0,0.78125,5,type_i,False,False
Qwen3.5-4B,add_all,0,ab68bb2b-c7b3-4c28-8fad-c77ad4957a8a,gpt4_d12ceb0e,6,0,False,False,0.0,235,235,0,1.0,5,type_i,False,False
Qwen3.5-4B,add_all,0,c8c78165-5c03-49f5-bf3a-81ca39f00227,gpt4_d31cdae3,2,1,True,False,0.5,208,148,0,0.7115384615384616,4,type_i,False,False
Qwen3.5-4B,add_all,0,d65aa4fb-b6b2-4b83-b96e-7eaa82fee443,gpt4_d6585ce8,5,0,False,False,0.0,246,246,0,1.0,5,type_i,False,False
Qwen3.5-4B,add_all,0,b0a2d0d9-6ffa-4b2d-bb77-5446ed3f629f,gpt4_d6585ce9,1,0,False,False,0.0,233,233,0,1.0,5,type_i,False,False
Qwen3.5-4B,add_all,0,7a9c5ae4-bcc4-4945-83d4-785297508938,gpt4_d84a3211,3,0,False,False,0.0,215,215,0,1.0,5,type_i,False,False
Qwen3.5-4B,add_all,0,5e73c7de-d24c-4912-bb5a-4fade2711d40,gpt4_d9af6064,1,0,False,False,0.0,242,242,0,1.0,5,type_i,False,False
Qwen3.5-4B,add_all,0,13d253b0-70d9-478a-b4ef-8ac98a2a89f1,gpt4_e05b82a6,6,0,False,False,0.0,205,205,0,1.0,4,type_i,False,False
Qwen3.5-4B,add_all,0,7e9c72c3-7fae-4ac5-8c09-5c53eeaa37c9,gpt4_e061b84f,3,0,False,False,0.0,241,241,0,1.0,5,type_i,False,False
Qwen3.5-4B,add_all,0,23fb8e4b-bced-4bf3-b960-12355fbca3b4,gpt4_e061b84g,1,0,False,False,0.0,246,246,0,1.0,5,type_i,False,False
Qwen3.5-4B,add_all,0,187a96ec-69b1-4af8-8af8-99066b0bfae0,gpt4_e072b769,1,0,False,False,0.0,236,236,0,1.0,5,type_i,False,False
Qwen3.5-4B,add_all,0,b4ae4749-a304-4bd0-ba7e-c82a690632fe,gpt4_e414231e,2,1,True,False,0.5,254,199,0,0.7834645669291339,5,type_i,False,False
Qwen3.5-4B,add_all,0,a999458e-b747-4bae-acd6-fdcbeda16a74,gpt4_e414231f,1,0,False,False,0.0,251,251,0,1.0,6,type_i,False,False
Qwen3.5-4B,add_all,0,5173988d-039d-425a-9472-e00b79310502,gpt4_ec93e27f,2,0,False,False,0.0,233,233,0,1.0,5,type_i,False,False
Qwen3.5-4B,add_all,0,1d5a9032-aa9f-4f63-bbfc-abdcc0cec577,gpt4_f2262a51,3,0,False,False,0.0,241,241,0,1.0,5,type_i,False,False
Qwen3.5-4B,add_all,0,7f6487cb-622a-403b-b5eb-0eb8b697ca5e,gpt4_f420262c,4,0,False,False,0.0,227,227,0,1.0,5,type_i,False,False
Qwen3.5-4B,add_all,0,050e0643-aa3e-4e92-aaad-7fc23748a973,gpt4_f420262d,1,1,True,True,1.0,227,176,0,0.775330396475771,5,type_i,False,False
Qwen3.5-4B,add_all,0,b7a7a6b2-1f2f-47b3-93e2-38629165d950,gpt4_f49edff3,3,3,True,True,1.0,212,45,0,0.21226415094339623,4,type_i,False,False
Qwen3.5-4B,add_all,0,d882f2ba-ec82-461b-8a6b-f82adb474f4d,gpt4_fa19884c,2,1,True,False,0.5,211,153,0,0.7251184834123223,4,type_i,False,False
Qwen3.5-4B,add_all,0,6bf750cc-24e3-4e11-ba20-dfbecfe9d079,gpt4_fa19884d,1,0,False,False,0.0,241,241,0,1.0,5,type_i,False,False
Qwen3.5-4B,add_all,0,3fda734c-9023-4286-a86f-ebb03a4c04de,gpt4_fe651585,2,0,False,False,0.0,228,228,0,1.0,5,type_i,False,False
Qwen3.5-4B,relation_decision,0,c173141b-2b5d-424e-a184-9c595c6caa2b,001be529,1,1,True,True,1.0,243,104,0,0.4279835390946502,5,type_i,False,False
Qwen3.5-4B,relation_decision,0,67c785fd-b152-4f56-9b64-ee48bafcca4e,00ca467f,2,1,True,False,0.5,252,193,0,0.7658730158730159,5,type_i,False,False
Qwen3.5-4B,relation_decision,0,77df5602-6b49-48a6-aa53-1696386def42,0100672e,2,2,True,True,1.0,242,126,64,0.5206611570247934,4,type_i,True,False
Qwen3.5-4B,relation_decision,0,1fcfdc17-a482-4d25-8560-8060c1e0f055,01493427,2,3,True,True,1.5,240,124,0,0.5166666666666667,3,type_ii,False,False
Qwen3.5-4B,relation_decision,0,afd53f5d-a910-4809-9f49-1f92d91f205c,031748ae,2,3,True,True,1.5,220,146,0,0.6636363636363637,3,type_ii,False,False
Qwen3.5-4B,relation_decision,0,01694d0c-7085-4b05-9513-b433aa47a27e,06878be2,1,1,True,True,1.0,231,178,0,0.7705627705627706,5,type_i,False,False
Qwen3.5-4B,relation_decision,0,2737a228-efad-43c8-9992-2a7fceea408a,06db6396,2,2,True,True,1.0,211,83,59,0.3933649289099526,3,type_ii,True,False
Qwen3.5-4B,relation_decision,0,8530efe5-292c-4252-92bb-294b6bf859e1,06f04340,3,1,True,False,0.3333333333333333,228,49,0,0.2149122807017544,5,type_i,False,False
Qwen3.5-4B,relation_decision,0,5d5c2fa1-bccb-478d-852d-418b4c18684c,07741c44,2,0,False,False,0.0,235,186,0,0.7914893617021277,4,type_ii,False,False
Qwen3.5-4B,relation_decision,0,1685c6c5-a80c-4a6c-a79e-7e9ab990b594,07741c45,2,3,True,True,1.5,204,133,0,0.6519607843137255,3,type_ii,False,False
Qwen3.5-4B,relation_decision,0,a4a9e505-bede-46f7-82e3-23aecc93df7c,078150f1,2,2,True,True,1.0,216,90,0,0.4166666666666667,3,type_i,False,False
Qwen3.5-4B,relation_decision,0,f89600d2-fd30-4a3b-872e-021a20f8aa54,07b6f563,1,1,True,True,1.0,249,144,0,0.5783132530120482,5,type_i,False,False
Qwen3.5-4B,relation_decision,0,731a1390-5ad1-4f42-a458-fffae3439141,0862e8bf,1,1,True,True,1.0,223,87,0,0.3901345291479821,5,type_i,False,False
Qwen3.5-4B,relation_decision,0,6c89b116-06fd-4095-97ab-113c41edc302,08e075c7,1,1,True,True,1.0,227,0,103,0.0,4,type_ii,True,False
Qwen3.5-4B,relation_decision,0,0764d171-4df8-4bc4-977f-9f3c836c302f,08f4fc43,2,0,False,False,0.0,226,226,0,1.0,4,type_i,False,False
Qwen3.5-4B,relation_decision,0,91136fd2-8291-44a3-9463-2a5c1670de40,0977f2af,2,1,True,False,0.5,231,179,0,0.7748917748917749,5,type_ii,False,False
Qwen3.5-4B,relation_decision,0,cb166cb1-bfd8-44c7-b153-d26f97989e6c,099778bb,2,2,True,True,1.0,225,92,0,0.4088888888888889,4,type_i,False,False
Qwen3.5-4B,relation_decision,0,6a3ee968-7090-416a-b436-e1807bbfa9fc,09ba9854,2,2,True,True,1.0,247,149,0,0.6032388663967612,5,type_i,False,False
Qwen3.5-4B,relation_decision,0,f8aa86dd-670b-42d8-9929-7e1ecaf337eb,09d032c9,2,1,True,False,0.5,242,202,0,0.8347107438016529,5,type_i,False,False
Qwen3.5-4B,relation_decision,0,5b88c82a-e4dd-4ba9-bc0c-438bafb2af50,0a34ad58,2,1,True,False,0.5,253,186,0,0.7351778656126482,5,type_i,False,False
Qwen3.5-4B,relation_decision,0,8e8dfad9-4e72-44ad-80f9-9ee34527ea44,0a995998,3,2,True,False,0.6666666666666666,237,50,0,0.2109704641350211,5,type_i,False,False
Qwen3.5-4B,relation_decision,0,d1664d66-b2b4-46a9-a4d5-04479fcd9d93,0bb5a684,2,2,True,True,1.0,231,165,0,0.7142857142857143,3,type_i,False,False
Qwen3.5-4B,relation_decision,0,6998f7c2-7d1c-4fcd-85b8-40719a29e395,0bc8ad92,2,1,True,False,0.5,253,150,0,0.5928853754940712,5,type_i,False,False
Qwen3.5-4B,relation_decision,0,90265e41-a6e8-4db1-8839-1d8b6e3a7ec1,0bc8ad93,1,1,True,True,1.0,251,64,0,0.2549800796812749,5,type_i,False,False
Qwen3.5-4B,relation_decision,0,5c96ffba-9867-4716-a433-134bfd37f0e7,0db4c65d,2,2,True,True,1.0,164,101,0,0.6158536585365854,3,type_i,False,False
Qwen3.5-4B,relation_decision,0,3ee0860b-6c64-444f-a7fe-9de87fd42ad3,0ddfec37,2,1,True,False,0.5,202,99,103,0.4900990099009901,3,type_ii,True,False
Qwen3.5-4B,relation_decision,0,b2121489-7df4-4528-9b44-3258beebe829,0e4e4c46,2,2,True,True,1.0,214,0,125,0.0,3,type_ii,True,False
Qwen3.5-4B,relation_decision,0,800ed4e3-3fdd-4a98-81a8-5d366924f0ea,0e5e2d1a,1,1,True,True,1.0,230,166,0,0.7217391304347827,4,type_i,False,False
Qwen3.5-4B,relation_decision,0,2b56a8bc-cd35-4679-96c1-7661b10963c4,0ea62687,2,2,True,True,1.0,246,133,0,0.540650406504065,5,type_i,False,False
Qwen3.5-4B,relation_decision,0,89aa2e16-cd5e-49ef-b378-21a6239db2a6,0edc2aef,1,0,False,False,0.0,233,144,0,0.6180257510729614,5,type_i,False,False
Qwen3.5-4B,relation_decision,0,e7be70aa-6f46-4426-9cee-a68ac23e2f43,0f05491a,2,2,True,True,1.0,241,97,0,0.4024896265560166,3,type_ii,False,False
Qwen3.5-4B,relation_decision,0,f66b9294-cb8f-41e4-8f60-518b01814048,10d9b85a,3,4,True,True,1.3333333333333333,240,125,0,0.5208333333333334,4,type_i,False,False
Qwen3.5-4B,relation_decision,0,cfe15d7d-74ac-462e-b088-2703809cbdf9,10e09553,2,2,True,True,1.0,229,62,101,0.27074235807860264,3,type_ii,True,False
Qwen3.5-4B,relation_decision,0,329ecd04-a0c3-4bed-84dd-b0471869929d,118b2229,1,1,True,True,1.0,227,182,0,0.801762114537445,5,type_i,False,False
Qwen3.5-4B,relation_decision,0,a73ff9b8-7b4c-4e18-8731-493217775fce,1192316e,2,2,True,True,1.0,203,86,0,0.4236453201970443,4,type_i,False,False
Qwen3.5-4B,relation_decision,0,f66e9e83-c283-4ccf-9e36-0d38f28ab86d,129d1232,3,1,True,False,0.3333333333333333,226,180,0,0.7964601769911505,5,type_i,False,False
Qwen3.5-4B,relation_decision,0,f6e77432-c7e4-4837-89d7-9ec779718346,1568498a,1,1,True,True,1.0,186,129,0,0.6935483870967742,3,type_i,False,False
Qwen3.5-4B,relation_decision,0,21934ed3-5b92-4e42-976a-5a3fea70d827,15745da0,1,0,False,False,0.0,194,194,0,1.0,4,type_i,False,False
Qwen3.5-4B,relation_decision,0,e6480499-87b4-400d-9349-89f8375289dd,157a136e,2,1,True,False,0.5,220,177,0,0.8045454545454546,5,type_i,False,False
Qwen3.5-4B,relation_decision,0,73cd326b-fdbb-49fb-8eed-9802b8a6eaa5,16c90bf4,1,1,True,True,1.0,236,180,0,0.7627118644067796,4,type_i,False,False
Qwen3.5-4B,relation_decision,0,d677ccef-6fde-46ff-92c6-addd767b6803,184da446,2,1,True,False,0.5,239,171,68,0.7154811715481172,4,type_ii,True,False
Qwen3.5-4B,relation_decision,0,e7920a20-2bc6-442e-9bc7-333e861a6782,18bc8abd,2,2,True,True,1.0,216,118,98,0.5462962962962963,2,type_ii,True,False
Qwen3.5-4B,relation_decision,0,2d3ef47c-2f5e-43bf-848d-3400ea57b247,18dcd5a5,1,1,True,True,1.0,233,161,0,0.6909871244635193,4,type_i,False,False
Qwen3.5-4B,relation_decision,0,f63440d1-23df-4ca6-b4b5-78cf8df47f68,1903aded,1,1,True,True,1.0,239,93,0,0.3891213389121339,5,type_i,False,False
Qwen3.5-4B,relation_decision,0,2d5ca7af-fa79-4b64-8c52-96d8de0b4b9d,195a1a1b,1,1,True,True,1.0,245,96,0,0.39183673469387753,5,type_i,False,False
Qwen3.5-4B,relation_decision,0,2c7e0d4d-6a6c-417c-ac9e-f275585493cc,19b5f2b3,1,1,True,True,1.0,203,137,0,0.6748768472906403,4,type_i,False,False
Qwen3.5-4B,relation_decision,0,b7d57339-1633-4130-afcb-647b70b03da4,1a1907b4,1,1,True,True,1.0,254,53,0,0.20866141732283464,5,type_i,False,False
Qwen3.5-4B,relation_decision,0,e29ae8f7-cdc8-4f6b-8b00-aa1f39b58c04,1a8a66a6,3,3,True,True,1.0,256,104,0,0.40625,5,type_i,False,False
Qwen3.5-4B,relation_decision,0,c27c2f63-fa1f-4b26-b09c-41cd7b51718a,1b9b7252,1,1,True,True,1.0,255,173,0,0.6784313725490196,5,type_i,False,False
Qwen3.5-4B,relation_decision,0,145890bf-0cb9-42bd-bdee-29ca2daba1db,1c0ddc50,4,1,True,False,0.25,239,146,0,0.6108786610878661,5,type_i,False,False
Qwen3.5-4B,relation_decision,0,99ba3cd0-9f8b-4f98-8c38-ccadfb53f939,1c549ce4,2,2,True,True,1.0,214,102,0,0.4766355140186916,4,type_i,False,False
Qwen3.5-4B,relation_decision,0,01a74ca6-9cc4-472d-bdab-9cfea477ed36,1cea1afa,2,3,True,True,1.5,223,99,0,0.4439461883408072,3,type_ii,False,False
Qwen3.5-4B,relation_decision,0,29295a67-be68-4e0d-8d4a-bb9e6289be50,1d4da289,1,1,True,True,1.0,236,184,0,0.7796610169491526,5,type_i,False,False
Qwen3.5-4B,relation_decision,0,f321a3c0-6590-4506-bc10-f1c02f157e87,1d4e3b97,2,0,False,False,0.0,235,235,0,1.0,4,type_i,False,False
Qwen3.5-4B,relation_decision,0,27e55708-9d39-4ac5-8fdf-1f278d9e8450,1da05512,2,1,True,False,0.5,235,180,0,0.7659574468085106,5,type_i,False,False
Qwen3.5-4B,relation_decision,0,fb7eac72-84fb-40b6-abac-7e49f4c50ace,1de5cff2,1,1,True,True,1.0,250,198,0,0.792,5,type_i,False,False
Qwen3.5-4B,relation_decision,0,7d83c3ed-24e7-4ccf-9303-a7372562c7de,1e043500,1,1,True,True,1.0,209,159,0,0.7607655502392344,4,type_i,False,False
Qwen3.5-4B,relation_decision,0,f221b545-5950-407d-98d2-683306ea0062,1f2b8d4f,2,1,True,False,0.5,198,140,0,0.7070707070707071,4,type_i,False,False
Qwen3.5-4B,relation_decision,0,47abdc78-efad-45ce-8d6d-306ec846cc0d,1faac195,1,1,True,True,1.0,242,201,0,0.8305785123966942,5,type_i,False,False
Qwen3.5-4B,relation_decision,0,cc435466-292f-418a-8b84-4a4716e8bf5a,2133c1b5,2,2,True,True,1.0,206,79,89,0.38349514563106796,3,type_ii,True,False
Qwen3.5-4B,relation_decision,0,b2e38bc1-e0f9-46bd-be2f-fb1f26bccad2,21436231,1,1,True,True,1.0,213,163,0,0.7652582159624414,4,type_i,False,False
Qwen3.5-4B,relation_decision,0,f3027fc6-d5a3-47b1-8fa1-2c6545af9dc8,21d02d0d,2,2,True,True,1.0,229,94,0,0.4104803493449782,4,type_i,False,False
Qwen3.5-4B,relation_decision,0,a13f3869-559d-4ec9-8dd0-261c60c5906f,22d2cb42,1,1,True,True,1.0,225,146,79,0.6488888888888888,4,type_ii,True,False
Qwen3.5-4B,relation_decision,0,125bea9e-73ae-4d8e-bee8-21c9b2915614,2311e44b,2,0,False,False,0.0,199,199,0,1.0,4,type_i,False,False
Qwen3.5-4B,relation_decision,0,c59fc060-5273-407d-954b-a48eb93d5834,2318644b,2,2,True,True,1.0,222,111,0,0.5,4,type_i,False,False
Qwen3.5-4B,relation_decision,0,6c1f533b-4890-4fe5-9fad-8f7484c86bf3,25e5aa4f,1,1,True,True,1.0,233,96,44,0.41201716738197425,5,type_i,True,False
Qwen3.5-4B,relation_decision,0,dea79f58-5c59-483f-81ee-777a881361b9,2698e78f,2,2,True,True,1.0,226,42,92,0.18584070796460178,4,type_ii,True,False
Qwen3.5-4B,relation_decision,0,2a9fe001-ae1b-4063-87a3-046cde0f05c3,26bdc477,2,2,True,True,1.0,250,0,80,0.0,5,type_ii,True,False
Qwen3.5-4B,relation_decision,0,5b176939-ceb4-4e64-84d0-6d95a0440dd7,27016adc,2,2,True,True,1.0,241,105,0,0.43568464730290457,4,type_i,False,False
Qwen3.5-4B,relation_decision,0,2e7a4af7-b80f-4eda-9df2-b816ad740ed6,2788b940,5,0,False,False,0.0,217,217,0,1.0,4,type_i,False,False
Qwen3.5-4B,relation_decision,0,206e1dc0-e224-4f21-9edb-87a817849373,28bcfaac,1,1,True,True,1.0,249,129,0,0.5180722891566265,5,type_i,False,False
Qwen3.5-4B,relation_decision,0,9dc85466-349b-4eca-a129-eb30b15dd19e,28dc39ac,5,0,False,False,0.0,206,206,0,1.0,4,type_i,False,False
Qwen3.5-4B,relation_decision,0,7dca224b-4b9f-4c1a-89fc-43757df966c1,29f2956b,1,1,True,True,1.0,227,128,0,0.5638766519823789,4,type_i,False,False
Qwen3.5-4B,relation_decision,0,c87979c2-1f7e-4e13-9dba-38c9dc5cafe3,2a1811e2,2,2,True,True,1.0,216,60,0,0.2777777777777778,4,type_i,False,False
Qwen3.5-4B,relation_decision,0,948e997e-2de4-4df6-af42-4eacdaa2fbdd,2b8f3739,3,2,True,False,0.6666666666666666,251,96,0,0.38247011952191234,4,type_i,False,False
Qwen3.5-4B,relation_decision,0,c2fa2909-a443-422e-8fe1-f387e311b1a0,2bf43736,1,1,True,True,1.0,240,120,0,0.5,4,type_i,False,False
Qwen3.5-4B,relation_decision,0,fa37881e-fc18-4a68-ba3f-edc8360c6184,2c63a862,2,2,True,True,1.0,247,52,0,0.21052631578947367,5,type_i,False,False
Qwen3.5-4B,relation_decision,0,e77d00b8-d218-4480-be88-a97339674ddb,2ce6a0f2,4,2,True,False,0.5,221,110,0,0.497737556561086,4,type_i,False,False
Qwen3.5-4B,relation_decision,0,8b02d300-804b-4dee-9995-6330c349de82,2e6d26dc,5,1,True,False,0.2,221,170,0,0.7692307692307693,4,type_i,False,False
Qwen3.5-4B,relation_decision,0,64ff3a39-b136-4dbb-8b26-788848cd19db,2ebe6c90,2,2,True,True,1.0,252,84,0,0.3333333333333333,4,type_i,False,False
Qwen3.5-4B,relation_decision,0,e536323d-c73a-46b8-9189-d41f8e5b7e6f,2ebe6c92,2,0,False,False,0.0,250,154,0,0.616,5,type_i,False,False
Qwen3.5-4B,relation_decision,0,9ee1697c-8908-4fbe-88b3-ed60cba51dc9,311778f1,1,1,True,True,1.0,222,64,0,0.2882882882882883,4,type_i,False,False
Qwen3.5-4B,relation_decision,0,9ef3c446-55e9-4c25-a6a2-c5857cb93946,32260d93,1,0,False,False,0.0,216,89,0,0.41203703703703703,5,type_i,False,False
Qwen3.5-4B,relation_decision,0,bfa69cc3-b801-4f58-81ae-6d357b04bedc,3249768e,1,1,True,True,1.0,223,129,0,0.57847533632287,3,type_i,False,False
Qwen3.5-4B,relation_decision,0,67e0628a-1eee-40ed-bd18-6f4c7f2aadcc,352ab8bd,1,1,True,True,1.0,218,137,0,0.6284403669724771,3,type_i,False,False
Qwen3.5-4B,relation_decision,0,1c73178c-97ce-4c84-b6db-bf5ddbf316e2,35a27287,2,1,True,False,0.5,211,102,0,0.4834123222748815,4,type_i,False,False
Qwen3.5-4B,relation_decision,0,62f5c32a-117d-4a76-b587-b3bbfeb106d4,36580ce8,1,1,True,True,1.0,237,136,0,0.5738396624472574,5,type_i,False,False
Qwen3.5-4B,relation_decision,0,92c2df25-cd46-45dd-a979-3c36cb5aa6c4,36b9f61e,3,2,True,False,0.6666666666666666,256,53,65,0.20703125,5,type_i,True,False
Qwen3.5-4B,relation_decision,0,f54cdf49-5752-48df-b8ce-156fc8339405,370a8ff4,2,1,True,False,0.5,247,151,0,0.611336032388664,5,type_i,False,False
Qwen3.5-4B,relation_decision,0,abb38a88-df08-48eb-90ce-930e96f4600d,37d43f65,1,1,True,True,1.0,219,147,72,0.6712328767123288,4,type_i,True,False
Qwen3.5-4B,relation_decision,0,2e90eff8-0d33-4c1f-801b-57ef06007b34,37f165cf,2,3,True,True,1.5,215,97,0,0.4511627906976744,4,type_i,False,False
Qwen3.5-4B,relation_decision,0,e38482fa-b871-4833-9496-9c13ee327194,38146c39,2,1,True,False,0.5,250,148,0,0.592,5,type_i,False,False
Qwen3.5-4B,relation_decision,0,c597e88f-e135-4314-adb1-e8b66a25bcc7,3a704032,3,3,True,True,1.0,241,47,0,0.1950207468879668,5,type_i,False,False
Qwen3.5-4B,relation_decision,0,5fb074d9-fe36-408b-8cf2-b80370036fff,3b6f954b,1,1,True,True,1.0,217,86,0,0.39631336405529954,5,type_i,False,False
Qwen3.5-4B,relation_decision,0,29ec17f4-deef-4a82-a2f6-03bb9ad3171b,3ba21379,1,1,True,True,1.0,233,0,0,0.0,4,type_ii,False,False
Qwen3.5-4B,relation_decision,0,e8444951-efca-4915-8c05-514bc98d8536,3c1045c8,2,2,True,True,1.0,256,139,0,0.54296875,5,type_i,False,False
Qwen3.5-4B,relation_decision,0,8c51cb70-b376-448f-a828-d6f86cb22d37,3d86fd0a,1,1,True,True,1.0,220,98,0,0.44545454545454544,5,type_i,False,False
Qwen3.5-4B,relation_decision,0,8f521aee-c3eb-43de-9db7-e3a62ef9a630,3e321797,1,1,True,True,1.0,253,194,0,0.766798418972332,4,type_i,False,False
Qwen3.5-4B,relation_decision,0,6b726144-8651-4ccd-8a3f-e4c6bdc31f34,3f1e9474,1,1,True,True,1.0,231,96,0,0.4155844155844156,5,type_i,False,False
Qwen3.5-4B,relation_decision,0,e8da42ed-0f99-4438-b9c0-609d60ca12dd,3fdac837,2,2,True,True,1.0,238,99,0,0.41596638655462187,5,type_i,False,False
Qwen3.5-4B,relation_decision,0,9c969664-85c9-4101-ada8-56a08990ee5b,3fe836c9,2,1,True,False,0.5,222,170,0,0.7657657657657657,4,type_i,False,False
Qwen3.5-4B,relation_decision,0,4899b6ba-5dc1-4dcb-a991-39bdb7ddf51c,4100d0a0,1,1,True,True,1.0,226,131,0,0.5796460176991151,5,type_i,False,False
Qwen3.5-4B,relation_decision,0,01714c5a-b394-4de4-9a7e-3be9de655f0b,41275add,1,1,True,True,1.0,237,148,0,0.6244725738396625,4,type_i,False,False
Qwen3.5-4B,relation_decision,0,206ae6d9-b36c-41fe-9d7d-5c8b082b0cf5,41698283,2,1,True,False,0.5,226,166,0,0.7345132743362832,4,type_ii,False,False
Qwen3.5-4B,relation_decision,0,1caed7e6-d163-43dd-b8c6-00730ba747d3,42ec0761,2,1,True,False,0.5,209,101,0,0.48325358851674644,4,type_ii,False,False
Qwen3.5-4B,relation_decision,0,61d1fc44-0ca0-49a7-b64c-f2f44c2244ce,4388e9dd,1,1,True,True,1.0,221,159,0,0.7194570135746606,4,type_i,False,False
Qwen3.5-4B,relation_decision,0,7ca74350-bc64-49ba-8d06-645e41c99114,45dc21b6,2,1,True,False,0.5,241,183,0,0.7593360995850622,5,type_ii,False,False
Qwen3.5-4B,relation_decision,0,f477bdc4-3f51-4e8a-a846-d5e822937a41,46a3abf7,3,1,True,False,0.3333333333333333,242,139,0,0.5743801652892562,5,type_i,False,False
Qwen3.5-4B,relation_decision,0,8433f2c7-2840-495a-9a78-4252cec9f75f,488d3006,1,1,True,True,1.0,215,69,0,0.3209302325581395,4,type_i,False,False
Qwen3.5-4B,relation_decision,0,e30e3f52-74e1-432c-bfc7-88a4de49e459,4adc0475,2,2,True,True,1.0,238,120,0,0.5042016806722689,4,type_i,False,False
Qwen3.5-4B,relation_decision,0,047440dc-477f-4ea4-ad3d-39949324fe80,4b24c848,2,2,True,True,1.0,244,124,0,0.5081967213114754,4,type_ii,False,False
Qwen3.5-4B,relation_decision,0,20c4bf50-1603-4097-878d-eb055fbee6ab,4baee567,1,1,True,True,1.0,223,117,0,0.5246636771300448,4,type_i,False,False
Qwen3.5-4B,relation_decision,0,3c73b785-add4-4f7c-b750-3dc5a512cb45,4bc144e2,2,2,True,True,1.0,221,125,0,0.5656108597285068,5,type_i,False,False
Qwen3.5-4B,relation_decision,0,6c65e399-db9c-4bc6-a7e1-313af181864b,4c36ccef,1,1,True,True,1.0,229,173,0,0.7554585152838428,4,type_i,False,False
Qwen3.5-4B,relation_decision,0,c64e2cc7-8c60-478b-a266-e9c695db8b80,4d6b87c8,2,2,True,True,1.0,220,86,0,0.39090909090909093,3,type_ii,False,False
Qwen3.5-4B,relation_decision,0,8c381455-0095-4a17-b421-504de0a9e246,4dfccbf7,2,0,False,False,0.0,206,159,0,0.7718446601941747,4,type_i,False,False
Qwen3.5-4B,relation_decision,0,67797d2e-ef26-401c-898d-359ede41bf10,4dfccbf8,1,2,True,True,2.0,256,199,0,0.77734375,5,type_i,False,False
Qwen3.5-4B,relation_decision,0,9e168126-933c-460e-bf5f-972fb65746d0,4f54b7c9,5,2,True,False,0.4,234,146,0,0.6239316239316239,5,type_i,False,False
Qwen3.5-4B,relation_decision,0,7844331e-c0ef-45f4-b3de-26f6393a9f5f,4fd1909e,1,1,True,True,1.0,254,96,108,0.3779527559055118,4,type_i,True,False
Qwen3.5-4B,relation_decision,0,89106fd4-066d-4a27-a0bd-ebe58fc6527d,5025383b,2,2,True,True,1.0,230,140,0,0.6086956521739131,5,type_i,False,False
Qwen3.5-4B,relation_decision,0,ca7393e0-9a64-4ec5-9f2e-a39e8c80a7ab,505af2f5,3,1,True,False,0.3333333333333333,251,134,0,0.5338645418326693,5,type_i,False,False
Qwen3.5-4B,relation_decision,0,a0900915-c26b-463a-96ea-6eda1de47899,50635ada,1,1,True,True,1.0,251,59,65,0.2350597609561753,5,type_ii,True,False
Qwen3.5-4B,relation_decision,0,30187ef4-edb2-45e9-bd78-d02fd63e7781,51a45a95,1,1,True,True,1.0,248,114,75,0.4596774193548387,4,type_i,True,False
Qwen3.5-4B,relation_decision,0,28ab5097-2cff-493a-8b1d-9427c9d8a925,51b23612,1,1,True,True,1.0,216,62,0,0.28703703703703703,4,type_i,False,False
Qwen3.5-4B,relation_decision,0,7519b440-683a-45be-8f7b-663950ee371a,51c32626,1,1,True,True,1.0,218,0,80,0.0,4,type_i,True,False
Qwen3.5-4B,relation_decision,0,6e49bbfa-d7e2-4dc7-ac05-27a68ca30f0c,54026fce,1,1,True,True,1.0,245,141,0,0.5755102040816327,5,type_i,False,False
Qwen3.5-4B,relation_decision,0,fada485e-c299-4696-b484-f747a4c3decc,545bd2b5,1,1,True,True,1.0,223,106,0,0.47533632286995514,4,type_i,False,False
Qwen3.5-4B,relation_decision,0,a1c4c936-a762-408b-a92b-877835d534a1,55241a1f,2,2,True,True,1.0,216,75,0,0.3472222222222222,4,type_i,False,False
Qwen3.5-4B,relation_decision,0,bcecda4e-9a0b-4333-b2d4-bb30ba787d2e,561fabcd,1,1,True,True,1.0,252,159,0,0.6309523809523809,5,type_i,False,False
Qwen3.5-4B,relation_decision,0,7a476879-d052-42a7-ba0a-91297fbad7bb,577d4d32,1,1,True,True,1.0,247,58,0,0.23481781376518218,5,type_i,False,False
Qwen3.5-4B,relation_decision,0,61efc212-ad33-4dc0-a57f-13ec2844501b,57f827a0,1,0,False,False,0.0,176,176,0,1.0,3,type_i,False,False
Qwen3.5-4B,relation_decision,0,8c682be6-5454-403a-b7ca-7ea0e6393119,5809eb10,1,1,True,True,1.0,255,137,0,0.5372549019607843,4,type_i,False,False
Qwen3.5-4B,relation_decision,0,79c7de50-2b40-4347-a324-325eb12299ba,5831f84d,2,2,True,True,1.0,209,0,139,0.0,2,type_ii,True,False
Qwen3.5-4B,relation_decision,0,42151af5-f627-4dfc-8f84-70981ebe935e,58470ed2,1,1,True,True,1.0,219,148,0,0.6757990867579908,4,type_i,False,False
Qwen3.5-4B,relation_decision,0,526dcaf6-74e4-4b71-8aee-b569c9a3e6a0,58bf7951,1,0,False,False,0.0,249,165,0,0.6626506024096386,5,type_i,False,False
Qwen3.5-4B,relation_decision,0,d3eb1600-db98-4498-a436-c0af9042c8e1,58ef2f1c,1,1,True,True,1.0,232,92,0,0.39655172413793105,5,type_i,False,False
Qwen3.5-4B,relation_decision,0,e3ee35c8-7b2e-4207-8031-d3898fc0fe69,59524333,2,0,False,False,0.0,244,244,0,1.0,5,type_ii,False,False
Qwen3.5-4B,relation_decision,0,c3c3eb74-999f-4c45-9016-2080c1522bdb,5a4f22c0,1,1,True,True,1.0,253,195,58,0.7707509881422925,5,type_ii,True,False
Qwen3.5-4B,relation_decision,0,7d975007-b2a1-4647-b69d-c50c9e0fdd0b,5a7937c8,3,2,True,False,0.6666666666666666,249,148,0,0.5943775100401606,5,type_i,False,False
Qwen3.5-4B,relation_decision,0,2f326770-f443-4f39-85df-24b5c548faed,5c40ec5b,1,1,True,True,1.0,220,58,0,0.2636363636363636,4,type_ii,False,False
Qwen3.5-4B,relation_decision,0,9e56379b-11d6-4e31-a8ae-4f4af72982fd,5d3d2817,1,1,True,True,1.0,225,138,0,0.6133333333333333,5,type_i,False,False
Qwen3.5-4B,relation_decision,0,2fe1c72b-f046-42cd-8752-1b0b48a578a3,5e1b23de,1,1,True,True,1.0,218,119,0,0.5458715596330275,3,type_i,False,False
Qwen3.5-4B,relation_decision,0,b963ee67-e99d-4a09-89c9-926d8814d9aa,60036106,2,2,True,True,1.0,254,137,0,0.5393700787401575,5,type_i,False,False
Qwen3.5-4B,relation_decision,0,0ceef3fd-4e4d-41ff-8fec-27c93581c2cb,60159905,3,1,True,False,0.3333333333333333,204,149,0,0.7303921568627451,4,type_i,False,False
Qwen3.5-4B,relation_decision,0,04b2f60a-a0cf-43af-bc8d-ed0ead2147bf,603deb26,2,3,True,True,1.5,214,57,0,0.26635514018691586,3,type_ii,False,False
Qwen3.5-4B,relation_decision,0,2d04bda8-ec5f-4028-b4fc-0de82a1d8384,60472f9c,3,4,True,True,1.3333333333333333,216,41,0,0.18981481481481483,4,type_i,False,False
Qwen3.5-4B,relation_decision,0,217969c2-2a59-4197-84d9-35ef13e8a418,6071bd76,2,2,True,True,1.0,201,65,0,0.32338308457711445,3,type_ii,False,False
Qwen3.5-4B,relation_decision,0,1d3dba10-acd3-444f-97b5-52b40a740099,60bf93ed,1,1,True,True,1.0,216,114,0,0.5277777777777778,4,type_i,False,False
Qwen3.5-4B,relation_decision,0,ebed30bc-a32b-466e-a37d-a51c53bd2969,60d45044,1,1,True,True,1.0,233,50,51,0.2145922746781116,5,type_i,True,False
Qwen3.5-4B,relation_decision,0,51cf13aa-2a1e-4bf8-8789-d117b5e1a114,618f13b2,2,2,True,True,1.0,220,0,105,0.0,3,type_ii,True,False
Qwen3.5-4B,relation_decision,0,19431c25-4689-4fbe-8c5e-51f9ea9f6392,61f8c8f8,2,2,True,True,1.0,209,98,0,0.4688995215311005,4,type_i,False,False
Qwen3.5-4B,relation_decision,0,ba5c7b6c-37f0-4d8e-b6d1-2f75b66375d5,6222b6eb,1,1,True,True,1.0,229,119,0,0.519650655021834,4,type_i,False,False
Qwen3.5-4B,relation_decision,0,4739bccb-6009-4d4d-bbe8-1d63378770d8,6456829e,2,2,True,True,1.0,230,51,0,0.2217391304347826,5,type_i,False,False
Qwen3.5-4B,relation_decision,0,c7c7e0d6-37af-44bd-b15b-b164121d781d,65240037,1,1,True,True,1.0,245,60,0,0.24489795918367346,5,type_i,False,False
Qwen3.5-4B,relation_decision,0,367f5a88-0774-4d08-a580-7ae9260b24f3,6613b389,2,1,True,False,0.5,248,99,0,0.39919354838709675,5,type_i,False,False
Qwen3.5-4B,relation_decision,0,9da3b696-1a0c-41a9-b022-59d1df0b7802,66f24dbb,2,2,True,True,1.0,242,152,0,0.628099173553719,5,type_i,False,False
Qwen3.5-4B,relation_decision,0,fe7b4b28-1557-430b-be9c-3f5efdfb5793,67e0d0f2,2,2,True,True,1.0,242,45,86,0.1859504132231405,4,type_i,True,False
Qwen3.5-4B,relation_decision,0,7de79f1c-6a0e-448d-8829-99a72990743b,681a1674,2,2,True,True,1.0,248,0,93,0.0,4,type_i,True,False
Qwen3.5-4B,relation_decision,0,aa080c0a-9326-443c-aa2a-ba49247875ea,69fee5aa,2,2,True,True,1.0,239,90,0,0.37656903765690375,3,type_ii,False,False
Qwen3.5-4B,relation_decision,0,c38ad49a-da03-4548-a6a5-87e2a3e18f37,6a1eabeb,2,2,True,True,1.0,227,54,121,0.23788546255506607,3,type_ii,True,False
Qwen3.5-4B,relation_decision,0,d11fc4ca-1882-459e-9c50-c0156a28b773,6a27ffc2,2,1,True,False,0.5,244,0,131,0.0,3,type_ii,True,False
Qwen3.5-4B,relation_decision,0,8e93c38e-946c-46c9-b90d-cf08a9ba08b3,6ade9755,1,1,True,True,1.0,221,125,0,0.5656108597285068,5,type_i,False,False
Qwen3.5-4B,relation_decision,0,a623a1fc-9fb2-46ac-8384-616ec9e2403a,6ae235be,1,1,True,True,1.0,254,152,0,0.5984251968503937,5,type_i,False,False
Qwen3.5-4B,relation_decision,0,dfa3ceaa-1f1e-48bd-b64b-e04209568fd8,6aeb4375,2,2,True,True,1.0,247,60,85,0.242914979757085,4,type_ii,True,False
Qwen3.5-4B,relation_decision,0,ef621f57-cae3-43cf-97c2-ad2676a5e2d0,6b168ec8,1,1,True,True,1.0,241,88,71,0.3651452282157676,5,type_i,True,False
Qwen3.5-4B,relation_decision,0,7518cdb5-8b0c-443f-ac81-20007410bb10,6b7dfb22,5,2,True,False,0.4,218,91,0,0.41743119266055045,4,type_i,False,False
Qwen3.5-4B,relation_decision,0,b5f837c9-7e45-4c53-8841-0518e42e015a,6c49646a,2,1,True,False,0.5,216,155,0,0.7175925925925926,4,type_i,False,False
Qwen3.5-4B,relation_decision,0,a55d6edb-77cc-40e7-b379-c65f28271151,6cb6f249,2,3,True,True,1.5,241,169,0,0.7012448132780082,4,type_i,False,False
Qwen3.5-4B,relation_decision,0,0c4a8909-4a19-4dcb-92f6-e22cde93fde1,6d550036,2,0,False,False,0.0,221,221,0,1.0,5,type_i,False,False
Qwen3.5-4B,relation_decision,0,cc6d5c5f-b0da-406b-81df-b09905664439,6e984301,2,2,True,True,1.0,231,77,0,0.3333333333333333,4,type_i,False,False
Qwen3.5-4B,relation_decision,0,ac5faf63-ca4b-40c5-84e6-5e0a4f33e61f,6e984302,1,0,False,False,0.0,237,50,0,0.2109704641350211,5,type_i,False,False
Qwen3.5-4B,relation_decision,0,d1fd1997-8922-47c0-b397-0b0efeed3633,6f9b354f,1,1,True,True,1.0,218,150,0,0.6880733944954128,4,type_i,False,False
Qwen3.5-4B,relation_decision,0,05942610-5b45-47b2-bc4e-5d4d0f8ce7ea,7024f17c,1,1,True,True,1.0,227,172,0,0.7577092511013216,5,type_i,False,False
Qwen3.5-4B,relation_decision,0,23c0991c-0b79-440c-a5dc-af147c43e73a,70b3e69b,1,1,True,True,1.0,251,190,0,0.7569721115537849,5,type_i,False,False
Qwen3.5-4B,relation_decision,0,75f74b8a-e3b1-4ea2-a5cb-0af5aa1a6292,71017276,1,0,False,False,0.0,242,187,0,0.7727272727272727,4,type_i,False,False
Qwen3.5-4B,relation_decision,0,934fa6fe-1249-4099-9b13-ac815129e699,71017277,2,3,True,True,1.5,253,138,0,0.5454545454545454,5,type_i,False,False
Qwen3.5-4B,relation_decision,0,d9c1b9bf-04e9-4f8d-be47-61456db218eb,71315a70,2,2,True,True,1.0,215,57,158,0.2651162790697674,2,type_ii,True,False
Qwen3.5-4B,relation_decision,0,fa592da8-500b-4fa7-abd1-b7c8c6a9cc72,7161e7e2,1,1,True,True,1.0,256,189,0,0.73828125,4,type_i,False,False
Qwen3.5-4B,relation_decision,0,76a1c4f0-d6fb-4f08-ae58-04190bad96ae,71a3fd6b,1,1,True,True,1.0,236,98,0,0.4152542372881356,4,type_i,False,False
Qwen3.5-4B,relation_decision,0,345a5ea9-2edf-4cc1-aa7e-791e41932d20,720133ac,2,2,True,True,1.0,216,49,0,0.22685185185185186,4,type_i,False,False
Qwen3.5-4B,relation_decision,0,47c5aa50-3f9b-44a9-b97d-ab48d6ffe94b,726462e0,1,1,True,True,1.0,234,151,83,0.6452991452991453,4,type_i,True,False
Qwen3.5-4B,relation_decision,0,f99c143a-54f7-477e-b68a-1926cb697ab3,72e3ee87,2,2,True,True,1.0,213,156,57,0.7323943661971831,3,type_ii,True,False
Qwen3.5-4B,relation_decision,0,9474ada3-7620-47b5-8a7d-a4bc86c4cce2,73d42213,2,1,True,False,0.5,178,114,0,0.6404494382022472,3,type_i,False,False
Qwen3.5-4B,relation_decision,0,770c25da-8997-4db9-8cec-926396956907,7401057b,2,2,True,True,1.0,236,171,0,0.7245762711864406,4,type_ii,False,False
Qwen3.5-4B,relation_decision,0,d38843b4-9c14-442e-bade-8b1fed756b5e,7405e8b1,2,2,True,True,1.0,244,135,0,0.5532786885245902,4,type_i,False,False
Qwen3.5-4B,relation_decision,0,23385bf1-c4f8-476a-9c15-1d425f8188a2,7527f7e2,1,1,True,True,1.0,255,48,61,0.18823529411764706,5,type_i,True,False
Qwen3.5-4B,relation_decision,0,2fdc9fee-fb74-4b71-87f6-9a5996b0a79a,75499fd8,1,1,True,True,1.0,213,87,0,0.4084507042253521,5,type_i,False,False
Qwen3.5-4B,relation_decision,0,0305e0b5-7860-43ff-bdf6-df158a6f5f9b,75832dbd,2,0,False,False,0.0,237,143,0,0.6033755274261603,5,type_i,False,False
Qwen3.5-4B,relation_decision,0,729f915a-ed3e-4a34-9916-2abebee6a423,75f70248,1,2,True,True,2.0,244,106,0,0.4344262295081967,5,type_i,False,False
Qwen3.5-4B,relation_decision,0,0c974d98-7fcd-4fef-91df-b3f06e6ea30c,76d63226,1,1,True,True,1.0,228,121,0,0.5307017543859649,4,type_i,False,False
Qwen3.5-4B,relation_decision,0,2a59831a-0c77-45f6-8dfd-df2176f72bf4,778164c6,1,1,True,True,1.0,224,43,0,0.19196428571428573,4,type_i,False,False
Qwen3.5-4B,relation_decision,0,a8f243df-8f6c-403b-8169-816c48525553,77eafa52,2,1,True,False,0.5,194,140,0,0.7216494845360825,4,type_i,False,False
Qwen3.5-4B,relation_decision,0,487b652b-e28c-4dd3-929e-d49da094919c,7a87bd0c,2,3,True,True,1.5,219,141,0,0.6438356164383562,3,type_ii,False,False
Qwen3.5-4B,relation_decision,0,8670bba2-df05-4094-9b29-55cdc0de1375,7a8d0b71,1,1,True,True,1.0,229,97,0,0.42358078602620086,4,type_i,False,False
Qwen3.5-4B,relation_decision,0,39b5b399-520a-445f-addf-56493fa6d598,7e00a6cb,1,1,True,True,1.0,232,171,0,0.7370689655172413,4,type_i,False,False
Qwen3.5-4B,relation_decision,0,bb0fa2d3-c566-4517-aff3-5025a6394731,7e974930,2,2,True,True,1.0,234,0,119,0.0,3,type_ii,True,False
Qwen3.5-4B,relation_decision,0,6d83f67b-ecfb-49c2-bb9a-213eda00306e,8077ef71,1,1,True,True,1.0,233,133,0,0.5708154506437768,4,type_i,False,False
Qwen3.5-4B,relation_decision,0,7d3b14c0-4d3a-4b13-b299-2996771dc719,80ec1f4f,2,0,False,False,0.0,209,209,0,1.0,4,type_i,False,False
Qwen3.5-4B,relation_decision,0,3a9b24d8-deac-40bd-b7f4-282c4ce05c8e,81507db6,3,3,True,True,1.0,253,47,0,0.1857707509881423,5,type_i,False,False
Qwen3.5-4B,relation_decision,0,dfa908c8-a331-4d5c-9aa7-60b5650d39d2,830ce83f,2,1,True,False,0.5,242,184,58,0.7603305785123967,5,type_ii,True,False
Qwen3.5-4B,relation_decision,0,f4418894-b1f9-4476-82eb-1d9bd5722f31,8464fc84,1,1,True,True,1.0,242,101,0,0.41735537190082644,5,type_i,False,False
Qwen3.5-4B,relation_decision,0,23bf26d2-93e3-4b93-9e57-615040bad4da,852ce960,2,2,True,True,1.0,254,0,164,0.0,3,type_ii,True,False
Qwen3.5-4B,relation_decision,0,c3d00e4e-27b9-4ef2-98eb-bd4ae82f7d9b,853b0a1d,1,1,True,True,1.0,242,148,0,0.6115702479338843,5,type_i,False,False
Qwen3.5-4B,relation_decision,0,aa64d5fb-a6a6-42de-b882-0d459286a09b,8550ddae,1,1,True,True,1.0,241,146,0,0.6058091286307054,5,type_i,False,False
Qwen3.5-4B,relation_decision,0,5821411a-9666-4e6b-973c-cfb32738efa5,85fa3a3f,4,3,True,False,0.75,231,49,0,0.21212121212121213,4,type_i,False,False
Qwen3.5-4B,relation_decision,0,65c01363-be47-4672-ab02-fd84bfc183ef,86b68151,1,1,True,True,1.0,251,162,0,0.6454183266932271,5,type_i,False,False
Qwen3.5-4B,relation_decision,0,90b402a2-e6aa-4a37-9d67-1629fe7e7bc6,86f00804,1,0,False,False,0.0,222,162,0,0.7297297297297297,5,type_i,False,False
Qwen3.5-4B,relation_decision,0,42b506bc-aff7-49e3-af90-032521532ff0,8752c811,1,1,True,True,1.0,251,53,0,0.21115537848605578,4,type_i,False,False
Qwen3.5-4B,relation_decision,0,c642e18c-eb88-4e51-9939-494b36ceca25,87f22b4a,2,2,True,True,1.0,236,93,0,0.3940677966101695,5,type_i,False,False
Qwen3.5-4B,relation_decision,0,767e239c-ace3-4b06-be9e-c9fe2a8e97ea,88432d0a,4,1,True,False,0.25,209,152,0,0.7272727272727273,4,type_i,False,False
Qwen3.5-4B,relation_decision,0,f43882a9-c075-4b76-a0f1-63a37f2731ae,89527b6b,3,3,True,True,1.0,218,47,0,0.21559633027522937,4,type_i,False,False
Qwen3.5-4B,relation_decision,0,e183c429-89b2-4b54-90cf-4e0d7f9bedc3,8979f9ec,2,0,False,False,0.0,200,155,0,0.775,2,type_i,False,False
Qwen3.5-4B,relation_decision,0,4e3e22d8-4a09-404c-b190-9415bf927c19,89941a93,2,2,True,True,1.0,255,47,96,0.1843137254901961,4,type_ii,True,False
Qwen3.5-4B,relation_decision,0,395db416-2319-41d5-ac5c-6b264b20d7ee,89941a94,1,1,True,True,1.0,235,0,51,0.0,5,type_ii,True,False
Qwen3.5-4B,relation_decision,0,f0daf1b6-7b05-4e3f-a82d-3a04d42cb8a1,8a137a7f,1,1,True,True,1.0,241,143,0,0.5933609958506224,5,type_i,False,False
Qwen3.5-4B,relation_decision,0,24501fe5-b206-40d1-8df4-ef9b33083afc,8a2466db,1,1,True,True,1.0,244,96,0,0.39344262295081966,5,type_i,False,False
Qwen3.5-4B,relation_decision,0,80c2ad3e-dbe2-4847-80ba-d68bd08b717b,8aef76bc,1,1,True,True,1.0,251,150,0,0.5976095617529881,5,type_i,False,False
Qwen3.5-4B,relation_decision,0,1d603e16-0d44-425b-b4a2-9a3dffd1dd76,8b9d4367,1,1,True,True,1.0,217,143,0,0.6589861751152074,4,type_i,False,False
Qwen3.5-4B,relation_decision,0,db95e79d-e6a8-4f74-b1db-89f2f98614fd,8c18457d,2,2,True,True,1.0,236,118,0,0.5,4,type_i,False,False
Qwen3.5-4B,relation_decision,0,2c2cb60b-6014-46cb-bfc0-0c4d61be174d,8cf4d046,2,3,True,True,1.5,243,93,0,0.38271604938271603,4,type_i,False,False
Qwen3.5-4B,relation_decision,0,6024e6ea-e5e7-45d5-83d6-ef9180307ccd,8cf51dda,3,3,True,True,1.0,208,0,0,0.0,3,type_i,False,False
Qwen3.5-4B,relation_decision,0,ab9aab69-e811-42de-9d53-efcc95c31a19,8e91e7d9,2,2,True,True,1.0,216,129,0,0.5972222222222222,5,type_i,False,False
Qwen3.5-4B,relation_decision,0,815b1a1a-d856-4060-9a32-c7dee3bd4235,8e9d538c,1,1,True,True,1.0,256,100,0,0.390625,5,type_i,False,False
Qwen3.5-4B,relation_decision,0,ff4f09c2-8e76-4aea-8e5e-eb5e46e55c66,8ebdbe50,1,1,True,True,1.0,233,96,0,0.41201716738197425,5,type_i,False,False
Qwen3.5-4B,relation_decision,0,96d5c4d9-e021-46d7-a42d-09b024b94288,8fb83627,2,2,True,True,1.0,252,71,137,0.28174603174603174,4,type_ii,True,False
Qwen3.5-4B,relation_decision,0,c609d026-ea03-4033-b3d4-6335e0fe2f37,91b15a6e,2,2,True,True,1.0,243,149,0,0.6131687242798354,5,type_i,False,False
Qwen3.5-4B,relation_decision,0,b2c28e01-9511-450c-8931-c3d44aa9209a,92a0aa75,2,2,True,True,1.0,229,106,0,0.462882096069869,4,type_i,False,False
Qwen3.5-4B,relation_decision,0,e03e1896-7056-4bff-b5d1-f72e50c4ed93,945e3d21,2,3,True,True,1.5,234,164,0,0.7008547008547008,4,type_ii,False,False
Qwen3.5-4B,relation_decision,0,2c350959-757a-4305-86fb-d3c13b4afc50,94f70d80,1,1,True,True,1.0,249,113,0,0.4538152610441767,5,type_i,False,False
Qwen3.5-4B,relation_decision,0,6ec7fa20-4f33-4d97-954b-e166066040ae,95228167,1,1,True,True,1.0,247,153,0,0.6194331983805668,5,type_i,False,False
Qwen3.5-4B,relation_decision,0,8f70a385-18ba-4416-afca-81f7e352c9eb,95bcc1c8,1,1,True,True,1.0,215,160,0,0.7441860465116279,4,type_i,False,False
Qwen3.5-4B,relation_decision,0,133394bc-c41d-4dbf-adcd-06a24fd339bd,982b5123,1,1,True,True,1.0,209,141,0,0.6746411483253588,4,type_i,False,False
Qwen3.5-4B,relation_decision,0,d12fed01-0d43-46d6-bfed-fb4186b7c33d,993da5e2,2,2,True,True,1.0,221,60,0,0.27149321266968324,4,type_i,False,False
Qwen3.5-4B,relation_decision,0,332c5196-159a-49ee-9ce6-1b1aad82a732,9a707b81,2,1,True,False,0.5,217,104,0,0.4792626728110599,4,type_i,False,False
Qwen3.5-4B,relation_decision,0,a4d6a10d-d4f6-488e-a793-4773fcd19e87,9a707b82,1,0,False,False,0.0,201,201,0,1.0,4,type_i,False,False
Qwen3.5-4B,relation_decision,0,7d44177d-7fda-42fe-8137-2013e42874e7,9aaed6a3,2,2,True,True,1.0,256,69,0,0.26953125,5,type_i,False,False
Qwen3.5-4B,relation_decision,0,6efa5dc7-8408-4c8d-9694-85d89de16643,9bbe84a2,2,2,True,True,1.0,239,105,86,0.4393305439330544,4,type_ii,True,False
Qwen3.5-4B,relation_decision,0,63a71733-18b9-4151-bb44-70284045673a,9d25d4e0,3,3,True,True,1.0,253,93,0,0.3675889328063241,5,type_i,False,False
Qwen3.5-4B,relation_decision,0,00ca8952-66be-4269-834a-4c058f6fb938,9ea5eabc,2,3,True,True,1.5,251,65,0,0.2589641434262948,5,type_ii,False,False
Qwen3.5-4B,relation_decision,0,b04c4a08-a3e3-4c45-9cc4-d1ebbccc7e01,9ee3ecd6,2,1,True,False,0.5,224,158,0,0.7053571428571429,4,type_i,False,False
Qwen3.5-4B,relation_decision,0,214db36f-f4e8-487e-9d0a-6a08de668ab4,a06e4cfe,1,1,True,True,1.0,221,110,111,0.497737556561086,3,type_i,True,False
Qwen3.5-4B,relation_decision,0,da7306c5-6327-40c3-b506-befc6d45bd68,a08a253f,2,0,False,False,0.0,199,199,0,1.0,4,type_i,False,False
Qwen3.5-4B,relation_decision,0,f882916b-84fb-47ae-a5d7-1aceb798eb86,a11281a2,2,2,True,True,1.0,223,95,69,0.4260089686098655,4,type_i,True,False
Qwen3.5-4B,relation_decision,0,cf4a3e4f-6021-4216-bf90-64edf8cb5fab,a1cc6108,3,4,True,True,1.3333333333333333,253,172,0,0.6798418972332015,5,type_i,False,False
Qwen3.5-4B,relation_decision,0,6926fa7e-0ef8-47b5-82db-cc4dcbca1255,a1eacc2a,2,3,True,True,1.5,235,69,0,0.2936170212765957,4,type_ii,False,False
Qwen3.5-4B,relation_decision,0,6bf61860-3f3f-46c6-9e78-18b43d733132,a2f3aa27,2,3,True,True,1.5,239,74,0,0.30962343096234307,4,type_ii,False,False
Qwen3.5-4B,relation_decision,0,948d3deb-7cf9-424d-bcfe-05caf7212393,a3045048,2,1,True,False,0.5,199,99,0,0.49748743718592964,4,type_i,False,False
Qwen3.5-4B,relation_decision,0,ac641315-f1c0-4937-86f9-0edcd383d0e6,a3332713,2,3,True,True,1.5,256,131,0,0.51171875,4,type_i,False,False
Qwen3.5-4B,relation_decision,0,bc72e671-37f6-40b5-b515-7b950659d285,a346bb18,2,1,True,False,0.5,215,145,0,0.6744186046511628,4,type_i,False,False
Qwen3.5-4B,relation_decision,0,1eb0ca3b-9d29-4d70-a67d-b2a4c97eaec4,a3838d2b,5,3,True,False,0.6,244,49,0,0.20081967213114754,5,type_i,False,False
Qwen3.5-4B,relation_decision,0,a5e4abef-11ce-47c0-a921-5ceb7f4de9e2,a40e080f,3,1,True,False,0.3333333333333333,232,154,0,0.6637931034482759,4,type_i,False,False
Qwen3.5-4B,relation_decision,0,6807c722-4bc7-47a8-a8d3-30164aaa0ced,a4996e51,2,1,True,False,0.5,236,167,0,0.7076271186440678,4,type_i,False,False
Qwen3.5-4B,relation_decision,0,dc1b9880-70d0-48b9-b345-bf7699c9f459,a82c026e,1,1,True,True,1.0,208,143,0,0.6875,4,type_i,False,False
Qwen3.5-4B,relation_decision,0,1fabe84d-fe6f-439e-bfe2-94eb2501f789,a89d7624,2,1,True,False,0.5,221,93,0,0.42081447963800905,5,type_i,False,False
Qwen3.5-4B,relation_decision,0,7dd6bac2-c8cf-40ea-91dc-aa99adda7599,a96c20ee,1,0,False,False,0.0,255,209,0,0.8196078431372549,5,type_i,False,False
Qwen3.5-4B,relation_decision,0,a2298104-2c47-4336-8cc8-aa5c29b8b08f,a9f6b44c,2,2,True,True,1.0,248,86,0,0.3467741935483871,5,type_i,False,False
Qwen3.5-4B,relation_decision,0,f925018c-25d6-4419-a1bf-b3027bbdd323,aae3761f,3,2,True,False,0.6666666666666666,219,128,0,0.5844748858447488,4,type_i,False,False
Qwen3.5-4B,relation_decision,0,e4512088-37a8-492d-9ac1-c67d35bfacc0,ac031881,1,1,True,True,1.0,249,100,56,0.40160642570281124,5,type_i,True,False
Qwen3.5-4B,relation_decision,0,6c7d248a-8ebe-42c2-927f-3880882538ce,ad7109d1,1,1,True,True,1.0,224,167,0,0.7455357142857143,4,type_i,False,False
Qwen3.5-4B,relation_decision,0,85c744f7-5922-4f13-a8dc-f0e0cd7f94ca,af082822,1,1,True,True,1.0,256,199,0,0.77734375,5,type_i,False,False
Qwen3.5-4B,relation_decision,0,7d68c540-ec6a-4ece-a009-0124b9f54455,af8d2e46,1,1,True,True,1.0,254,165,0,0.6496062992125984,5,type_i,False,False
Qwen3.5-4B,relation_decision,0,d6a91e26-b9d8-4ee8-9e38-026ad46337fd,afdc33df,2,2,True,True,1.0,227,134,0,0.5903083700440529,5,type_i,False,False
Qwen3.5-4B,relation_decision,0,d09c6820-5ba4-4824-ad0f-c55b51c3b5de,affe2881,2,2,True,True,1.0,238,46,83,0.19327731092436976,4,type_ii,True,False
Qwen3.5-4B,relation_decision,0,348732d0-fbfe-465f-b47e-c1f33dcee8e0,b01defab,1,1,True,True,1.0,255,130,73,0.5098039215686274,4,type_ii,True,False
Qwen3.5-4B,relation_decision,0,4b721411-9aeb-496c-ac33-d1a5755d34ae,b0479f84,1,1,True,True,1.0,216,152,0,0.7037037037037037,4,type_i,False,False
Qwen3.5-4B,relation_decision,0,fb5cebd5-bfa4-48e2-a257-f3131ae67600,b29f3365,2,2,True,True,1.0,215,106,0,0.4930232558139535,4,type_i,False,False
Qwen3.5-4B,relation_decision,0,6953add0-8720-43d0-8780-9782bff22ffb,b320f3f8,1,1,True,True,1.0,237,79,0,0.3333333333333333,4,type_i,False,False
Qwen3.5-4B,relation_decision,0,0424facf-99ad-4ca1-88db-4f9420d09bad,b3c15d39,2,1,True,False,0.5,195,149,0,0.764102564102564,4,type_i,False,False
Qwen3.5-4B,relation_decision,0,9b24e063-1772-48b4-829a-174536d381f4,b46e15ed,2,1,True,False,0.5,217,98,0,0.45161290322580644,4,type_i,False,False
Qwen3.5-4B,relation_decision,0,5bb46f42-f6e2-48d7-aebf-8372e77491f3,b46e15ee,1,1,True,True,1.0,210,91,0,0.43333333333333335,4,type_i,False,False
Qwen3.5-4B,relation_decision,0,c38f61f3-1eaf-4514-9a7e-0f0b9433de21,b5ef892d,2,2,True,True,1.0,246,105,86,0.4268292682926829,4,type_i,True,False
Qwen3.5-4B,relation_decision,0,08e92f39-cfd4-4083-b668-ed44a76afcdf,b6019101,2,2,True,True,1.0,256,0,104,0.0,4,type_ii,True,False
Qwen3.5-4B,relation_decision,0,09539ad3-1cd0-4b25-8b7b-ca9519ddff1f,b6025781,2,2,True,True,1.0,240,107,0,0.44583333333333336,4,type_i,False,False
Qwen3.5-4B,relation_decision,0,08576bad-cfbd-4bd7-bd64-5ee3bbc2b0f4,b759caee,1,1,True,True,1.0,80,0,0,0.0,1,type_i,False,False
Qwen3.5-4B,relation_decision,0,2eddd562-90fe-416f-b1a3-1ffbf2a5dcb3,b86304ba,1,1,True,True,1.0,238,79,0,0.3319327731092437,4,type_i,False,False
Qwen3.5-4B,relation_decision,0,01f8933b-ad95-4cf3-b19a-9f8635c2c0d1,b9cfe692,2,2,True,True,1.0,224,119,0,0.53125,4,type_i,False,False
Qwen3.5-4B,relation_decision,0,3e6e608f-bcdc-463f-a564-b6b7078e6d30,ba358f49,2,1,True,False,0.5,240,193,0,0.8041666666666667,5,type_i,False,False
Qwen3.5-4B,relation_decision,0,6a19ea24-df95-46c1-a677-08ea3f7cf346,ba61f0b9,2,3,True,True,1.5,225,91,0,0.40444444444444444,3,type_ii,False,False
Qwen3.5-4B,relation_decision,0,7d651c4d-78d7-4311-9de1-5de39e1b46a0,bb7c3b45,2,1,True,False,0.5,215,145,0,0.6744186046511628,3,type_i,False,False
Qwen3.5-4B,relation_decision,0,3089b713-f249-4200-9308-92ae781579b2,bbf86515,2,3,True,True,1.5,236,70,0,0.2966101694915254,4,type_i,False,False
Qwen3.5-4B,relation_decision,0,20312127-bac6-4046-9729-b914f82a37e3,bc149d6b,2,1,True,False,0.5,220,163,0,0.740909090909091,4,type_i,False,False
Qwen3.5-4B,relation_decision,0,6cc08de2-7dae-4480-ac4a-354dd75b6174,bc8a6e93,1,1,True,True,1.0,232,88,0,0.3793103448275862,4,type_i,False,False
Qwen3.5-4B,relation_decision,0,5a1c54e5-72af-470a-af58-3cf5ef6bd8dd,bcbe585f,1,1,True,True,1.0,227,168,0,0.7400881057268722,4,type_i,False,False
Qwen3.5-4B,relation_decision,0,bb7e6d3e-8af6-44f1-b85e-ff9ccdefce13,bf659f65,3,0,False,False,0.0,222,134,0,0.6036036036036037,5,type_i,False,False
Qwen3.5-4B,relation_decision,0,b8e93668-afd5-4a55-b9f4-87a9d36d233e,c14c00dd,1,1,True,True,1.0,244,141,0,0.5778688524590164,5,type_i,False,False
Qwen3.5-4B,relation_decision,0,68acf422-454d-4ad3-b7ce-be8ebda19921,c18a7dc8,2,1,True,False,0.5,224,132,0,0.5892857142857143,5,type_i,False,False
Qwen3.5-4B,relation_decision,0,65d400af-79d9-44a1-989a-5e579ff2f2ac,c19f7a0b,1,1,True,True,1.0,222,120,0,0.5405405405405406,4,type_i,False,False
Qwen3.5-4B,relation_decision,0,e32a65bb-cae3-438c-8863-fca98296f2d6,c2ac3c61,2,2,True,True,1.0,236,97,0,0.4110169491525424,5,type_i,False,False
Qwen3.5-4B,relation_decision,0,cca8030d-a5e6-4ed4-85bb-4138546f42dc,c4a1ceb8,5,2,True,False,0.4,254,135,0,0.531496062992126,5,type_i,False,False
Qwen3.5-4B,relation_decision,0,d5fdf6ef-ca50-4507-8942-5bf30f5683fd,c4ea545c,2,2,True,True,1.0,249,56,94,0.2248995983935743,4,type_ii,True,False
Qwen3.5-4B,relation_decision,0,923218df-c7ff-4321-9064-cfcd0a7e70fc,c4f10528,1,1,True,True,1.0,254,102,0,0.4015748031496063,5,type_i,False,False
Qwen3.5-4B,relation_decision,0,c3ce5b28-4b64-4054-bf26-8c94bd04a45e,c5e8278d,3,4,True,True,1.3333333333333333,236,45,51,0.1906779661016949,5,type_i,True,False
Qwen3.5-4B,relation_decision,0,81adc3e9-8186-4671-bca6-3f2aed42b2a3,c6853660,2,3,True,True,1.5,236,80,0,0.3389830508474576,4,type_ii,False,False
Qwen3.5-4B,relation_decision,0,d962e7e0-d325-4272-8f5e-5cbc7c99e020,c7cf7dfd,3,2,True,False,0.6666666666666666,227,60,0,0.2643171806167401,4,type_i,False,False
Qwen3.5-4B,relation_decision,0,9067b3ae-d3e3-4374-95ce-fd150ba992b7,c7dc5443,2,2,True,True,1.0,223,59,99,0.2645739910313901,3,type_ii,True,False
Qwen3.5-4B,relation_decision,0,5efc66e1-a110-4e03-975f-65e8e9d5b583,c8090214,2,2,True,True,1.0,230,117,0,0.508695652173913,4,type_i,False,False
Qwen3.5-4B,relation_decision,0,cb8e71f8-f4e7-4e55-baaf-9a5ea5f5fda2,c8c3f81d,1,1,True,True,1.0,235,89,0,0.37872340425531914,5,type_i,False,False
Qwen3.5-4B,relation_decision,0,af5f8ec6-529c-4e7d-85b7-31ce85a52e5e,c8f1aeed,1,1,True,True,1.0,227,102,0,0.44933920704845814,4,type_i,False,False
Qwen3.5-4B,relation_decision,0,92d950f8-84de-438b-b334-2c10a60d2df8,c960da58,1,1,True,True,1.0,247,139,0,0.562753036437247,5,type_i,False,False
Qwen3.5-4B,relation_decision,0,fd296397-6aee-4811-b186-01d5b3778f3a,c9f37c46,2,3,True,True,1.5,204,45,0,0.22058823529411764,4,type_i,False,False
Qwen3.5-4B,relation_decision,0,11a55f9a-b377-4746-bbb4-9dfabb6e9b1a,caf03d32,1,1,True,True,1.0,227,132,0,0.5814977973568282,5,type_i,False,False
Qwen3.5-4B,relation_decision,0,d033a1f0-96ee-46f2-8fa7-2a2ca4113e4b,caf9ead2,1,1,True,True,1.0,216,105,0,0.4861111111111111,4,type_i,False,False
Qwen3.5-4B,relation_decision,0,abe6c216-85e7-4294-bece-5f37fb43e1e1,cc06de0d,2,2,True,True,1.0,243,147,0,0.6049382716049383,5,type_i,False,False
Qwen3.5-4B,relation_decision,0,9664aeec-a2c0-4eac-8fff-1dbf20cea365,cc539528,1,1,True,True,1.0,240,169,0,0.7041666666666667,4,type_i,False,False
Qwen3.5-4B,relation_decision,0,530159f1-dcde-470d-9364-c91b8ca0042b,cc5ded98,2,2,True,True,1.0,228,0,121,0.0,3,type_ii,True,False
Qwen3.5-4B,relation_decision,0,ae71852c-6dfa-4ed2-b8a0-23492c241730,cc6d1ec1,2,1,True,False,0.5,216,112,0,0.5185185185185185,4,type_i,False,False
Qwen3.5-4B,relation_decision,0,030f92fe-f759-4eda-b725-50ece2935989,ccb36322,1,1,True,True,1.0,214,85,43,0.397196261682243,5,type_i,True,False
Qwen3.5-4B,relation_decision,0,24aebf39-924d-4ff4-aa00-d861ce65d0c0,ce6d2d27,2,1,True,False,0.5,210,93,0,0.44285714285714284,4,type_ii,False,False
Qwen3.5-4B,relation_decision,0,ed04049d-877d-4b8f-af04-16fc5679477d,ceb54acb,1,1,True,True,1.0,237,105,86,0.4430379746835443,4,type_i,True,False
Qwen3.5-4B,relation_decision,0,bd8878e1-d82a-4cdb-9457-d413e80ad61b,cf22b7bf,2,0,False,False,0.0,213,167,0,0.784037558685446,4,type_ii,False,False
Qwen3.5-4B,relation_decision,0,a34bc6e2-dd0a-441e-a8eb-239010bbdcf6,d01c6aa8,1,2,True,True,2.0,236,99,0,0.4194915254237288,5,type_i,False,False
Qwen3.5-4B,relation_decision,0,6967f3b0-afe3-4c03-97eb-39e369b6f201,d23cf73b,4,3,True,False,0.75,251,91,0,0.36254980079681276,5,type_i,False,False
Qwen3.5-4B,relation_decision,0,37bfe823-68c3-4e89-8527-064140e11c09,d24813b1,1,1,True,True,1.0,243,96,0,0.3950617283950617,5,type_i,False,False
Qwen3.5-4B,relation_decision,0,670a2a62-0e7a-47cd-9ec9-ca33eeeed0f1,d3ab962e,2,2,True,True,1.0,251,134,0,0.5338645418326693,5,type_i,False,False
Qwen3.5-4B,relation_decision,0,014c72af-40a8-4ba8-a248-db3bc0e383e1,d52b4f67,1,1,True,True,1.0,221,164,0,0.7420814479638009,4,type_i,False,False
Qwen3.5-4B,relation_decision,0,fe58d41c-5c8f-4584-a02e-fa34867dfc83,d596882b,1,1,True,True,1.0,212,60,0,0.2830188679245283,4,type_i,False,False
Qwen3.5-4B,relation_decision,0,39c5c7ca-4f12-4985-b8d4-c2d16e5ae5c8,d6062bb9,2,1,True,False,0.5,253,140,0,0.5533596837944664,5,type_i,False,False
Qwen3.5-4B,relation_decision,0,d72aad0f-a9b6-4abb-bbf0-b991d0442c8c,d6233ab6,2,1,True,False,0.5,215,140,0,0.6511627906976745,4,type_i,False,False
Qwen3.5-4B,relation_decision,0,cdc557a3-44a4-4ecb-90a9-acfc19cd37b8,d682f1a2,3,2,True,False,0.6666666666666666,232,137,0,0.5905172413793104,5,type_i,False,False
Qwen3.5-4B,relation_decision,0,5aeb784f-e50a-465e-89f7-bf59aa7092d0,d7c942c3,2,0,False,False,0.0,242,242,0,1.0,5,type_ii,False,False
Qwen3.5-4B,relation_decision,0,d48c864f-0611-4106-8799-6195a1c6c373,d851d5ba,4,1,True,False,0.25,205,146,0,0.7121951219512195,4,type_i,False,False
Qwen3.5-4B,relation_decision,0,4f1abf97-1055-46ac-a0f7-a2b480627b65,d905b33f,2,2,True,True,1.0,218,111,0,0.5091743119266054,4,type_i,False,False
Qwen3.5-4B,relation_decision,0,a7f450b3-3ee0-43b8-b968-32970659bbd1,dad224aa,2,2,True,True,1.0,243,55,144,0.22633744855967078,3,type_ii,True,False
Qwen3.5-4B,relation_decision,0,87d4c704-e019-46af-a516-c79a27721cd1,db467c8c,1,1,True,True,1.0,253,142,111,0.5612648221343873,3,type_ii,True,False
Qwen3.5-4B,relation_decision,0,e2aa690a-6332-492e-80a6-5490be36d367,dc439ea3,1,1,True,True,1.0,239,49,0,0.20502092050209206,5,type_i,False,False
Qwen3.5-4B,relation_decision,0,8161876a-1859-42da-8e5b-1834f5f421d9,dccbc061,1,1,True,True,1.0,232,44,62,0.1896551724137931,5,type_i,True,False
Qwen3.5-4B,relation_decision,0,3587e6c1-4b4b-4366-beca-1cc50eeb2bf8,dcfa8644,2,2,True,True,1.0,222,111,49,0.5,4,type_i,True,False
Qwen3.5-4B,relation_decision,0,3287eff8-abd8-4fa4-a9ca-45c4d203cd94,dd2973ad,2,1,True,False,0.5,234,171,0,0.7307692307692307,4,type_i,False,False
Qwen3.5-4B,relation_decision,0,8306ab13-1afe-44b5-b0b1-0b48adb9527a,dfde3500,2,1,True,False,0.5,223,181,0,0.8116591928251121,5,type_ii,False,False
Qwen3.5-4B,relation_decision,0,afd2e386-85fd-4c5a-95cf-6283c533c3f9,e01b8e2f,1,0,False,False,0.0,250,201,0,0.804,5,type_i,False,False
Qwen3.5-4B,relation_decision,0,3242a8ad-11b2-4b22-a7d3-965570dfeb20,e25c3b8d,2,3,True,True,1.5,241,111,0,0.4605809128630705,4,type_i,False,False
Qwen3.5-4B,relation_decision,0,cb63a61c-71df-4e03-a0c8-bcdc87817e5c,e3038f8c,4,2,True,False,0.5,236,91,0,0.3855932203389831,5,type_i,False,False
Qwen3.5-4B,relation_decision,0,8e476dfe-24dc-475e-a5c2-2b4607bb38c7,e3fc4d6e,1,0,False,False,0.0,211,211,0,1.0,3,type_i,False,False
Qwen3.5-4B,relation_decision,0,f774b79d-c50d-4172-b5be-98aa6336e84c,e47becba,1,1,True,True,1.0,234,138,0,0.5897435897435898,5,type_i,False,False
Qwen3.5-4B,relation_decision,0,2c1c00b3-a296-4868-8357-f24258fd9a3f,e48988bc,1,1,True,True,1.0,215,55,0,0.2558139534883721,4,type_i,False,False
Qwen3.5-4B,relation_decision,0,c84c3af8-8d57-4698-8a89-c5fa96046949,e493bb7c,2,2,True,True,1.0,246,0,91,0.0,4,type_ii,True,False
Qwen3.5-4B,relation_decision,0,74ac4431-1d0c-4d5b-a844-564fdae23121,e4e14d04,2,1,True,False,0.5,216,159,0,0.7361111111111112,4,type_i,False,False
Qwen3.5-4B,relation_decision,0,11dec1d9-1bcf-4cea-bdf9-1bc9e2103b45,e56a43b9,2,2,True,True,1.0,229,109,0,0.4759825327510917,4,type_i,False,False
Qwen3.5-4B,relation_decision,0,31d310c0-5cd9-48be-9a95-3167294f2689,e6041065,2,2,True,True,1.0,254,164,0,0.6456692913385826,5,type_i,False,False
Qwen3.5-4B,relation_decision,0,8be40756-7ccc-4607-ae93-46dbd91853cf,e61a7584,2,3,True,True,1.5,253,109,0,0.4308300395256917,5,type_ii,False,False
Qwen3.5-4B,relation_decision,0,9742ce87-14e8-491c-bc88-49d39560fd53,e66b632c,2,2,True,True,1.0,248,0,140,0.0,3,type_ii,True,False
Qwen3.5-4B,relation_decision,0,249339ed-ded3-4707-84bc-26372108fbc4,e831120c,2,1,True,False,0.5,226,131,0,0.5796460176991151,4,type_i,False,False
Qwen3.5-4B,relation_decision,0,db5e553f-7aca-48f7-9683-5ffd7a622d29,e8a79c70,1,1,True,True,1.0,246,107,0,0.4349593495934959,5,type_i,False,False
Qwen3.5-4B,relation_decision,0,c7999c5e-a890-4770-b59e-3e19541e3c7f,e9327a54,1,0,False,False,0.0,202,202,0,1.0,4,type_i,False,False
Qwen3.5-4B,relation_decision,0,28677ede-c609-44d6-a3f8-f890a49e2cb2,e982271f,1,1,True,True,1.0,255,51,0,0.2,5,type_i,False,False
Qwen3.5-4B,relation_decision,0,54a7f15e-c6cd-48d7-903e-a3aec65a760d,eac54adc,2,1,True,False,0.5,214,160,0,0.7476635514018691,4,type_i,False,False
Qwen3.5-4B,relation_decision,0,d499b742-ca4e-4609-b7fd-a7db3722d239,eac54add,1,0,False,False,0.0,252,167,0,0.6626984126984127,6,type_i,False,False
Qwen3.5-4B,relation_decision,0,21aa11ea-56fa-4b32-9282-f2cdcb64080a,eaca4986,1,0,False,False,0.0,202,202,0,1.0,3,type_i,False,False
Qwen3.5-4B,relation_decision,0,fff54c74-8205-4cc3-aa33-4acda06f4def,eace081b,2,2,True,True,1.0,237,92,63,0.3881856540084388,5,type_ii,True,False
Qwen3.5-4B,relation_decision,0,e07fa30a-e980-43fa-8e5c-e1b4cab3dd32,ec81a493,1,1,True,True,1.0,246,134,0,0.5447154471544715,5,type_i,False,False
Qwen3.5-4B,relation_decision,0,9f0340f2-7f26-486a-bebe-b132ed51c1d5,ed4ddc30,2,2,True,True,1.0,245,57,79,0.23265306122448978,4,type_ii,True,False
Qwen3.5-4B,relation_decision,0,8285f62d-4768-4f76-93df-35d44abe19ed,edced276,2,0,False,False,0.0,217,217,0,1.0,4,type_i,False,False
Qwen3.5-4B,relation_decision,0,06acb700-6984-4d51-8069-d90a25ea1f5f,eeda8a6d,4,5,True,True,1.25,215,91,0,0.4232558139534884,3,type_i,False,False
Qwen3.5-4B,relation_decision,0,4a6f8895-9f41-4022-8784-4fa10e6313d5,ef66a6e5,2,2,True,True,1.0,224,42,55,0.1875,5,type_i,True,False
Qwen3.5-4B,relation_decision,0,786864dc-884f-4788-8416-31e26fdee815,ef9cf60a,2,2,True,True,1.0,232,42,0,0.1810344827586207,5,type_i,False,False
Qwen3.5-4B,relation_decision,0,579eaf0d-4902-48b9-8611-d845ffb3ddc4,efc3f7c2,2,1,True,False,0.5,236,91,0,0.3855932203389831,5,type_i,False,False
Qwen3.5-4B,relation_decision,0,3f699918-a2b1-4a91-baa8-1c0ee9a22ec6,f0853d11,2,2,True,True,1.0,227,114,0,0.5022026431718062,4,type_i,False,False
Qwen3.5-4B,relation_decision,0,2104ef32-5b8e-47a9-bce3-3dcd8d7203a5,f0e564bc,2,1,True,False,0.5,219,159,0,0.726027397260274,3,type_i,False,False
Qwen3.5-4B,relation_decision,0,a2c8c470-7a29-4ed8-9fd7-f2430f429959,f35224e0,2,2,True,True,1.0,233,100,0,0.4291845493562232,4,type_i,False,False
Qwen3.5-4B,relation_decision,0,7c382e2c-0eae-4b2f-b44a-fa66f6c79ef9,f4f1d8a4,1,1,True,True,1.0,227,0,59,0.0,5,type_i,True,False
Qwen3.5-4B,relation_decision,0,292f34d1-63f0-4a1f-9c07-f73ef1a24e3c,f523d9fe,1,1,True,True,1.0,217,102,0,0.4700460829493088,4,type_i,False,False
Qwen3.5-4B,relation_decision,0,4b0ab876-9de6-4924-aa5d-6f938b12dc4a,f685340e,2,2,True,True,1.0,213,92,0,0.431924882629108,4,type_ii,False,False
Qwen3.5-4B,relation_decision,0,3ae48412-39c3-4104-ad1d-cebf151bbfb4,f8c5f88b,1,1,True,True,1.0,248,121,0,0.4879032258064516,5,type_i,False,False
Qwen3.5-4B,relation_decision,0,7d1c3d99-8162-4160-b40d-b6a9adaf09e6,f9e8c073,2,2,True,True,1.0,233,115,0,0.49356223175965663,4,type_ii,False,False
Qwen3.5-4B,relation_decision,0,c6a75dcd-2075-43a3-a565-6e8dfcf5aeef,faba32e5,1,1,True,True,1.0,216,161,0,0.7453703703703703,4,type_i,False,False
Qwen3.5-4B,relation_decision,0,493aca93-d330-4a40-84fd-6698738d1391,fca70973,6,0,False,False,0.0,248,248,0,1.0,5,type_i,False,False
Qwen3.5-4B,relation_decision,0,ba40c74e-1391-4082-a85d-fcf1335b874b,fca762bc,1,1,True,True,1.0,256,153,0,0.59765625,5,type_i,False,False
Qwen3.5-4B,relation_decision,0,9943ca88-1895-4b06-9460-3367d30221a9,fea54f57,1,1,True,True,1.0,220,153,0,0.6954545454545454,4,type_i,False,False
Qwen3.5-4B,relation_decision,0,5a605de8-90dc-46ed-bb25-ef1b593f8655,gpt4_0a05b494,2,2,True,True,1.0,252,138,0,0.5476190476190477,5,type_i,False,False
Qwen3.5-4B,relation_decision,0,8c55cf81-9b56-4e54-a16d-e68ca6615336,gpt4_0b2f1d21,2,2,True,True,1.0,250,105,0,0.42,5,type_i,False,False
Qwen3.5-4B,relation_decision,0,b71af42a-b9eb-41e4-a564-c8266bba8fc5,gpt4_15e38248,4,1,True,False,0.25,243,184,0,0.757201646090535,5,type_i,False,False
Qwen3.5-4B,relation_decision,0,851868a8-4fde-488b-a21b-d8e80602568c,gpt4_18c2b244,3,2,True,False,0.6666666666666666,216,49,0,0.22685185185185186,4,type_i,False,False
Qwen3.5-4B,relation_decision,0,fe1c6063-37a6-45fc-a341-99036ece9ff8,gpt4_1916e0ea,2,2,True,True,1.0,246,96,0,0.3902439024390244,5,type_i,False,False
Qwen3.5-4B,relation_decision,0,be1faf8a-6b41-4da0-9a23-8119ff183c7e,gpt4_194be4b3,5,2,True,False,0.4,236,104,0,0.4406779661016949,4,type_i,False,False
Qwen3.5-4B,relation_decision,0,c8d0ed93-8289-4942-ab7e-860df5d3b254,gpt4_1a1dc16d,2,1,True,False,0.5,243,142,0,0.5843621399176955,5,type_i,False,False
Qwen3.5-4B,relation_decision,0,98fc785d-6ebd-43a6-8a85-e386c69118ec,gpt4_1d4ab0c9,2,2,True,True,1.0,230,117,0,0.508695652173913,4,type_i,False,False
Qwen3.5-4B,relation_decision,0,30fef842-977f-43d5-87a5-bfa1d1a4f3b9,gpt4_1d80365e,2,2,True,True,1.0,232,103,73,0.44396551724137934,4,type_i,True,False
Qwen3.5-4B,relation_decision,0,720482a8-817c-47f7-9bfc-51391ef5c7bd,gpt4_1e4a8aeb,2,2,True,True,1.0,253,111,0,0.43873517786561267,5,type_i,False,False
Qwen3.5-4B,relation_decision,0,c825341c-c192-4404-aa18-c8ce5f848387,gpt4_1e4a8aec,1,1,True,True,1.0,237,104,0,0.4388185654008439,5,type_i,False,False
Qwen3.5-4B,relation_decision,0,c03498a4-ee0f-4557-8c80-4871ed4ec644,gpt4_213fd887,2,2,True,True,1.0,215,146,0,0.6790697674418604,4,type_i,False,False
Qwen3.5-4B,relation_decision,0,361d6fb4-7b30-4105-bdc3-feb29eb6d1b6,gpt4_21adecb5,2,2,True,True,1.0,228,124,0,0.543859649122807,4,type_i,False,False
Qwen3.5-4B,relation_decision,0,13bdbbe2-5d6a-40bf-b78b-fee6b57226cd,gpt4_2312f94c,2,1,True,False,0.5,217,120,0,0.5529953917050692,4,type_i,False,False
Qwen3.5-4B,relation_decision,0,297140a8-04d4-4994-a86d-4f96a39c123a,gpt4_2487a7cb,2,1,True,False,0.5,249,143,0,0.5742971887550201,5,type_i,False,False
Qwen3.5-4B,relation_decision,0,3632de59-485d-4042-9b85-d90f022aec51,gpt4_2655b836,2,1,True,False,0.5,225,164,0,0.7288888888888889,4,type_i,False,False
Qwen3.5-4B,relation_decision,0,db149a68-04e0-4008-8e8d-7882e563a02e,gpt4_2ba83207,4,1,True,False,0.25,251,196,0,0.7808764940239044,5,type_i,False,False
Qwen3.5-4B,relation_decision,0,46ec4c61-49d0-413b-a29c-0884898555f1,gpt4_2c50253f,3,3,True,True,1.0,241,60,0,0.24896265560165975,4,type_i,False,False
Qwen3.5-4B,relation_decision,0,ad523920-af63-4ebd-a6d8-0c520e813b2f,gpt4_2d58bcd6,2,1,True,False,0.5,230,49,0,0.21304347826086956,4,type_i,False,False
Qwen3.5-4B,relation_decision,0,8b00ee82-e387-4fee-b60c-dfe52e0b056d,gpt4_2f56ae70,3,1,True,False,0.3333333333333333,250,128,58,0.512,5,type_i,True,False
Qwen3.5-4B,relation_decision,0,807fadd3-7fc0-4f1d-85c6-e37260f8105e,gpt4_2f584639,2,1,True,False,0.5,233,134,0,0.575107296137339,5,type_i,False,False
Qwen3.5-4B,relation_decision,0,adc2ab84-0170-477a-bbad-43c7a6a2375f,gpt4_2f8be40d,4,3,True,False,0.75,237,142,0,0.5991561181434599,5,type_i,False,False
Qwen3.5-4B,relation_decision,0,7380d9c1-9ec2-4ed2-94df-14c5a9e8b199,gpt4_2f91af09,3,1,True,False,0.3333333333333333,228,174,0,0.7631578947368421,5,type_i,False,False
Qwen3.5-4B,relation_decision,0,401cb37f-0f91-460e-8939-41bb178a2971,gpt4_31ff4165,4,1,True,False,0.25,244,199,0,0.8155737704918032,5,type_i,False,False
Qwen3.5-4B,relation_decision,0,c92ea21e-3988-4c6c-97bf-bc99ccbb7541,gpt4_372c3eed,4,2,True,False,0.5,212,105,61,0.49528301886792453,4,type_i,True,False
Qwen3.5-4B,relation_decision,0,89543587-10d8-4cb5-bc06-b923d8f5aa7e,gpt4_385a5000,2,3,True,True,1.5,216,100,0,0.46296296296296297,4,type_i,False,False
Qwen3.5-4B,relation_decision,0,46fc1d97-6afe-4c47-883d-1301dedccc77,gpt4_45189cb4,3,1,True,False,0.3333333333333333,201,146,0,0.7263681592039801,4,type_i,False,False
Qwen3.5-4B,relation_decision,0,876b6b1a-e246-4eca-ba3a-a7e7eee457bb,gpt4_468eb063,1,1,True,True,1.0,215,154,0,0.7162790697674418,4,type_i,False,False
Qwen3.5-4B,relation_decision,0,fe6daeef-a9b6-4de1-a1a0-ab26905b6bf3,gpt4_468eb064,1,1,True,True,1.0,241,182,0,0.7551867219917012,5,type_i,False,False
Qwen3.5-4B,relation_decision,0,6b3d9d5d-f0be-4d2a-a51d-cc9ea6043457,gpt4_483dd43c,2,2,True,True,1.0,238,131,0,0.5504201680672269,4,type_i,False,False
Qwen3.5-4B,relation_decision,0,ae61cdf6-610b-4964-be40-b4e79584a0f3,gpt4_4929293a,2,1,True,False,0.5,251,143,0,0.5697211155378487,5,type_i,False,False
Qwen3.5-4B,relation_decision,0,840fa9ed-a04f-45ae-b542-5396461f4ee2,gpt4_4929293b,1,1,True,True,1.0,214,158,0,0.7383177570093458,4,type_i,False,False
Qwen3.5-4B,relation_decision,0,586899d3-9e9a-4963-a97e-61ba6648470f,gpt4_4cd9eba1,2,2,True,True,1.0,250,94,0,0.376,5,type_i,False,False
Qwen3.5-4B,relation_decision,0,14dc45a8-2c29-4793-8f9c-3ebad00d6862,gpt4_4edbafa2,1,0,False,False,0.0,219,219,0,1.0,4,type_i,False,False
Qwen3.5-4B,relation_decision,0,abaed6da-7584-4ad9-9cc0-fa7c190a6a88,gpt4_4ef30696,2,2,True,True,1.0,227,53,0,0.23348017621145375,4,type_i,False,False
Qwen3.5-4B,relation_decision,0,eee5ef08-a8ba-48c8-b447-ec6b411bd111,gpt4_4fc4f797,2,2,True,True,1.0,218,58,0,0.26605504587155965,4,type_i,False,False
Qwen3.5-4B,relation_decision,0,372892f0-fc4c-440a-86b7-6369825d380b,gpt4_5438fa52,1,1,True,True,1.0,244,54,0,0.22131147540983606,5,type_i,False,False
Qwen3.5-4B,relation_decision,0,6c63e7a3-c044-4252-8dc4-dae3ee23e019,gpt4_5501fe77,2,1,True,False,0.5,198,134,0,0.6767676767676768,4,type_i,False,False
Qwen3.5-4B,relation_decision,0,ee605735-a11e-448c-b944-085859379827,gpt4_59149c77,2,1,True,False,0.5,212,93,0,0.4386792452830189,3,type_i,False,False
Qwen3.5-4B,relation_decision,0,94443fb7-8294-454e-b9b3-de72a1ecfd45,gpt4_59149c78,1,0,False,False,0.0,219,219,0,1.0,3,type_i,False,False
Qwen3.5-4B,relation_decision,0,f7ecd61c-391f-4e2c-a58f-72cdb25ef60e,gpt4_59c863d7,5,5,True,True,1.0,248,47,0,0.18951612903225806,4,type_i,False,False
Qwen3.5-4B,relation_decision,0,4916dc89-8a8c-4de5-9eef-64644bc2adb7,gpt4_5dcc0aab,1,0,False,False,0.0,248,193,0,0.7782258064516129,5,type_i,False,False
Qwen3.5-4B,relation_decision,0,c66dee47-fd68-43ef-8897-96bffbf68fad,gpt4_61e13b3c,2,2,True,True,1.0,211,101,0,0.4786729857819905,4,type_i,False,False
Qwen3.5-4B,relation_decision,0,59dc4e5f-8f55-4f75-add9-fb9783b035e1,gpt4_65aabe59,2,0,False,False,0.0,240,95,0,0.3958333333333333,5,type_i,False,False
Qwen3.5-4B,relation_decision,0,b9c7dd66-97f1-4bec-a7c5-bd75e6e2ba80,gpt4_68e94287,2,2,True,True,1.0,236,47,84,0.19915254237288135,4,type_i,True,False
Qwen3.5-4B,relation_decision,0,bad03f75-8124-45c3-a0f0-70b6d6381630,gpt4_68e94288,1,1,True,True,1.0,235,137,0,0.5829787234042553,5,type_i,False,False
Qwen3.5-4B,relation_decision,0,3e95684c-3574-49c5-a5c2-339589264c81,gpt4_6dc9b45b,1,1,True,True,1.0,230,125,0,0.5434782608695652,4,type_i,False,False
Qwen3.5-4B,relation_decision,0,da85c95c-e6c1-45d7-8c77-dcee3307ce15,gpt4_6ed717ea,2,3,True,True,1.5,255,102,0,0.4,5,type_i,False,False
Qwen3.5-4B,relation_decision,0,b84d8dcd-6915-403e-b172-c4da95c9a619,gpt4_70e84552,2,3,True,True,1.5,216,48,0,0.2222222222222222,4,type_i,False,False
Qwen3.5-4B,relation_decision,0,097efbdb-df21-4ddc-b0d1-b9727afbe377,gpt4_731e37d7,4,3,True,False,0.75,214,45,0,0.2102803738317757,4,type_i,False,False
Qwen3.5-4B,relation_decision,0,20a552ef-080b-45bc-b4a2-2ddda5874db1,gpt4_74aed68e,2,2,True,True,1.0,234,125,0,0.5341880341880342,4,type_i,False,False
Qwen3.5-4B,relation_decision,0,a6bfbbc2-1bf7-4d59-8c2e-27e4a829b504,gpt4_76048e76,2,1,True,False,0.5,254,108,0,0.4251968503937008,5,type_i,False,False
Qwen3.5-4B,relation_decision,0,75d0ff29-cd6f-45ad-a818-0709a69090ee,gpt4_78cf46a3,2,1,True,False,0.5,240,185,0,0.7708333333333334,5,type_i,False,False
Qwen3.5-4B,relation_decision,0,cd1b7d28-0bd7-42ba-b086-1066f1041fbc,gpt4_7a0daae1,2,1,True,False,0.5,231,126,0,0.5454545454545454,4,type_i,False,False
Qwen3.5-4B,relation_decision,0,ad5f0281-307d-4909-a430-fe81c37c60b9,gpt4_7abb270c,6,0,False,False,0.0,254,77,0,0.3031496062992126,5,type_i,False,False
Qwen3.5-4B,relation_decision,0,e2714b81-75d0-4f70-a236-e376570be698,gpt4_7bc6cf22,1,1,True,True,1.0,221,157,0,0.7104072398190046,4,type_i,False,False
Qwen3.5-4B,relation_decision,0,4f49dec5-649f-448a-9a68-9ccf7862fe9f,gpt4_7ca326fa,3,3,True,True,1.0,251,54,0,0.2151394422310757,5,type_i,False,False
Qwen3.5-4B,relation_decision,0,4786f000-6caa-4257-9fe2-e055d3478ac2,gpt4_7ddcf75f,1,1,True,True,1.0,252,105,0,0.4166666666666667,5,type_i,False,False
Qwen3.5-4B,relation_decision,0,09e721c8-4f33-4e1c-9e87-eb399dd7322f,gpt4_7de946e7,2,2,True,True,1.0,254,0,64,0.0,5,type_i,True,False
Qwen3.5-4B,relation_decision,0,698fccde-b16a-4acf-a78c-378838ee6a4b,gpt4_7f6b06db,3,0,False,False,0.0,251,160,0,0.6374501992031872,5,type_i,False,False
Qwen3.5-4B,relation_decision,0,a35842ce-dc9f-40df-adcf-bc1ca557fa20,gpt4_7fce9456,5,4,True,False,0.8,230,0,57,0.0,4,type_i,True,False
Qwen3.5-4B,relation_decision,0,d1f1221d-aaca-4755-8712-f46528bbd968,gpt4_8279ba02,1,1,True,True,1.0,233,95,0,0.40772532188841204,5,type_i,False,False
Qwen3.5-4B,relation_decision,0,c74b6ee9-cafe-470f-80dc-2d7b6784865e,gpt4_8279ba03,1,0,False,False,0.0,256,153,0,0.59765625,5,type_i,False,False
Qwen3.5-4B,relation_decision,0,bf99b90b-fc35-480a-88df-f0edb11d660c,gpt4_85da3956,1,1,True,True,1.0,213,106,0,0.49765258215962443,4,type_i,False,False
Qwen3.5-4B,relation_decision,0,dbd18363-f3e3-460e-ba67-f5ed5e6cebd0,gpt4_88806d6e,2,2,True,True,1.0,222,129,0,0.581081081081081,5,type_i,False,False
Qwen3.5-4B,relation_decision,0,c159488f-0ad4-4855-a6c2-86425aea2e67,gpt4_8c8961ae,2,2,True,True,1.0,239,53,0,0.2217573221757322,5,type_i,False,False
Qwen3.5-4B,relation_decision,0,f83309a3-ebec-4304-aefa-672e9a1e4641,gpt4_8e165409,2,1,True,False,0.5,215,103,0,0.4790697674418605,4,type_i,False,False
Qwen3.5-4B,relation_decision,0,8ebbaa53-c801-4d88-a374-a522b2162da4,gpt4_93159ced,2,2,True,True,1.0,248,96,0,0.3870967741935484,5,type_i,False,False
Qwen3.5-4B,relation_decision,0,43780a6a-87f4-407a-b129-132f92abc630,gpt4_93f6379c,2,1,True,False,0.5,225,171,0,0.76,4,type_i,False,False
Qwen3.5-4B,relation_decision,0,52d20618-31b3-4b48-8d80-55344b2d3d58,gpt4_98f46fc6,2,2,True,True,1.0,240,48,0,0.2,5,type_i,False,False
Qwen3.5-4B,relation_decision,0,edc9a943-eb10-4214-9db3-4ac72fbd769c,gpt4_9a159967,3,2,True,False,0.6666666666666666,234,91,0,0.3888888888888889,5,type_i,False,False
Qwen3.5-4B,relation_decision,0,549f8a73-e300-4cf7-8626-ded8f067fc8a,gpt4_a1b77f9c,6,3,True,False,0.5,224,45,0,0.20089285714285715,4,type_i,False,False
Qwen3.5-4B,relation_decision,0,35c46d41-0cfd-45fe-b093-3a59c67c977c,gpt4_a2d1d1f6,1,1,True,True,1.0,190,129,0,0.6789473684210526,3,type_i,False,False
Qwen3.5-4B,relation_decision,0,45d2094d-109b-4e9a-aa21-37d33ee1be91,gpt4_a56e767c,4,2,True,False,0.5,234,143,50,0.6111111111111112,5,type_i,True,False
Qwen3.5-4B,relation_decision,0,2633d76d-1537-42d8-a2f1-8777e5c1b281,gpt4_ab202e7f,5,3,True,False,0.6,244,91,0,0.3729508196721312,5,type_i,False,False
Qwen3.5-4B,relation_decision,0,f363e06e-c74b-4062-b7a0-da5649b9cd47,gpt4_af6db32f,1,1,True,True,1.0,237,95,0,0.4008438818565401,5,type_i,False,False
Qwen3.5-4B,relation_decision,0,dbb05a6e-b9b6-479c-a008-4f80e33ac346,gpt4_b0863698,1,0,False,False,0.0,255,205,0,0.803921568627451,5,type_i,False,False
Qwen3.5-4B,relation_decision,0,8d6e22a0-9782-4fe2-a54a-bf22fa08eb42,gpt4_b4a80587,2,2,True,True,1.0,223,107,0,0.4798206278026906,4,type_i,False,False
Qwen3.5-4B,relation_decision,0,d689b6e9-ecca-4e1a-9895-d42487ba6de2,gpt4_b5700ca0,1,1,True,True,1.0,217,160,0,0.7373271889400922,4,type_i,False,False
Qwen3.5-4B,relation_decision,0,bf5ca9b0-51f3-40ac-a40b-16804c2c7f92,gpt4_b5700ca9,1,1,True,True,1.0,237,141,0,0.5949367088607594,4,type_i,False,False
Qwen3.5-4B,relation_decision,0,3be1a7e7-804c-4880-933d-d6e14b27efbe,gpt4_c27434e8,2,2,True,True,1.0,242,49,0,0.2024793388429752,4,type_i,False,False
Qwen3.5-4B,relation_decision,0,8e328926-0232-4160-a42f-9eed54a49c17,gpt4_cd90e484,2,1,True,False,0.5,218,162,0,0.7431192660550459,4,type_i,False,False
Qwen3.5-4B,relation_decision,0,ab68bb2b-c7b3-4c28-8fad-c77ad4957a8a,gpt4_d12ceb0e,6,2,True,False,0.3333333333333333,254,168,0,0.6614173228346457,5,type_i,False,False
Qwen3.5-4B,relation_decision,0,c8c78165-5c03-49f5-bf3a-81ca39f00227,gpt4_d31cdae3,2,1,True,False,0.5,219,99,0,0.4520547945205479,4,type_i,False,False
Qwen3.5-4B,relation_decision,0,d65aa4fb-b6b2-4b83-b96e-7eaa82fee443,gpt4_d6585ce8,5,1,True,False,0.2,234,130,0,0.5555555555555556,5,type_i,False,False
Qwen3.5-4B,relation_decision,0,b0a2d0d9-6ffa-4b2d-bb77-5446ed3f629f,gpt4_d6585ce9,1,0,False,False,0.0,242,242,0,1.0,5,type_i,False,False
Qwen3.5-4B,relation_decision,0,7a9c5ae4-bcc4-4945-83d4-785297508938,gpt4_d84a3211,3,2,True,False,0.6666666666666666,217,90,0,0.4147465437788018,4,type_i,False,False
Qwen3.5-4B,relation_decision,0,5e73c7de-d24c-4912-bb5a-4fade2711d40,gpt4_d9af6064,1,1,True,True,1.0,254,147,0,0.5787401574803149,5,type_i,False,False
Qwen3.5-4B,relation_decision,0,13d253b0-70d9-478a-b4ef-8ac98a2a89f1,gpt4_e05b82a6,6,4,True,False,0.6666666666666666,251,46,0,0.18326693227091634,5,type_i,False,False
Qwen3.5-4B,relation_decision,0,7e9c72c3-7fae-4ac5-8c09-5c53eeaa37c9,gpt4_e061b84f,3,0,False,False,0.0,206,206,0,1.0,4,type_i,False,False
Qwen3.5-4B,relation_decision,0,23fb8e4b-bced-4bf3-b960-12355fbca3b4,gpt4_e061b84g,1,1,True,True,1.0,219,163,0,0.7442922374429224,4,type_i,False,False
Qwen3.5-4B,relation_decision,0,187a96ec-69b1-4af8-8af8-99066b0bfae0,gpt4_e072b769,1,1,True,True,1.0,218,125,0,0.573394495412844,4,type_i,False,False
Qwen3.5-4B,relation_decision,0,b4ae4749-a304-4bd0-ba7e-c82a690632fe,gpt4_e414231e,2,1,True,False,0.5,206,151,0,0.7330097087378641,4,type_i,False,False
Qwen3.5-4B,relation_decision,0,a999458e-b747-4bae-acd6-fdcbeda16a74,gpt4_e414231f,1,0,False,False,0.0,251,54,0,0.2151394422310757,5,type_i,False,False
Qwen3.5-4B,relation_decision,0,5173988d-039d-425a-9472-e00b79310502,gpt4_ec93e27f,2,1,True,False,0.5,235,143,0,0.6085106382978723,5,type_i,False,False
Qwen3.5-4B,relation_decision,0,1d5a9032-aa9f-4f63-bbfc-abdcc0cec577,gpt4_f2262a51,3,0,False,False,0.0,245,245,0,1.0,5,type_i,False,False
Qwen3.5-4B,relation_decision,0,7f6487cb-622a-403b-b5eb-0eb8b697ca5e,gpt4_f420262c,4,2,True,False,0.5,247,144,0,0.582995951417004,5,type_i,False,False
Qwen3.5-4B,relation_decision,0,050e0643-aa3e-4e92-aaad-7fc23748a973,gpt4_f420262d,1,1,True,True,1.0,228,177,0,0.7763157894736842,5,type_i,False,False
Qwen3.5-4B,relation_decision,0,b7a7a6b2-1f2f-47b3-93e2-38629165d950,gpt4_f49edff3,3,3,True,True,1.0,223,56,0,0.25112107623318386,4,type_i,False,False
Qwen3.5-4B,relation_decision,0,d882f2ba-ec82-461b-8a6b-f82adb474f4d,gpt4_fa19884c,2,1,True,False,0.5,219,161,0,0.7351598173515982,4,type_i,False,False
Qwen3.5-4B,relation_decision,0,6bf750cc-24e3-4e11-ba20-dfbecfe9d079,gpt4_fa19884d,1,0,False,False,0.0,217,217,0,1.0,4,type_i,False,False
Qwen3.5-4B,relation_decision,0,3fda734c-9023-4286-a86f-ebb03a4c04de,gpt4_fe651585,2,2,True,True,1.0,212,112,0,0.5283018867924528,4,type_i,False,False
Qwen3.5-4B,evermemos,0,c173141b-2b5d-424e-a184-9c595c6caa2b,001be529,1,0,False,False,0.0,226,155,0,0.6858407079646017,4,type_i,False,True
Qwen3.5-4B,evermemos,0,67c785fd-b152-4f56-9b64-ee48bafcca4e,00ca467f,2,1,True,False,0.5,255,196,0,0.7686274509803922,5,type_i,False,False
Qwen3.5-4B,evermemos,0,77df5602-6b49-48a6-aa53-1696386def42,0100672e,2,1,True,False,0.5,255,126,0,0.49411764705882355,5,type_i,False,False
Qwen3.5-4B,evermemos,0,1fcfdc17-a482-4d25-8560-8060c1e0f055,01493427,2,0,False,False,0.0,253,253,0,1.0,5,type_ii,False,True
Qwen3.5-4B,evermemos,0,afd53f5d-a910-4809-9f49-1f92d91f205c,031748ae,2,1,True,False,0.5,225,46,0,0.20444444444444446,3,type_ii,False,False
Qwen3.5-4B,evermemos,0,01694d0c-7085-4b05-9513-b433aa47a27e,06878be2,1,0,False,False,0.0,218,218,0,1.0,5,type_i,False,True
Qwen3.5-4B,evermemos,0,2737a228-efad-43c8-9992-2a7fceea408a,06db6396,2,0,False,False,0.0,220,44,0,0.2,5,type_ii,False,True
Qwen3.5-4B,evermemos,0,8530efe5-292c-4252-92bb-294b6bf859e1,06f04340,3,0,False,False,0.0,216,216,0,1.0,4,type_i,False,True
Qwen3.5-4B,evermemos,0,5d5c2fa1-bccb-478d-852d-418b4c18684c,07741c44,2,0,False,False,0.0,239,239,0,1.0,5,type_ii,False,True
Qwen3.5-4B,evermemos,0,1685c6c5-a80c-4a6c-a79e-7e9ab990b594,07741c45,2,0,False,False,0.0,235,235,0,1.0,5,type_ii,False,True
Qwen3.5-4B,evermemos,0,a4a9e505-bede-46f7-82e3-23aecc93df7c,078150f1,2,0,False,False,0.0,231,132,0,0.5714285714285714,4,type_i,False,True
Qwen3.5-4B,evermemos,0,f89600d2-fd30-4a3b-872e-021a20f8aa54,07b6f563,1,0,False,False,0.0,245,177,0,0.7224489795918367,5,type_i,False,False
Qwen3.5-4B,evermemos,0,731a1390-5ad1-4f42-a458-fffae3439141,0862e8bf,1,0,False,False,0.0,250,250,0,1.0,6,type_i,False,True
Qwen3.5-4B,evermemos,0,6c89b116-06fd-4095-97ab-113c41edc302,08e075c7,1,0,False,False,0.0,247,247,0,1.0,5,type_ii,False,True
Qwen3.5-4B,evermemos,0,0764d171-4df8-4bc4-977f-9f3c836c302f,08f4fc43,2,0,False,False,0.0,214,214,0,1.0,4,type_i,False,True
Qwen3.5-4B,evermemos,0,91136fd2-8291-44a3-9463-2a5c1670de40,0977f2af,2,1,True,False,0.5,244,135,0,0.5532786885245902,5,type_ii,False,False
Qwen3.5-4B,evermemos,0,cb166cb1-bfd8-44c7-b153-d26f97989e6c,099778bb,2,1,True,False,0.5,214,92,0,0.42990654205607476,4,type_i,False,False
Qwen3.5-4B,evermemos,0,6a3ee968-7090-416a-b436-e1807bbfa9fc,09ba9854,2,2,True,True,1.0,235,48,0,0.20425531914893616,4,type_i,False,False
Qwen3.5-4B,evermemos,0,f8aa86dd-670b-42d8-9929-7e1ecaf337eb,09d032c9,2,0,False,False,0.0,255,255,0,1.0,5,type_i,False,True
Qwen3.5-4B,evermemos,0,5b88c82a-e4dd-4ba9-bc0c-438bafb2af50,0a34ad58,2,0,False,False,0.0,224,139,0,0.6205357142857143,4,type_i,False,True
Qwen3.5-4B,evermemos,0,8e8dfad9-4e72-44ad-80f9-9ee34527ea44,0a995998,3,0,False,False,0.0,228,228,0,1.0,5,type_i,False,True
Qwen3.5-4B,evermemos,0,d1664d66-b2b4-46a9-a4d5-04479fcd9d93,0bb5a684,2,1,True,False,0.5,214,0,0,0.0,4,type_i,False,False
Qwen3.5-4B,evermemos,0,6998f7c2-7d1c-4fcd-85b8-40719a29e395,0bc8ad92,2,0,False,False,0.0,234,234,0,1.0,5,type_i,False,True
Qwen3.5-4B,evermemos,0,90265e41-a6e8-4db1-8839-1d8b6e3a7ec1,0bc8ad93,1,0,False,False,0.0,245,245,0,1.0,5,type_i,False,True
Qwen3.5-4B,evermemos,0,5c96ffba-9867-4716-a433-134bfd37f0e7,0db4c65d,2,1,True,False,0.5,246,55,0,0.22357723577235772,4,type_i,False,False
Qwen3.5-4B,evermemos,0,3ee0860b-6c64-444f-a7fe-9de87fd42ad3,0ddfec37,2,0,False,False,0.0,256,256,0,1.0,5,type_ii,False,True
Qwen3.5-4B,evermemos,0,b2121489-7df4-4528-9b44-3258beebe829,0e4e4c46,2,0,False,False,0.0,248,198,0,0.7983870967741935,5,type_ii,False,True
Qwen3.5-4B,evermemos,0,800ed4e3-3fdd-4a98-81a8-5d366924f0ea,0e5e2d1a,1,1,True,True,1.0,219,53,0,0.2420091324200913,3,type_i,False,False
Qwen3.5-4B,evermemos,0,2b56a8bc-cd35-4679-96c1-7661b10963c4,0ea62687,2,1,True,False,0.5,200,45,0,0.225,3,type_i,False,False
Qwen3.5-4B,evermemos,0,89aa2e16-cd5e-49ef-b378-21a6239db2a6,0edc2aef,1,0,False,False,0.0,228,228,0,1.0,5,type_i,False,False
Qwen3.5-4B,evermemos,0,e7be70aa-6f46-4426-9cee-a68ac23e2f43,0f05491a,2,1,True,False,0.5,233,52,0,0.22317596566523606,3,type_ii,False,False
Qwen3.5-4B,evermemos,0,f66b9294-cb8f-41e4-8f60-518b01814048,10d9b85a,3,0,False,False,0.0,254,254,0,1.0,5,type_i,False,True
Qwen3.5-4B,evermemos,0,cfe15d7d-74ac-462e-b088-2703809cbdf9,10e09553,2,0,False,False,0.0,252,252,0,1.0,5,type_ii,False,True
Qwen3.5-4B,evermemos,0,329ecd04-a0c3-4bed-84dd-b0471869929d,118b2229,1,1,True,True,1.0,228,95,0,0.4166666666666667,4,type_i,False,False
Qwen3.5-4B,evermemos,0,a73ff9b8-7b4c-4e18-8731-493217775fce,1192316e,2,2,True,True,1.0,241,124,0,0.5145228215767634,5,type_i,False,False
Qwen3.5-4B,evermemos,0,f66e9e83-c283-4ccf-9e36-0d38f28ab86d,129d1232,3,0,False,False,0.0,246,135,0,0.5487804878048781,4,type_i,False,True
Qwen3.5-4B,evermemos,0,f6e77432-c7e4-4837-89d7-9ec779718346,1568498a,1,0,False,False,0.0,228,228,0,1.0,4,type_i,False,True
Qwen3.5-4B,evermemos,0,21934ed3-5b92-4e42-976a-5a3fea70d827,15745da0,1,0,False,False,0.0,245,146,0,0.5959183673469388,4,type_i,False,True
Qwen3.5-4B,evermemos,0,e6480499-87b4-400d-9349-89f8375289dd,157a136e,2,0,False,False,0.0,219,219,0,1.0,5,type_i,False,True
Qwen3.5-4B,evermemos,0,73cd326b-fdbb-49fb-8eed-9802b8a6eaa5,16c90bf4,1,1,True,True,1.0,239,104,0,0.4351464435146444,4,type_i,False,False
Qwen3.5-4B,evermemos,0,d677ccef-6fde-46ff-92c6-addd767b6803,184da446,2,0,False,False,0.0,209,209,0,1.0,4,type_ii,False,True
Qwen3.5-4B,evermemos,0,e7920a20-2bc6-442e-9bc7-333e861a6782,18bc8abd,2,1,True,False,0.5,201,144,0,0.7164179104477612,4,type_ii,False,False
Qwen3.5-4B,evermemos,0,2d3ef47c-2f5e-43bf-848d-3400ea57b247,18dcd5a5,1,1,True,True,1.0,222,60,0,0.2702702702702703,3,type_i,False,False
Qwen3.5-4B,evermemos,0,f63440d1-23df-4ca6-b4b5-78cf8df47f68,1903aded,1,1,True,True,1.0,246,94,0,0.3821138211382114,4,type_i,False,False
Qwen3.5-4B,evermemos,0,2d5ca7af-fa79-4b64-8c52-96d8de0b4b9d,195a1a1b,1,0,False,False,0.0,231,231,0,1.0,5,type_i,False,False
Qwen3.5-4B,evermemos,0,2c7e0d4d-6a6c-417c-ac9e-f275585493cc,19b5f2b3,1,0,False,False,0.0,229,229,0,1.0,5,type_i,False,True
Qwen3.5-4B,evermemos,0,b7d57339-1633-4130-afcb-647b70b03da4,1a1907b4,1,0,False,False,0.0,228,228,0,1.0,5,type_i,False,True
Qwen3.5-4B,evermemos,0,e29ae8f7-cdc8-4f6b-8b00-aa1f39b58c04,1a8a66a6,3,0,False,False,0.0,217,155,0,0.7142857142857143,4,type_i,False,False
Qwen3.5-4B,evermemos,0,c27c2f63-fa1f-4b26-b09c-41cd7b51718a,1b9b7252,1,1,True,True,1.0,218,41,0,0.18807339449541285,3,type_i,False,False
Qwen3.5-4B,evermemos,0,145890bf-0cb9-42bd-bdee-29ca2daba1db,1c0ddc50,4,0,False,False,0.0,232,232,0,1.0,5,type_i,False,True
Qwen3.5-4B,evermemos,0,99ba3cd0-9f8b-4f98-8c38-ccadfb53f939,1c549ce4,2,0,False,False,0.0,229,229,0,1.0,5,type_i,False,True
Qwen3.5-4B,evermemos,0,01a74ca6-9cc4-472d-bdab-9cfea477ed36,1cea1afa,2,0,False,False,0.0,217,217,0,1.0,5,type_ii,False,True
Qwen3.5-4B,evermemos,0,29295a67-be68-4e0d-8d4a-bb9e6289be50,1d4da289,1,1,True,True,1.0,248,130,0,0.5241935483870968,5,type_i,False,False
Qwen3.5-4B,evermemos,0,f321a3c0-6590-4506-bc10-f1c02f157e87,1d4e3b97,2,0,False,False,0.0,204,104,0,0.5098039215686274,3,type_i,False,True
Qwen3.5-4B,evermemos,0,27e55708-9d39-4ac5-8fdf-1f278d9e8450,1da05512,2,0,False,False,0.0,225,225,0,1.0,5,type_i,False,False
Qwen3.5-4B,evermemos,0,fb7eac72-84fb-40b6-abac-7e49f4c50ace,1de5cff2,1,1,True,True,1.0,230,178,0,0.7739130434782608,5,type_i,False,False
Qwen3.5-4B,evermemos,0,7d83c3ed-24e7-4ccf-9303-a7372562c7de,1e043500,1,0,False,False,0.0,230,142,0,0.6173913043478261,4,type_i,False,True
Qwen3.5-4B,evermemos,0,f221b545-5950-407d-98d2-683306ea0062,1f2b8d4f,2,1,True,False,0.5,239,46,0,0.19246861924686193,4,type_i,False,False
Qwen3.5-4B,evermemos,0,47abdc78-efad-45ce-8d6d-306ec846cc0d,1faac195,1,1,True,True,1.0,243,202,0,0.831275720164609,5,type_i,False,False
Qwen3.5-4B,evermemos,0,cc435466-292f-418a-8b84-4a4716e8bf5a,2133c1b5,2,0,False,False,0.0,213,48,0,0.22535211267605634,3,type_ii,False,True
Qwen3.5-4B,evermemos,0,b2e38bc1-e0f9-46bd-be2f-fb1f26bccad2,21436231,1,1,True,True,1.0,210,160,0,0.7619047619047619,4,type_i,False,False
Qwen3.5-4B,evermemos,0,f3027fc6-d5a3-47b1-8fa1-2c6545af9dc8,21d02d0d,2,2,True,True,1.0,246,49,0,0.1991869918699187,4,type_i,False,False
Qwen3.5-4B,evermemos,0,a13f3869-559d-4ec9-8dd0-261c60c5906f,22d2cb42,1,0,False,False,0.0,239,196,0,0.8200836820083682,5,type_ii,False,True
Qwen3.5-4B,evermemos,0,125bea9e-73ae-4d8e-bee8-21c9b2915614,2311e44b,2,1,True,False,0.5,235,94,0,0.4,4,type_i,False,False
Qwen3.5-4B,evermemos,0,c59fc060-5273-407d-954b-a48eb93d5834,2318644b,2,1,True,False,0.5,218,0,0,0.0,3,type_i,False,False
Qwen3.5-4B,evermemos,0,6c1f533b-4890-4fe5-9fad-8f7484c86bf3,25e5aa4f,1,1,True,True,1.0,234,129,0,0.5512820512820513,5,type_i,False,False
Qwen3.5-4B,evermemos,0,dea79f58-5c59-483f-81ee-777a881361b9,2698e78f,2,0,False,False,0.0,250,85,0,0.34,4,type_ii,False,True
Qwen3.5-4B,evermemos,0,2a9fe001-ae1b-4063-87a3-046cde0f05c3,26bdc477,2,0,False,False,0.0,251,251,0,1.0,5,type_ii,False,True
Qwen3.5-4B,evermemos,0,5b176939-ceb4-4e64-84d0-6d95a0440dd7,27016adc,2,0,False,False,0.0,209,209,0,1.0,4,type_i,False,True
Qwen3.5-4B,evermemos,0,2e7a4af7-b80f-4eda-9df2-b816ad740ed6,2788b940,5,0,False,False,0.0,209,209,0,1.0,4,type_i,False,True
Qwen3.5-4B,evermemos,0,206e1dc0-e224-4f21-9edb-87a817849373,28bcfaac,1,0,False,False,0.0,244,151,0,0.6188524590163934,4,type_i,False,True
Qwen3.5-4B,evermemos,0,9dc85466-349b-4eca-a129-eb30b15dd19e,28dc39ac,5,0,False,False,0.0,212,140,0,0.660377358490566,4,type_i,False,True
Qwen3.5-4B,evermemos,0,7dca224b-4b9f-4c1a-89fc-43757df966c1,29f2956b,1,0,False,False,0.0,231,231,0,1.0,4,type_i,False,True
Qwen3.5-4B,evermemos,0,c87979c2-1f7e-4e13-9dba-38c9dc5cafe3,2a1811e2,2,0,False,False,0.0,209,209,0,1.0,4,type_i,False,True
Qwen3.5-4B,evermemos,0,948e997e-2de4-4df6-af42-4eacdaa2fbdd,2b8f3739,3,0,False,False,0.0,221,86,0,0.3891402714932127,3,type_i,False,True
Qwen3.5-4B,evermemos,0,c2fa2909-a443-422e-8fe1-f387e311b1a0,2bf43736,1,1,True,True,1.0,237,58,0,0.24472573839662448,3,type_i,False,False
Qwen3.5-4B,evermemos,0,fa37881e-fc18-4a68-ba3f-edc8360c6184,2c63a862,2,0,False,False,0.0,255,255,0,1.0,5,type_i,False,True
Qwen3.5-4B,evermemos,0,e77d00b8-d218-4480-be88-a97339674ddb,2ce6a0f2,4,0,False,False,0.0,221,221,0,1.0,5,type_i,False,True
Qwen3.5-4B,evermemos,0,8b02d300-804b-4dee-9995-6330c349de82,2e6d26dc,5,0,False,False,0.0,226,54,0,0.23893805309734514,3,type_i,False,True
Qwen3.5-4B,evermemos,0,64ff3a39-b136-4dbb-8b26-788848cd19db,2ebe6c90,2,2,True,True,1.0,214,0,0,0.0,3,type_i,False,False
Qwen3.5-4B,evermemos,0,e536323d-c73a-46b8-9189-d41f8e5b7e6f,2ebe6c92,2,0,False,False,0.0,252,252,0,1.0,5,type_i,False,True
Qwen3.5-4B,evermemos,0,9ee1697c-8908-4fbe-88b3-ed60cba51dc9,311778f1,1,0,False,False,0.0,203,125,0,0.6157635467980296,3,type_i,False,True
Qwen3.5-4B,evermemos,0,9ef3c446-55e9-4c25-a6a2-c5857cb93946,32260d93,1,0,False,False,0.0,229,172,0,0.7510917030567685,5,type_i,False,False
Qwen3.5-4B,evermemos,0,bfa69cc3-b801-4f58-81ae-6d357b04bedc,3249768e,1,0,False,False,0.0,218,218,0,1.0,4,type_i,False,True
Qwen3.5-4B,evermemos,0,67e0628a-1eee-40ed-bd18-6f4c7f2aadcc,352ab8bd,1,1,True,True,1.0,252,59,0,0.23412698412698413,3,type_i,False,False
Qwen3.5-4B,evermemos,0,1c73178c-97ce-4c84-b6db-bf5ddbf316e2,35a27287,2,0,False,False,0.0,230,230,0,1.0,5,type_i,False,True
Qwen3.5-4B,evermemos,0,62f5c32a-117d-4a76-b587-b3bbfeb106d4,36580ce8,1,0,False,False,0.0,228,228,0,1.0,5,type_i,False,True
Qwen3.5-4B,evermemos,0,92c2df25-cd46-45dd-a979-3c36cb5aa6c4,36b9f61e,3,0,False,False,0.0,210,138,0,0.6571428571428571,4,type_i,False,True
Qwen3.5-4B,evermemos,0,f54cdf49-5752-48df-b8ce-156fc8339405,370a8ff4,2,1,True,False,0.5,243,52,0,0.2139917695473251,4,type_i,False,False
Qwen3.5-4B,evermemos,0,abb38a88-df08-48eb-90ce-930e96f4600d,37d43f65,1,1,True,True,1.0,250,96,0,0.384,4,type_i,False,False
Qwen3.5-4B,evermemos,0,2e90eff8-0d33-4c1f-801b-57ef06007b34,37f165cf,2,1,True,False,0.5,237,101,0,0.42616033755274263,4,type_i,False,False
Qwen3.5-4B,evermemos,0,e38482fa-b871-4833-9496-9c13ee327194,38146c39,2,0,False,False,0.0,255,201,0,0.788235294117647,5,type_i,False,True
Qwen3.5-4B,evermemos,0,c597e88f-e135-4314-adb1-e8b66a25bcc7,3a704032,3,0,False,False,0.0,240,240,0,1.0,5,type_i,False,True
Qwen3.5-4B,evermemos,0,5fb074d9-fe36-408b-8cf2-b80370036fff,3b6f954b,1,0,False,False,0.0,221,221,0,1.0,5,type_i,False,True
Qwen3.5-4B,evermemos,0,29ec17f4-deef-4a82-a2f6-03bb9ad3171b,3ba21379,1,0,False,False,0.0,218,170,0,0.7798165137614679,5,type_ii,False,True
Qwen3.5-4B,evermemos,0,e8444951-efca-4915-8c05-514bc98d8536,3c1045c8,2,0,False,False,0.0,228,228,0,1.0,5,type_i,False,True
Qwen3.5-4B,evermemos,0,8c51cb70-b376-448f-a828-d6f86cb22d37,3d86fd0a,1,1,True,True,1.0,218,174,0,0.7981651376146789,5,type_i,False,False
Qwen3.5-4B,evermemos,0,8f521aee-c3eb-43de-9db7-e3a62ef9a630,3e321797,1,0,False,False,0.0,206,116,0,0.5631067961165048,3,type_i,False,True
Qwen3.5-4B,evermemos,0,6b726144-8651-4ccd-8a3f-e4c6bdc31f34,3f1e9474,1,0,False,False,0.0,232,232,0,1.0,5,type_i,False,True
Qwen3.5-4B,evermemos,0,e8da42ed-0f99-4438-b9c0-609d60ca12dd,3fdac837,2,0,False,False,0.0,230,230,0,1.0,5,type_i,False,True
Qwen3.5-4B,evermemos,0,9c969664-85c9-4101-ada8-56a08990ee5b,3fe836c9,2,0,False,False,0.0,240,240,0,1.0,5,type_i,False,False
Qwen3.5-4B,evermemos,0,4899b6ba-5dc1-4dcb-a991-39bdb7ddf51c,4100d0a0,1,0,False,False,0.0,221,221,0,1.0,5,type_i,False,False
Qwen3.5-4B,evermemos,0,01714c5a-b394-4de4-9a7e-3be9de655f0b,41275add,1,1,True,True,1.0,220,0,0,0.0,2,type_i,False,False
Qwen3.5-4B,evermemos,0,206ae6d9-b36c-41fe-9d7d-5c8b082b0cf5,41698283,2,0,False,False,0.0,238,238,0,1.0,5,type_ii,False,True
Qwen3.5-4B,evermemos,0,1caed7e6-d163-43dd-b8c6-00730ba747d3,42ec0761,2,0,False,False,0.0,192,152,0,0.7916666666666666,4,type_ii,False,True
Qwen3.5-4B,evermemos,0,61d1fc44-0ca0-49a7-b64c-f2f44c2244ce,4388e9dd,1,0,False,False,0.0,246,246,0,1.0,5,type_i,False,True
Qwen3.5-4B,evermemos,0,7ca74350-bc64-49ba-8d06-645e41c99114,45dc21b6,2,0,False,False,0.0,215,215,0,1.0,5,type_ii,False,True
Qwen3.5-4B,evermemos,0,f477bdc4-3f51-4e8a-a846-d5e822937a41,46a3abf7,3,0,False,False,0.0,254,183,0,0.7204724409448819,5,type_i,False,True
Qwen3.5-4B,evermemos,0,8433f2c7-2840-495a-9a78-4252cec9f75f,488d3006,1,0,False,False,0.0,239,239,0,1.0,4,type_i,False,True
Qwen3.5-4B,evermemos,0,e30e3f52-74e1-432c-bfc7-88a4de49e459,4adc0475,2,2,True,True,1.0,223,0,0,0.0,3,type_i,False,False
Qwen3.5-4B,evermemos,0,047440dc-477f-4ea4-ad3d-39949324fe80,4b24c848,2,0,False,False,0.0,210,210,0,1.0,5,type_ii,False,True
Qwen3.5-4B,evermemos,0,20c4bf50-1603-4097-878d-eb055fbee6ab,4baee567,1,1,True,True,1.0,252,113,0,0.44841269841269843,4,type_i,False,False
Qwen3.5-4B,evermemos,0,3c73b785-add4-4f7c-b750-3dc5a512cb45,4bc144e2,2,1,True,False,0.5,215,83,0,0.386046511627907,4,type_i,False,False
Qwen3.5-4B,evermemos,0,6c65e399-db9c-4bc6-a7e1-313af181864b,4c36ccef,1,0,False,False,0.0,215,139,0,0.6465116279069767,4,type_i,False,True
Qwen3.5-4B,evermemos,0,c64e2cc7-8c60-478b-a266-e9c695db8b80,4d6b87c8,2,0,False,False,0.0,225,180,0,0.8,5,type_ii,False,True
Qwen3.5-4B,evermemos,0,8c381455-0095-4a17-b421-504de0a9e246,4dfccbf7,2,0,False,False,0.0,249,177,0,0.7108433734939759,5,type_i,False,True
Qwen3.5-4B,evermemos,0,67797d2e-ef26-401c-898d-359ede41bf10,4dfccbf8,1,0,False,False,0.0,225,132,0,0.5866666666666667,4,type_i,False,True
Qwen3.5-4B,evermemos,0,9e168126-933c-460e-bf5f-972fb65746d0,4f54b7c9,5,0,False,False,0.0,227,227,0,1.0,5,type_i,False,True
Qwen3.5-4B,evermemos,0,7844331e-c0ef-45f4-b3de-26f6393a9f5f,4fd1909e,1,0,False,False,0.0,230,230,0,1.0,5,type_i,False,True
Qwen3.5-4B,evermemos,0,89106fd4-066d-4a27-a0bd-ebe58fc6527d,5025383b,2,0,False,False,0.0,231,231,0,1.0,5,type_i,False,True
Qwen3.5-4B,evermemos,0,ca7393e0-9a64-4ec5-9f2e-a39e8c80a7ab,505af2f5,3,1,True,False,0.3333333333333333,247,184,0,0.7449392712550608,5,type_i,False,False
Qwen3.5-4B,evermemos,0,a0900915-c26b-463a-96ea-6eda1de47899,50635ada,1,0,False,False,0.0,256,174,0,0.6796875,5,type_ii,False,True
Qwen3.5-4B,evermemos,0,30187ef4-edb2-45e9-bd78-d02fd63e7781,51a45a95,1,1,True,True,1.0,241,39,0,0.16182572614107885,4,type_i,False,False
Qwen3.5-4B,evermemos,0,28ab5097-2cff-493a-8b1d-9427c9d8a925,51b23612,1,1,True,True,1.0,251,190,0,0.7569721115537849,5,type_i,False,False
Qwen3.5-4B,evermemos,0,7519b440-683a-45be-8f7b-663950ee371a,51c32626,1,1,True,True,1.0,233,94,0,0.4034334763948498,4,type_i,False,False
Qwen3.5-4B,evermemos,0,6e49bbfa-d7e2-4dc7-ac05-27a68ca30f0c,54026fce,1,0,False,False,0.0,246,180,0,0.7317073170731707,5,type_i,False,False
Qwen3.5-4B,evermemos,0,fada485e-c299-4696-b484-f747a4c3decc,545bd2b5,1,1,True,True,1.0,231,167,0,0.7229437229437229,4,type_i,False,False
Qwen3.5-4B,evermemos,0,a1c4c936-a762-408b-a92b-877835d534a1,55241a1f,2,0,False,False,0.0,234,184,0,0.7863247863247863,5,type_i,False,False
Qwen3.5-4B,evermemos,0,bcecda4e-9a0b-4333-b2d4-bb30ba787d2e,561fabcd,1,1,True,True,1.0,207,91,0,0.4396135265700483,4,type_i,False,False
Qwen3.5-4B,evermemos,0,7a476879-d052-42a7-ba0a-91297fbad7bb,577d4d32,1,0,False,False,0.0,240,240,0,1.0,5,type_i,False,True
Qwen3.5-4B,evermemos,0,61efc212-ad33-4dc0-a57f-13ec2844501b,57f827a0,1,0,False,False,0.0,224,224,0,1.0,4,type_i,False,False
Qwen3.5-4B,evermemos,0,8c682be6-5454-403a-b7ca-7ea0e6393119,5809eb10,1,0,False,False,0.0,212,109,0,0.5141509433962265,3,type_i,False,True
Qwen3.5-4B,evermemos,0,79c7de50-2b40-4347-a324-325eb12299ba,5831f84d,2,0,False,False,0.0,237,237,0,1.0,5,type_ii,False,True
Qwen3.5-4B,evermemos,0,42151af5-f627-4dfc-8f84-70981ebe935e,58470ed2,1,1,True,True,1.0,214,48,0,0.22429906542056074,3,type_i,False,False
Qwen3.5-4B,evermemos,0,526dcaf6-74e4-4b71-8aee-b569c9a3e6a0,58bf7951,1,0,False,False,0.0,252,252,0,1.0,5,type_i,False,True
Qwen3.5-4B,evermemos,0,d3eb1600-db98-4498-a436-c0af9042c8e1,58ef2f1c,1,0,False,False,0.0,216,139,0,0.6435185185185185,4,type_i,False,True
Qwen3.5-4B,evermemos,0,e3ee35c8-7b2e-4207-8031-d3898fc0fe69,59524333,2,0,False,False,0.0,93,93,0,1.0,2,type_ii,False,True
Qwen3.5-4B,evermemos,0,c3c3eb74-999f-4c45-9016-2080c1522bdb,5a4f22c0,1,1,True,True,1.0,213,141,0,0.6619718309859155,4,type_ii,False,False
Qwen3.5-4B,evermemos,0,7d975007-b2a1-4647-b69d-c50c9e0fdd0b,5a7937c8,3,0,False,False,0.0,215,139,0,0.6465116279069767,4,type_i,False,True
Qwen3.5-4B,evermemos,0,2f326770-f443-4f39-85df-24b5c548faed,5c40ec5b,1,0,False,False,0.0,229,229,0,1.0,5,type_ii,False,True
Qwen3.5-4B,evermemos,0,9e56379b-11d6-4e31-a8ae-4f4af72982fd,5d3d2817,1,0,False,False,0.0,232,232,0,1.0,5,type_i,False,False
Qwen3.5-4B,evermemos,0,2fe1c72b-f046-42cd-8752-1b0b48a578a3,5e1b23de,1,1,True,True,1.0,220,97,0,0.4409090909090909,4,type_i,False,False
Qwen3.5-4B,evermemos,0,b963ee67-e99d-4a09-89c9-926d8814d9aa,60036106,2,0,False,False,0.0,205,140,0,0.6829268292682927,4,type_i,False,False
Qwen3.5-4B,evermemos,0,0ceef3fd-4e4d-41ff-8fec-27c93581c2cb,60159905,3,0,False,False,0.0,234,157,0,0.6709401709401709,4,type_i,False,True
Qwen3.5-4B,evermemos,0,04b2f60a-a0cf-43af-bc8d-ed0ead2147bf,603deb26,2,0,False,False,0.0,246,105,0,0.4268292682926829,3,type_ii,False,True
Qwen3.5-4B,evermemos,0,2d04bda8-ec5f-4028-b4fc-0de82a1d8384,60472f9c,3,0,False,False,0.0,216,216,0,1.0,5,type_i,False,True
Qwen3.5-4B,evermemos,0,217969c2-2a59-4197-84d9-35ef13e8a418,6071bd76,2,0,False,False,0.0,212,54,0,0.25471698113207547,2,type_ii,False,True
Qwen3.5-4B,evermemos,0,1d3dba10-acd3-444f-97b5-52b40a740099,60bf93ed,1,0,False,False,0.0,251,141,0,0.5617529880478087,4,type_i,False,True
Qwen3.5-4B,evermemos,0,ebed30bc-a32b-466e-a37d-a51c53bd2969,60d45044,1,0,False,False,0.0,213,136,0,0.6384976525821596,4,type_i,False,True
Qwen3.5-4B,evermemos,0,51cf13aa-2a1e-4bf8-8789-d117b5e1a114,618f13b2,2,0,False,False,0.0,245,151,0,0.6163265306122448,4,type_ii,False,True
Qwen3.5-4B,evermemos,0,19431c25-4689-4fbe-8c5e-51f9ea9f6392,61f8c8f8,2,2,True,True,1.0,234,0,0,0.0,3,type_i,False,False
Qwen3.5-4B,evermemos,0,ba5c7b6c-37f0-4d8e-b6d1-2f75b66375d5,6222b6eb,1,0,False,False,0.0,231,147,0,0.6363636363636364,4,type_i,False,True
Qwen3.5-4B,evermemos,0,4739bccb-6009-4d4d-bbe8-1d63378770d8,6456829e,2,0,False,False,0.0,220,132,0,0.6,4,type_i,False,True
Qwen3.5-4B,evermemos,0,c7c7e0d6-37af-44bd-b15b-b164121d781d,65240037,1,1,True,True,1.0,239,108,0,0.45188284518828453,4,type_i,False,False
Qwen3.5-4B,evermemos,0,367f5a88-0774-4d08-a580-7ae9260b24f3,6613b389,2,0,False,False,0.0,230,230,0,1.0,5,type_i,False,True
Qwen3.5-4B,evermemos,0,9da3b696-1a0c-41a9-b022-59d1df0b7802,66f24dbb,2,1,True,False,0.5,218,172,0,0.7889908256880734,5,type_i,False,False
Qwen3.5-4B,evermemos,0,fe7b4b28-1557-430b-be9c-3f5efdfb5793,67e0d0f2,2,0,False,False,0.0,242,242,0,1.0,5,type_i,False,True
Qwen3.5-4B,evermemos,0,7de79f1c-6a0e-448d-8829-99a72990743b,681a1674,2,0,False,False,0.0,230,148,0,0.6434782608695652,4,type_i,False,True
Qwen3.5-4B,evermemos,0,aa080c0a-9326-443c-aa2a-ba49247875ea,69fee5aa,2,0,False,False,0.0,250,250,0,1.0,5,type_ii,False,True
Qwen3.5-4B,evermemos,0,c38ad49a-da03-4548-a6a5-87e2a3e18f37,6a1eabeb,2,0,False,False,0.0,213,213,0,1.0,4,type_ii,False,True
Qwen3.5-4B,evermemos,0,d11fc4ca-1882-459e-9c50-c0156a28b773,6a27ffc2,2,0,False,False,0.0,243,243,0,1.0,5,type_ii,False,True
Qwen3.5-4B,evermemos,0,8e93c38e-946c-46c9-b90d-cf08a9ba08b3,6ade9755,1,0,False,False,0.0,248,248,0,1.0,6,type_i,False,True
Qwen3.5-4B,evermemos,0,a623a1fc-9fb2-46ac-8384-616ec9e2403a,6ae235be,1,1,True,True,1.0,210,150,0,0.7142857142857143,4,type_i,False,False
Qwen3.5-4B,evermemos,0,dfa3ceaa-1f1e-48bd-b64b-e04209568fd8,6aeb4375,2,0,False,False,0.0,217,177,0,0.815668202764977,5,type_ii,False,True
Qwen3.5-4B,evermemos,0,ef621f57-cae3-43cf-97c2-ad2676a5e2d0,6b168ec8,1,0,False,False,0.0,218,218,0,1.0,5,type_i,False,True
Qwen3.5-4B,evermemos,0,7518cdb5-8b0c-443f-ac81-20007410bb10,6b7dfb22,5,0,False,False,0.0,220,220,0,1.0,5,type_i,False,True
Qwen3.5-4B,evermemos,0,b5f837c9-7e45-4c53-8841-0518e42e015a,6c49646a,2,0,False,False,0.0,253,183,0,0.7233201581027668,5,type_i,False,True
Qwen3.5-4B,evermemos,0,a55d6edb-77cc-40e7-b379-c65f28271151,6cb6f249,2,1,True,False,0.5,233,56,0,0.24034334763948498,3,type_i,False,False
Qwen3.5-4B,evermemos,0,0c4a8909-4a19-4dcb-92f6-e22cde93fde1,6d550036,2,0,False,False,0.0,256,198,0,0.7734375,6,type_i,False,False
Qwen3.5-4B,evermemos,0,cc6d5c5f-b0da-406b-81df-b09905664439,6e984301,2,0,False,False,0.0,202,202,0,1.0,4,type_i,False,True
Qwen3.5-4B,evermemos,0,ac5faf63-ca4b-40c5-84e6-5e0a4f33e61f,6e984302,1,0,False,False,0.0,206,206,0,1.0,4,type_i,False,False
Qwen3.5-4B,evermemos,0,d1fd1997-8922-47c0-b397-0b0efeed3633,6f9b354f,1,1,True,True,1.0,215,53,0,0.24651162790697675,3,type_i,False,False
Qwen3.5-4B,evermemos,0,05942610-5b45-47b2-bc4e-5d4d0f8ce7ea,7024f17c,1,1,True,True,1.0,232,177,0,0.7629310344827587,5,type_i,False,False
Qwen3.5-4B,evermemos,0,23c0991c-0b79-440c-a5dc-af147c43e73a,70b3e69b,1,1,True,True,1.0,255,194,0,0.7607843137254902,5,type_i,False,False
Qwen3.5-4B,evermemos,0,75f74b8a-e3b1-4ea2-a5cb-0af5aa1a6292,71017276,1,0,False,False,0.0,235,235,0,1.0,4,type_i,False,True
Qwen3.5-4B,evermemos,0,934fa6fe-1249-4099-9b13-ac815129e699,71017277,2,0,False,False,0.0,224,135,0,0.6026785714285714,4,type_i,False,True
Qwen3.5-4B,evermemos,0,d9c1b9bf-04e9-4f8d-be47-61456db218eb,71315a70,2,0,False,False,0.0,240,191,0,0.7958333333333333,5,type_ii,False,True
Qwen3.5-4B,evermemos,0,fa592da8-500b-4fa7-abd1-b7c8c6a9cc72,7161e7e2,1,1,True,True,1.0,252,112,0,0.4444444444444444,4,type_i,False,False
Qwen3.5-4B,evermemos,0,76a1c4f0-d6fb-4f08-ae58-04190bad96ae,71a3fd6b,1,1,True,True,1.0,244,46,0,0.1885245901639344,3,type_i,False,False
Qwen3.5-4B,evermemos,0,345a5ea9-2edf-4cc1-aa7e-791e41932d20,720133ac,2,2,True,True,1.0,252,134,0,0.5317460317460317,5,type_i,False,False
Qwen3.5-4B,evermemos,0,47c5aa50-3f9b-44a9-b97d-ab48d6ffe94b,726462e0,1,1,True,True,1.0,215,149,0,0.6930232558139535,4,type_i,False,False
Qwen3.5-4B,evermemos,0,f99c143a-54f7-477e-b68a-1926cb697ab3,72e3ee87,2,0,False,False,0.0,243,243,0,1.0,5,type_ii,False,True
Qwen3.5-4B,evermemos,0,9474ada3-7620-47b5-8a7d-a4bc86c4cce2,73d42213,2,0,False,False,0.0,226,226,0,1.0,4,type_i,False,True
Qwen3.5-4B,evermemos,0,770c25da-8997-4db9-8cec-926396956907,7401057b,2,0,False,False,0.0,244,192,0,0.7868852459016393,5,type_ii,False,True
Qwen3.5-4B,evermemos,0,d38843b4-9c14-442e-bade-8b1fed756b5e,7405e8b1,2,1,True,False,0.5,218,97,0,0.44495412844036697,4,type_i,False,False
Qwen3.5-4B,evermemos,0,23385bf1-c4f8-476a-9c15-1d425f8188a2,7527f7e2,1,0,False,False,0.0,133,133,0,1.0,3,type_i,False,False
Qwen3.5-4B,evermemos,0,2fdc9fee-fb74-4b71-87f6-9a5996b0a79a,75499fd8,1,0,False,False,0.0,219,219,0,1.0,5,type_i,False,False
Qwen3.5-4B,evermemos,0,0305e0b5-7860-43ff-bdf6-df158a6f5f9b,75832dbd,2,0,False,False,0.0,212,212,0,1.0,5,type_i,False,False
Qwen3.5-4B,evermemos,0,729f915a-ed3e-4a34-9916-2abebee6a423,75f70248,1,0,False,False,0.0,228,228,0,1.0,5,type_i,False,False
Qwen3.5-4B,evermemos,0,0c974d98-7fcd-4fef-91df-b3f06e6ea30c,76d63226,1,0,False,False,0.0,244,244,0,1.0,5,type_i,False,True
Qwen3.5-4B,evermemos,0,2a59831a-0c77-45f6-8dfd-df2176f72bf4,778164c6,1,1,True,True,1.0,245,83,0,0.33877551020408164,4,type_i,False,False
Qwen3.5-4B,evermemos,0,a8f243df-8f6c-403b-8169-816c48525553,77eafa52,2,0,False,False,0.0,252,178,0,0.7063492063492064,5,type_i,False,True
Qwen3.5-4B,evermemos,0,487b652b-e28c-4dd3-929e-d49da094919c,7a87bd0c,2,0,False,False,0.0,243,243,0,1.0,5,type_ii,False,True
Qwen3.5-4B,evermemos,0,8670bba2-df05-4094-9b29-55cdc0de1375,7a8d0b71,1,1,True,True,1.0,229,46,0,0.20087336244541484,3,type_i,False,False
Qwen3.5-4B,evermemos,0,39b5b399-520a-445f-addf-56493fa6d598,7e00a6cb,1,0,False,False,0.0,214,214,0,1.0,4,type_i,False,True
Qwen3.5-4B,evermemos,0,bb0fa2d3-c566-4517-aff3-5025a6394731,7e974930,2,0,False,False,0.0,232,232,0,1.0,5,type_ii,False,True
Qwen3.5-4B,evermemos,0,6d83f67b-ecfb-49c2-bb9a-213eda00306e,8077ef71,1,0,False,False,0.0,237,153,0,0.6455696202531646,4,type_i,False,True
Qwen3.5-4B,evermemos,0,7d3b14c0-4d3a-4b13-b299-2996771dc719,80ec1f4f,2,0,False,False,0.0,244,244,0,1.0,5,type_i,False,False
Qwen3.5-4B,evermemos,0,3a9b24d8-deac-40bd-b7f4-282c4ce05c8e,81507db6,3,0,False,False,0.0,216,216,0,1.0,5,type_i,False,True
Qwen3.5-4B,evermemos,0,dfa908c8-a331-4d5c-9aa7-60b5650d39d2,830ce83f,2,0,False,False,0.0,217,217,0,1.0,5,type_ii,False,True
Qwen3.5-4B,evermemos,0,f4418894-b1f9-4476-82eb-1d9bd5722f31,8464fc84,1,1,True,True,1.0,225,95,0,0.4222222222222222,4,type_i,False,False
Qwen3.5-4B,evermemos,0,23bf26d2-93e3-4b93-9e57-615040bad4da,852ce960,2,0,False,False,0.0,206,206,0,1.0,4,type_ii,False,True
Qwen3.5-4B,evermemos,0,c3d00e4e-27b9-4ef2-98eb-bd4ae82f7d9b,853b0a1d,1,0,False,False,0.0,238,238,0,1.0,5,type_i,False,True
Qwen3.5-4B,evermemos,0,aa64d5fb-a6a6-42de-b882-0d459286a09b,8550ddae,1,0,False,False,0.0,239,239,0,1.0,5,type_i,False,True
Qwen3.5-4B,evermemos,0,5821411a-9666-4e6b-973c-cfb32738efa5,85fa3a3f,4,2,True,False,0.5,213,0,0,0.0,3,type_i,False,False
Qwen3.5-4B,evermemos,0,65c01363-be47-4672-ab02-fd84bfc183ef,86b68151,1,0,False,False,0.0,254,206,0,0.8110236220472441,5,type_i,False,False
Qwen3.5-4B,evermemos,0,90b402a2-e6aa-4a37-9d67-1629fe7e7bc6,86f00804,1,0,False,False,0.0,252,252,0,1.0,6,type_i,False,False
Qwen3.5-4B,evermemos,0,42b506bc-aff7-49e3-af90-032521532ff0,8752c811,1,0,False,False,0.0,149,149,0,1.0,3,type_i,False,True
Qwen3.5-4B,evermemos,0,c642e18c-eb88-4e51-9939-494b36ceca25,87f22b4a,2,0,False,False,0.0,225,225,0,1.0,5,type_i,False,True
Qwen3.5-4B,evermemos,0,767e239c-ace3-4b06-be9e-c9fe2a8e97ea,88432d0a,4,0,False,False,0.0,207,52,0,0.25120772946859904,2,type_i,False,True
Qwen3.5-4B,evermemos,0,f43882a9-c075-4b76-a0f1-63a37f2731ae,89527b6b,3,2,True,False,0.6666666666666666,240,44,0,0.18333333333333332,4,type_i,False,False
Qwen3.5-4B,evermemos,0,e183c429-89b2-4b54-90cf-4e0d7f9bedc3,8979f9ec,2,0,False,False,0.0,239,239,0,1.0,5,type_i,False,True
Qwen3.5-4B,evermemos,0,4e3e22d8-4a09-404c-b190-9415bf927c19,89941a93,2,0,False,False,0.0,256,93,0,0.36328125,3,type_ii,False,True
Qwen3.5-4B,evermemos,0,395db416-2319-41d5-ac5c-6b264b20d7ee,89941a94,1,0,False,False,0.0,241,241,0,1.0,5,type_ii,False,True
Qwen3.5-4B,evermemos,0,f0daf1b6-7b05-4e3f-a82d-3a04d42cb8a1,8a137a7f,1,1,True,True,1.0,214,87,0,0.40654205607476634,4,type_i,False,False
Qwen3.5-4B,evermemos,0,24501fe5-b206-40d1-8df4-ef9b33083afc,8a2466db,1,0,False,False,0.0,214,214,0,1.0,5,type_i,False,False
Qwen3.5-4B,evermemos,0,80c2ad3e-dbe2-4847-80ba-d68bd08b717b,8aef76bc,1,1,True,True,1.0,230,98,0,0.4260869565217391,4,type_i,False,False
Qwen3.5-4B,evermemos,0,1d603e16-0d44-425b-b4a2-9a3dffd1dd76,8b9d4367,1,1,True,True,1.0,214,140,0,0.6542056074766355,4,type_i,False,False
Qwen3.5-4B,evermemos,0,db95e79d-e6a8-4f74-b1db-89f2f98614fd,8c18457d,2,0,False,False,0.0,204,204,0,1.0,4,type_i,False,True
Qwen3.5-4B,evermemos,0,2c2cb60b-6014-46cb-bfc0-0c4d61be174d,8cf4d046,2,0,False,False,0.0,231,231,0,1.0,5,type_i,False,True
Qwen3.5-4B,evermemos,0,6024e6ea-e5e7-45d5-83d6-ef9180307ccd,8cf51dda,3,2,True,False,0.6666666666666666,241,0,0,0.0,3,type_i,False,False
Qwen3.5-4B,evermemos,0,ab9aab69-e811-42de-9d53-efcc95c31a19,8e91e7d9,2,0,False,False,0.0,242,242,0,1.0,6,type_i,False,True
Qwen3.5-4B,evermemos,0,815b1a1a-d856-4060-9a32-c7dee3bd4235,8e9d538c,1,0,False,False,0.0,242,145,0,0.5991735537190083,4,type_i,False,True
Qwen3.5-4B,evermemos,0,ff4f09c2-8e76-4aea-8e5e-eb5e46e55c66,8ebdbe50,1,0,False,False,0.0,225,225,0,1.0,5,type_i,False,False
Qwen3.5-4B,evermemos,0,96d5c4d9-e021-46d7-a42d-09b024b94288,8fb83627,2,0,False,False,0.0,216,216,0,1.0,5,type_ii,False,True
Qwen3.5-4B,evermemos,0,c609d026-ea03-4033-b3d4-6335e0fe2f37,91b15a6e,2,2,True,True,1.0,244,52,0,0.21311475409836064,4,type_i,False,False
Qwen3.5-4B,evermemos,0,b2c28e01-9511-450c-8931-c3d44aa9209a,92a0aa75,2,0,False,False,0.0,231,231,0,1.0,5,type_i,False,True
Qwen3.5-4B,evermemos,0,e03e1896-7056-4bff-b5d1-f72e50c4ed93,945e3d21,2,0,False,False,0.0,228,228,0,1.0,5,type_ii,False,True
Qwen3.5-4B,evermemos,0,2c350959-757a-4305-86fb-d3c13b4afc50,94f70d80,1,1,True,True,1.0,225,98,0,0.43555555555555553,4,type_i,False,False
Qwen3.5-4B,evermemos,0,6ec7fa20-4f33-4d97-954b-e166066040ae,95228167,1,0,False,False,0.0,201,145,0,0.7213930348258707,4,type_i,False,False
Qwen3.5-4B,evermemos,0,8f70a385-18ba-4416-afca-81f7e352c9eb,95bcc1c8,1,0,False,False,0.0,252,252,0,1.0,5,type_i,False,False
Qwen3.5-4B,evermemos,0,133394bc-c41d-4dbf-adcd-06a24fd339bd,982b5123,1,0,False,False,0.0,225,225,0,1.0,5,type_i,False,True
Qwen3.5-4B,evermemos,0,d12fed01-0d43-46d6-bfed-fb4186b7c33d,993da5e2,2,0,False,False,0.0,250,198,0,0.792,5,type_i,False,True
Qwen3.5-4B,evermemos,0,332c5196-159a-49ee-9ce6-1b1aad82a732,9a707b81,2,1,True,False,0.5,234,90,0,0.38461538461538464,4,type_i,False,False
Qwen3.5-4B,evermemos,0,a4d6a10d-d4f6-488e-a793-4773fcd19e87,9a707b82,1,0,False,False,0.0,240,240,0,1.0,5,type_i,False,False
Qwen3.5-4B,evermemos,0,7d44177d-7fda-42fe-8137-2013e42874e7,9aaed6a3,2,0,False,False,0.0,250,250,0,1.0,5,type_i,False,True
Qwen3.5-4B,evermemos,0,6efa5dc7-8408-4c8d-9694-85d89de16643,9bbe84a2,2,0,False,False,0.0,233,233,0,1.0,5,type_ii,False,True
Qwen3.5-4B,evermemos,0,63a71733-18b9-4151-bb44-70284045673a,9d25d4e0,3,0,False,False,0.0,219,101,0,0.4611872146118721,3,type_i,False,True
Qwen3.5-4B,evermemos,0,00ca8952-66be-4269-834a-4c058f6fb938,9ea5eabc,2,0,False,False,0.0,256,213,0,0.83203125,6,type_ii,False,True
Qwen3.5-4B,evermemos,0,b04c4a08-a3e3-4c45-9cc4-d1ebbccc7e01,9ee3ecd6,2,1,True,False,0.5,222,59,0,0.26576576576576577,3,type_i,False,False
Qwen3.5-4B,evermemos,0,214db36f-f4e8-487e-9d0a-6a08de668ab4,a06e4cfe,1,1,True,True,1.0,203,118,0,0.5812807881773399,3,type_i,False,False
Qwen3.5-4B,evermemos,0,da7306c5-6327-40c3-b506-befc6d45bd68,a08a253f,2,0,False,False,0.0,196,196,0,1.0,4,type_i,False,True
Qwen3.5-4B,evermemos,0,f882916b-84fb-47ae-a5d7-1aceb798eb86,a11281a2,2,1,True,False,0.5,251,49,0,0.1952191235059761,3,type_i,False,False
Qwen3.5-4B,evermemos,0,cf4a3e4f-6021-4216-bf90-64edf8cb5fab,a1cc6108,3,1,True,False,0.3333333333333333,256,204,0,0.796875,6,type_i,False,False
Qwen3.5-4B,evermemos,0,6926fa7e-0ef8-47b5-82db-cc4dcbca1255,a1eacc2a,2,0,False,False,0.0,234,234,0,1.0,5,type_ii,False,True
Qwen3.5-4B,evermemos,0,6bf61860-3f3f-46c6-9e78-18b43d733132,a2f3aa27,2,0,False,False,0.0,223,223,0,1.0,5,type_ii,False,True
Qwen3.5-4B,evermemos,0,948d3deb-7cf9-424d-bcfe-05caf7212393,a3045048,2,0,False,False,0.0,237,237,0,1.0,5,type_i,False,True
Qwen3.5-4B,evermemos,0,ac641315-f1c0-4937-86f9-0edcd383d0e6,a3332713,2,0,False,False,0.0,222,180,0,0.8108108108108109,5,type_i,False,False
Qwen3.5-4B,evermemos,0,bc72e671-37f6-40b5-b515-7b950659d285,a346bb18,2,1,True,False,0.5,214,144,0,0.6728971962616822,4,type_i,False,False
Qwen3.5-4B,evermemos,0,1eb0ca3b-9d29-4d70-a67d-b2a4c97eaec4,a3838d2b,5,1,True,False,0.2,195,144,0,0.7384615384615385,4,type_i,False,False
Qwen3.5-4B,evermemos,0,a5e4abef-11ce-47c0-a921-5ceb7f4de9e2,a40e080f,3,1,True,False,0.3333333333333333,216,49,0,0.22685185185185186,3,type_i,False,False
Qwen3.5-4B,evermemos,0,6807c722-4bc7-47a8-a8d3-30164aaa0ced,a4996e51,2,1,True,False,0.5,230,52,0,0.22608695652173913,3,type_i,False,False
Qwen3.5-4B,evermemos,0,dc1b9880-70d0-48b9-b345-bf7699c9f459,a82c026e,1,0,False,False,0.0,239,239,0,1.0,5,type_i,False,False
Qwen3.5-4B,evermemos,0,1fabe84d-fe6f-439e-bfe2-94eb2501f789,a89d7624,2,0,False,False,0.0,239,239,0,1.0,5,type_i,False,True
Qwen3.5-4B,evermemos,0,7dd6bac2-c8cf-40ea-91dc-aa99adda7599,a96c20ee,1,1,True,True,1.0,233,184,0,0.7896995708154506,5,type_i,False,False
Qwen3.5-4B,evermemos,0,a2298104-2c47-4336-8cc8-aa5c29b8b08f,a9f6b44c,2,2,True,True,1.0,226,43,0,0.1902654867256637,4,type_i,False,False
Qwen3.5-4B,evermemos,0,f925018c-25d6-4419-a1bf-b3027bbdd323,aae3761f,3,0,False,False,0.0,231,142,0,0.6147186147186147,4,type_i,False,True
Qwen3.5-4B,evermemos,0,e4512088-37a8-492d-9ac1-c67d35bfacc0,ac031881,1,0,False,False,0.0,194,194,0,1.0,4,type_i,False,True
Qwen3.5-4B,evermemos,0,6c7d248a-8ebe-42c2-927f-3880882538ce,ad7109d1,1,0,False,False,0.0,232,232,0,1.0,5,type_i,False,True
Qwen3.5-4B,evermemos,0,85c744f7-5922-4f13-a8dc-f0e0cd7f94ca,af082822,1,1,True,True,1.0,211,46,0,0.21800947867298578,3,type_i,False,False
Qwen3.5-4B,evermemos,0,7d68c540-ec6a-4ece-a009-0124b9f54455,af8d2e46,1,0,False,False,0.0,225,225,0,1.0,4,type_i,False,True
Qwen3.5-4B,evermemos,0,d6a91e26-b9d8-4ee8-9e38-026ad46337fd,afdc33df,2,0,False,False,0.0,231,178,0,0.7705627705627706,5,type_i,False,True
Qwen3.5-4B,evermemos,0,d09c6820-5ba4-4824-ad0f-c55b51c3b5de,affe2881,2,2,True,True,1.0,213,91,0,0.4272300469483568,4,type_ii,False,False
Qwen3.5-4B,evermemos,0,348732d0-fbfe-465f-b47e-c1f33dcee8e0,b01defab,1,0,False,False,0.0,251,251,0,1.0,5,type_ii,False,True
Qwen3.5-4B,evermemos,0,4b721411-9aeb-496c-ac33-d1a5755d34ae,b0479f84,1,0,False,False,0.0,252,145,0,0.5753968253968254,4,type_i,False,True
Qwen3.5-4B,evermemos,0,fb5cebd5-bfa4-48e2-a257-f3131ae67600,b29f3365,2,0,False,False,0.0,221,148,0,0.669683257918552,4,type_i,False,True
Qwen3.5-4B,evermemos,0,6953add0-8720-43d0-8780-9782bff22ffb,b320f3f8,1,0,False,False,0.0,241,147,0,0.6099585062240664,5,type_i,False,False
Qwen3.5-4B,evermemos,0,0424facf-99ad-4ca1-88db-4f9420d09bad,b3c15d39,2,1,True,False,0.5,231,96,0,0.4155844155844156,4,type_i,False,False
Qwen3.5-4B,evermemos,0,9b24e063-1772-48b4-829a-174536d381f4,b46e15ed,2,0,False,False,0.0,228,228,0,1.0,5,type_i,False,True
Qwen3.5-4B,evermemos,0,5bb46f42-f6e2-48d7-aebf-8372e77491f3,b46e15ee,1,0,False,False,0.0,243,243,0,1.0,5,type_i,False,True
Qwen3.5-4B,evermemos,0,c38f61f3-1eaf-4514-9a7e-0f0b9433de21,b5ef892d,2,2,True,True,1.0,214,105,0,0.49065420560747663,4,type_i,False,False
Qwen3.5-4B,evermemos,0,08e92f39-cfd4-4083-b668-ed44a76afcdf,b6019101,2,0,False,False,0.0,238,238,0,1.0,5,type_ii,False,True
Qwen3.5-4B,evermemos,0,09539ad3-1cd0-4b25-8b7b-ca9519ddff1f,b6025781,2,0,False,False,0.0,226,168,0,0.7433628318584071,5,type_i,False,True
Qwen3.5-4B,evermemos,0,08576bad-cfbd-4bd7-bd64-5ee3bbc2b0f4,b759caee,1,0,False,False,0.0,214,159,0,0.7429906542056075,4,type_i,False,False
Qwen3.5-4B,evermemos,0,2eddd562-90fe-416f-b1a3-1ffbf2a5dcb3,b86304ba,1,1,True,True,1.0,218,163,0,0.7477064220183486,4,type_i,False,False
Qwen3.5-4B,evermemos,0,01f8933b-ad95-4cf3-b19a-9f8635c2c0d1,b9cfe692,2,0,False,False,0.0,256,180,0,0.703125,4,type_i,False,True
Qwen3.5-4B,evermemos,0,3e6e608f-bcdc-463f-a564-b6b7078e6d30,ba358f49,2,1,True,False,0.5,216,92,0,0.42592592592592593,4,type_i,False,False
Qwen3.5-4B,evermemos,0,6a19ea24-df95-46c1-a677-08ea3f7cf346,ba61f0b9,2,0,False,False,0.0,245,96,0,0.39183673469387753,3,type_ii,False,True
Qwen3.5-4B,evermemos,0,7d651c4d-78d7-4311-9de1-5de39e1b46a0,bb7c3b45,2,0,False,False,0.0,222,222,0,1.0,5,type_i,False,True
Qwen3.5-4B,evermemos,0,3089b713-f249-4200-9308-92ae781579b2,bbf86515,2,0,False,False,0.0,239,239,0,1.0,4,type_i,False,True
Qwen3.5-4B,evermemos,0,20312127-bac6-4046-9729-b914f82a37e3,bc149d6b,2,1,True,False,0.5,236,179,0,0.7584745762711864,5,type_i,False,False
Qwen3.5-4B,evermemos,0,6cc08de2-7dae-4480-ac4a-354dd75b6174,bc8a6e93,1,0,False,False,0.0,252,252,0,1.0,5,type_i,False,True
Qwen3.5-4B,evermemos,0,5a1c54e5-72af-470a-af58-3cf5ef6bd8dd,bcbe585f,1,1,True,True,1.0,218,159,0,0.7293577981651376,4,type_i,False,False
Qwen3.5-4B,evermemos,0,bb7e6d3e-8af6-44f1-b85e-ff9ccdefce13,bf659f65,3,0,False,False,0.0,222,222,0,1.0,5,type_i,False,True
Qwen3.5-4B,evermemos,0,b8e93668-afd5-4a55-b9f4-87a9d36d233e,c14c00dd,1,0,False,False,0.0,233,130,0,0.5579399141630901,4,type_i,False,True
Qwen3.5-4B,evermemos,0,68acf422-454d-4ad3-b7ce-be8ebda19921,c18a7dc8,2,0,False,False,0.0,247,175,0,0.708502024291498,5,type_i,False,False
Qwen3.5-4B,evermemos,0,65d400af-79d9-44a1-989a-5e579ff2f2ac,c19f7a0b,1,0,False,False,0.0,244,175,0,0.7172131147540983,4,type_i,False,True
Qwen3.5-4B,evermemos,0,e32a65bb-cae3-438c-8863-fca98296f2d6,c2ac3c61,2,0,False,False,0.0,253,177,0,0.6996047430830039,5,type_i,False,True
Qwen3.5-4B,evermemos,0,cca8030d-a5e6-4ed4-85bb-4138546f42dc,c4a1ceb8,5,0,False,False,0.0,220,220,0,1.0,5,type_i,False,True
Qwen3.5-4B,evermemos,0,d5fdf6ef-ca50-4507-8942-5bf30f5683fd,c4ea545c,2,1,True,False,0.5,185,129,0,0.6972972972972973,4,type_ii,False,False
Qwen3.5-4B,evermemos,0,923218df-c7ff-4321-9064-cfcd0a7e70fc,c4f10528,1,1,True,True,1.0,231,100,0,0.4329004329004329,4,type_i,False,False
Qwen3.5-4B,evermemos,0,c3ce5b28-4b64-4054-bf26-8c94bd04a45e,c5e8278d,3,1,True,False,0.3333333333333333,252,133,0,0.5277777777777778,5,type_i,False,False
Qwen3.5-4B,evermemos,0,81adc3e9-8186-4671-bca6-3f2aed42b2a3,c6853660,2,0,False,False,0.0,220,92,0,0.41818181818181815,3,type_ii,False,True
Qwen3.5-4B,evermemos,0,d962e7e0-d325-4272-8f5e-5cbc7c99e020,c7cf7dfd,3,2,True,False,0.6666666666666666,220,0,0,0.0,3,type_i,False,False
Qwen3.5-4B,evermemos,0,9067b3ae-d3e3-4374-95ce-fd150ba992b7,c7dc5443,2,0,False,False,0.0,235,235,0,1.0,5,type_ii,False,True
Qwen3.5-4B,evermemos,0,5efc66e1-a110-4e03-975f-65e8e9d5b583,c8090214,2,2,True,True,1.0,254,55,0,0.21653543307086615,4,type_i,False,False
Qwen3.5-4B,evermemos,0,cb8e71f8-f4e7-4e55-baaf-9a5ea5f5fda2,c8c3f81d,1,0,False,False,0.0,216,171,0,0.7916666666666666,5,type_i,False,True
Qwen3.5-4B,evermemos,0,af5f8ec6-529c-4e7d-85b7-31ce85a52e5e,c8f1aeed,1,0,False,False,0.0,256,161,0,0.62890625,4,type_i,False,True
Qwen3.5-4B,evermemos,0,92d950f8-84de-438b-b334-2c10a60d2df8,c960da58,1,0,False,False,0.0,207,207,0,1.0,5,type_i,False,True
Qwen3.5-4B,evermemos,0,fd296397-6aee-4811-b186-01d5b3778f3a,c9f37c46,2,1,True,False,0.5,193,0,0,0.0,2,type_i,False,False
Qwen3.5-4B,evermemos,0,11a55f9a-b377-4746-bbb4-9dfabb6e9b1a,caf03d32,1,0,False,False,0.0,219,135,0,0.6164383561643836,4,type_i,False,True
Qwen3.5-4B,evermemos,0,d033a1f0-96ee-46f2-8fa7-2a2ca4113e4b,caf9ead2,1,0,False,False,0.0,251,190,0,0.7569721115537849,5,type_i,False,False
Qwen3.5-4B,evermemos,0,abe6c216-85e7-4294-bece-5f37fb43e1e1,cc06de0d,2,0,False,False,0.0,209,209,0,1.0,4,type_i,False,True
Qwen3.5-4B,evermemos,0,9664aeec-a2c0-4eac-8fff-1dbf20cea365,cc539528,1,1,True,True,1.0,216,145,0,0.6712962962962963,4,type_i,False,False
Qwen3.5-4B,evermemos,0,530159f1-dcde-470d-9364-c91b8ca0042b,cc5ded98,2,0,False,False,0.0,221,176,0,0.7963800904977375,5,type_ii,False,True
Qwen3.5-4B,evermemos,0,ae71852c-6dfa-4ed2-b8a0-23492c241730,cc6d1ec1,2,1,True,False,0.5,211,157,0,0.7440758293838863,4,type_i,False,False
Qwen3.5-4B,evermemos,0,030f92fe-f759-4eda-b725-50ece2935989,ccb36322,1,0,False,False,0.0,217,217,0,1.0,5,type_i,False,True
Qwen3.5-4B,evermemos,0,24aebf39-924d-4ff4-aa00-d861ce65d0c0,ce6d2d27,2,0,False,False,0.0,215,215,0,1.0,5,type_ii,False,True
Qwen3.5-4B,evermemos,0,ed04049d-877d-4b8f-af04-16fc5679477d,ceb54acb,1,1,True,True,1.0,235,154,0,0.6553191489361702,4,type_i,False,False
Qwen3.5-4B,evermemos,0,bd8878e1-d82a-4cdb-9457-d413e80ad61b,cf22b7bf,2,0,False,False,0.0,243,196,0,0.8065843621399177,5,type_ii,False,True
Qwen3.5-4B,evermemos,0,a34bc6e2-dd0a-441e-a8eb-239010bbdcf6,d01c6aa8,1,0,False,False,0.0,251,251,0,1.0,5,type_i,False,False
Qwen3.5-4B,evermemos,0,6967f3b0-afe3-4c03-97eb-39e369b6f201,d23cf73b,4,0,False,False,0.0,229,229,0,1.0,5,type_i,False,True
Qwen3.5-4B,evermemos,0,37bfe823-68c3-4e89-8527-064140e11c09,d24813b1,1,0,False,False,0.0,248,197,0,0.7943548387096774,5,type_i,False,True
Qwen3.5-4B,evermemos,0,670a2a62-0e7a-47cd-9ec9-ca33eeeed0f1,d3ab962e,2,0,False,False,0.0,227,227,0,1.0,5,type_i,False,True
Qwen3.5-4B,evermemos,0,014c72af-40a8-4ba8-a248-db3bc0e383e1,d52b4f67,1,1,True,True,1.0,190,133,0,0.7,4,type_i,False,False
Qwen3.5-4B,evermemos,0,fe58d41c-5c8f-4584-a02e-fa34867dfc83,d596882b,1,0,False,False,0.0,228,228,0,1.0,5,type_i,False,False
Qwen3.5-4B,evermemos,0,39c5c7ca-4f12-4985-b8d4-c2d16e5ae5c8,d6062bb9,2,1,True,False,0.5,256,95,0,0.37109375,4,type_i,False,False
Qwen3.5-4B,evermemos,0,d72aad0f-a9b6-4abb-bbf0-b991d0442c8c,d6233ab6,2,1,True,False,0.5,211,136,0,0.6445497630331753,4,type_i,False,False
Qwen3.5-4B,evermemos,0,cdc557a3-44a4-4ecb-90a9-acfc19cd37b8,d682f1a2,3,0,False,False,0.0,233,233,0,1.0,5,type_i,False,True
Qwen3.5-4B,evermemos,0,5aeb784f-e50a-465e-89f7-bf59aa7092d0,d7c942c3,2,0,False,False,0.0,241,241,0,1.0,5,type_ii,False,True
Qwen3.5-4B,evermemos,0,d48c864f-0611-4106-8799-6195a1c6c373,d851d5ba,4,0,False,False,0.0,223,223,0,1.0,5,type_i,False,True
Qwen3.5-4B,evermemos,0,4f1abf97-1055-46ac-a0f7-a2b480627b65,d905b33f,2,0,False,False,0.0,251,153,0,0.6095617529880478,4,type_i,False,True
Qwen3.5-4B,evermemos,0,a7f450b3-3ee0-43b8-b968-32970659bbd1,dad224aa,2,0,False,False,0.0,234,188,0,0.8034188034188035,5,type_ii,False,True
Qwen3.5-4B,evermemos,0,87d4c704-e019-46af-a516-c79a27721cd1,db467c8c,1,0,False,False,0.0,244,193,0,0.7909836065573771,5,type_ii,False,True
Qwen3.5-4B,evermemos,0,e2aa690a-6332-492e-80a6-5490be36d367,dc439ea3,1,0,False,False,0.0,223,151,0,0.6771300448430493,4,type_i,False,True
Qwen3.5-4B,evermemos,0,8161876a-1859-42da-8e5b-1834f5f421d9,dccbc061,1,0,False,False,0.0,251,251,0,1.0,6,type_i,False,False
Qwen3.5-4B,evermemos,0,3587e6c1-4b4b-4366-beca-1cc50eeb2bf8,dcfa8644,2,1,True,False,0.5,209,0,0,0.0,2,type_i,False,False
Qwen3.5-4B,evermemos,0,3287eff8-abd8-4fa4-a9ca-45c4d203cd94,dd2973ad,2,0,False,False,0.0,240,143,0,0.5958333333333333,3,type_i,False,False
Qwen3.5-4B,evermemos,0,8306ab13-1afe-44b5-b0b1-0b48adb9527a,dfde3500,2,1,True,False,0.5,230,87,0,0.3782608695652174,4,type_ii,False,False
Qwen3.5-4B,evermemos,0,afd2e386-85fd-4c5a-95cf-6283c533c3f9,e01b8e2f,1,0,False,False,0.0,246,188,0,0.7642276422764228,5,type_i,False,False
Qwen3.5-4B,evermemos,0,3242a8ad-11b2-4b22-a7d3-965570dfeb20,e25c3b8d,2,1,True,False,0.5,248,100,0,0.4032258064516129,4,type_i,False,False
Qwen3.5-4B,evermemos,0,cb63a61c-71df-4e03-a0c8-bcdc87817e5c,e3038f8c,4,0,False,False,0.0,218,218,0,1.0,5,type_i,False,True
Qwen3.5-4B,evermemos,0,8e476dfe-24dc-475e-a5c2-2b4607bb38c7,e3fc4d6e,1,0,False,False,0.0,255,255,0,1.0,4,type_i,False,True
Qwen3.5-4B,evermemos,0,f774b79d-c50d-4172-b5be-98aa6336e84c,e47becba,1,0,False,False,0.0,233,233,0,1.0,5,type_i,False,True
Qwen3.5-4B,evermemos,0,2c1c00b3-a296-4868-8357-f24258fd9a3f,e48988bc,1,0,False,False,0.0,237,237,0,1.0,5,type_i,False,False
Qwen3.5-4B,evermemos,0,c84c3af8-8d57-4698-8a89-c5fa96046949,e493bb7c,2,1,True,False,0.5,229,158,0,0.6899563318777293,4,type_ii,False,False
Qwen3.5-4B,evermemos,0,74ac4431-1d0c-4d5b-a844-564fdae23121,e4e14d04,2,1,True,False,0.5,253,196,0,0.7747035573122529,5,type_i,False,False
Qwen3.5-4B,evermemos,0,11dec1d9-1bcf-4cea-bdf9-1bc9e2103b45,e56a43b9,2,0,False,False,0.0,237,237,0,1.0,5,type_i,False,True
Qwen3.5-4B,evermemos,0,31d310c0-5cd9-48be-9a95-3167294f2689,e6041065,2,2,True,True,1.0,226,50,0,0.22123893805309736,4,type_i,False,False
Qwen3.5-4B,evermemos,0,8be40756-7ccc-4607-ae93-46dbd91853cf,e61a7584,2,1,True,False,0.5,242,46,0,0.19008264462809918,4,type_ii,False,False
Qwen3.5-4B,evermemos,0,9742ce87-14e8-491c-bc88-49d39560fd53,e66b632c,2,0,False,False,0.0,214,214,0,1.0,4,type_ii,False,True
Qwen3.5-4B,evermemos,0,249339ed-ded3-4707-84bc-26372108fbc4,e831120c,2,0,False,False,0.0,221,116,0,0.5248868778280543,3,type_i,False,True
Qwen3.5-4B,evermemos,0,db5e553f-7aca-48f7-9683-5ffd7a622d29,e8a79c70,1,1,True,True,1.0,218,99,0,0.4541284403669725,4,type_i,False,False
Qwen3.5-4B,evermemos,0,c7999c5e-a890-4770-b59e-3e19541e3c7f,e9327a54,1,0,False,False,0.0,237,237,0,1.0,5,type_i,False,False
Qwen3.5-4B,evermemos,0,28677ede-c609-44d6-a3f8-f890a49e2cb2,e982271f,1,0,False,False,0.0,256,181,0,0.70703125,5,type_i,False,True
Qwen3.5-4B,evermemos,0,54a7f15e-c6cd-48d7-903e-a3aec65a760d,eac54adc,2,0,False,False,0.0,219,219,0,1.0,4,type_i,False,True
Qwen3.5-4B,evermemos,0,d499b742-ca4e-4609-b7fd-a7db3722d239,eac54add,1,0,False,False,0.0,243,243,0,1.0,6,type_i,False,True
Qwen3.5-4B,evermemos,0,21aa11ea-56fa-4b32-9282-f2cdcb64080a,eaca4986,1,0,False,False,0.0,201,201,0,1.0,4,type_i,False,False
Qwen3.5-4B,evermemos,0,fff54c74-8205-4cc3-aa33-4acda06f4def,eace081b,2,2,True,True,1.0,223,139,0,0.6233183856502242,5,type_ii,False,False
Qwen3.5-4B,evermemos,0,e07fa30a-e980-43fa-8e5c-e1b4cab3dd32,ec81a493,1,1,True,True,1.0,244,176,0,0.7213114754098361,5,type_i,False,False
Qwen3.5-4B,evermemos,0,9f0340f2-7f26-486a-bebe-b132ed51c1d5,ed4ddc30,2,0,False,False,0.0,228,228,0,1.0,5,type_ii,False,True
Qwen3.5-4B,evermemos,0,8285f62d-4768-4f76-93df-35d44abe19ed,edced276,2,0,False,False,0.0,206,206,0,1.0,4,type_i,False,True
Qwen3.5-4B,evermemos,0,06acb700-6984-4d51-8069-d90a25ea1f5f,eeda8a6d,4,0,False,False,0.0,218,218,0,1.0,5,type_i,False,True
Qwen3.5-4B,evermemos,0,4a6f8895-9f41-4022-8784-4fa10e6313d5,ef66a6e5,2,0,False,False,0.0,243,179,0,0.7366255144032922,5,type_i,False,True
Qwen3.5-4B,evermemos,0,786864dc-884f-4788-8416-31e26fdee815,ef9cf60a,2,1,True,False,0.5,229,178,0,0.777292576419214,5,type_i,False,False
Qwen3.5-4B,evermemos,0,579eaf0d-4902-48b9-8611-d845ffb3ddc4,efc3f7c2,2,1,True,False,0.5,194,140,0,0.7216494845360825,4,type_i,False,False
Qwen3.5-4B,evermemos,0,3f699918-a2b1-4a91-baa8-1c0ee9a22ec6,f0853d11,2,0,False,False,0.0,211,211,0,1.0,4,type_i,False,True
Qwen3.5-4B,evermemos,0,2104ef32-5b8e-47a9-bce3-3dcd8d7203a5,f0e564bc,2,0,False,False,0.0,203,203,0,1.0,4,type_i,False,True
Qwen3.5-4B,evermemos,0,a2c8c470-7a29-4ed8-9fd7-f2430f429959,f35224e0,2,2,True,True,1.0,226,0,0,0.0,3,type_i,False,False
Qwen3.5-4B,evermemos,0,7c382e2c-0eae-4b2f-b44a-fa66f6c79ef9,f4f1d8a4,1,0,False,False,0.0,231,231,0,1.0,5,type_i,False,True
Qwen3.5-4B,evermemos,0,292f34d1-63f0-4a1f-9c07-f73ef1a24e3c,f523d9fe,1,0,False,False,0.0,209,143,0,0.6842105263157895,4,type_i,False,False
Qwen3.5-4B,evermemos,0,4b0ab876-9de6-4924-aa5d-6f938b12dc4a,f685340e,2,0,False,False,0.0,232,139,0,0.5991379310344828,4,type_ii,False,True
Qwen3.5-4B,evermemos,0,3ae48412-39c3-4104-ad1d-cebf151bbfb4,f8c5f88b,1,1,True,True,1.0,246,130,0,0.5284552845528455,5,type_i,False,False
Qwen3.5-4B,evermemos,0,7d1c3d99-8162-4160-b40d-b6a9adaf09e6,f9e8c073,2,0,False,False,0.0,225,225,0,1.0,5,type_ii,False,True
Qwen3.5-4B,evermemos,0,c6a75dcd-2075-43a3-a565-6e8dfcf5aeef,faba32e5,1,1,True,True,1.0,252,197,0,0.7817460317460317,5,type_i,False,False
Qwen3.5-4B,evermemos,0,493aca93-d330-4a40-84fd-6698738d1391,fca70973,6,0,False,False,0.0,246,246,0,1.0,5,type_i,False,True
Qwen3.5-4B,evermemos,0,ba40c74e-1391-4082-a85d-fcf1335b874b,fca762bc,1,0,False,False,0.0,246,159,0,0.6463414634146342,4,type_i,False,True
Qwen3.5-4B,evermemos,0,9943ca88-1895-4b06-9460-3367d30221a9,fea54f57,1,1,True,True,1.0,238,91,0,0.38235294117647056,4,type_i,False,False
Qwen3.5-4B,evermemos,0,5a605de8-90dc-46ed-bb25-ef1b593f8655,gpt4_0a05b494,2,0,False,False,0.0,221,123,0,0.5565610859728507,5,type_i,False,False
Qwen3.5-4B,evermemos,0,8c55cf81-9b56-4e54-a16d-e68ca6615336,gpt4_0b2f1d21,2,1,True,False,0.5,236,185,0,0.7838983050847458,5,type_i,False,False
Qwen3.5-4B,evermemos,0,b71af42a-b9eb-41e4-a564-c8266bba8fc5,gpt4_15e38248,4,0,False,False,0.0,224,131,0,0.5848214285714286,4,type_i,False,True
Qwen3.5-4B,evermemos,0,851868a8-4fde-488b-a21b-d8e80602568c,gpt4_18c2b244,3,2,True,False,0.6666666666666666,222,97,0,0.4369369369369369,4,type_i,False,False
Qwen3.5-4B,evermemos,0,fe1c6063-37a6-45fc-a341-99036ece9ff8,gpt4_1916e0ea,2,2,True,True,1.0,250,41,0,0.164,4,type_i,False,False
Qwen3.5-4B,evermemos,0,be1faf8a-6b41-4da0-9a23-8119ff183c7e,gpt4_194be4b3,5,0,False,False,0.0,222,155,0,0.6981981981981982,4,type_i,False,True
Qwen3.5-4B,evermemos,0,c8d0ed93-8289-4942-ab7e-860df5d3b254,gpt4_1a1dc16d,2,0,False,False,0.0,213,213,0,1.0,5,type_i,False,True
Qwen3.5-4B,evermemos,0,98fc785d-6ebd-43a6-8a85-e386c69118ec,gpt4_1d4ab0c9,2,1,True,False,0.5,212,42,0,0.19811320754716982,3,type_i,False,False
Qwen3.5-4B,evermemos,0,30fef842-977f-43d5-87a5-bfa1d1a4f3b9,gpt4_1d80365e,2,2,True,True,1.0,222,0,0,0.0,3,type_i,False,False
Qwen3.5-4B,evermemos,0,720482a8-817c-47f7-9bfc-51391ef5c7bd,gpt4_1e4a8aeb,2,0,False,False,0.0,191,191,0,1.0,4,type_i,False,True
Qwen3.5-4B,evermemos,0,c825341c-c192-4404-aa18-c8ce5f848387,gpt4_1e4a8aec,1,0,False,False,0.0,252,252,0,1.0,6,type_i,False,False
Qwen3.5-4B,evermemos,0,c03498a4-ee0f-4557-8c80-4871ed4ec644,gpt4_213fd887,2,1,True,False,0.5,240,0,0,0.0,4,type_i,False,False
Qwen3.5-4B,evermemos,0,361d6fb4-7b30-4105-bdc3-feb29eb6d1b6,gpt4_21adecb5,2,0,False,False,0.0,242,242,0,1.0,5,type_i,False,True
Qwen3.5-4B,evermemos,0,13bdbbe2-5d6a-40bf-b78b-fee6b57226cd,gpt4_2312f94c,2,0,False,False,0.0,232,232,0,1.0,4,type_i,False,True
Qwen3.5-4B,evermemos,0,297140a8-04d4-4994-a86d-4f96a39c123a,gpt4_2487a7cb,2,0,False,False,0.0,208,149,0,0.7163461538461539,4,type_i,False,True
Qwen3.5-4B,evermemos,0,3632de59-485d-4042-9b85-d90f022aec51,gpt4_2655b836,2,0,False,False,0.0,255,255,0,1.0,5,type_i,False,False
Qwen3.5-4B,evermemos,0,db149a68-04e0-4008-8e8d-7882e563a02e,gpt4_2ba83207,4,0,False,False,0.0,236,236,0,1.0,5,type_i,False,True
Qwen3.5-4B,evermemos,0,46ec4c61-49d0-413b-a29c-0884898555f1,gpt4_2c50253f,3,1,True,False,0.3333333333333333,225,60,0,0.26666666666666666,4,type_i,False,False
Qwen3.5-4B,evermemos,0,ad523920-af63-4ebd-a6d8-0c520e813b2f,gpt4_2d58bcd6,2,2,True,True,1.0,240,0,0,0.0,4,type_i,False,False
Qwen3.5-4B,evermemos,0,8b00ee82-e387-4fee-b60c-dfe52e0b056d,gpt4_2f56ae70,3,0,False,False,0.0,213,213,0,1.0,5,type_i,False,True
Qwen3.5-4B,evermemos,0,807fadd3-7fc0-4f1d-85c6-e37260f8105e,gpt4_2f584639,2,1,True,False,0.5,228,175,0,0.7675438596491229,5,type_i,False,False
Qwen3.5-4B,evermemos,0,adc2ab84-0170-477a-bbad-43c7a6a2375f,gpt4_2f8be40d,4,0,False,False,0.0,213,129,0,0.6056338028169014,4,type_i,False,True
Qwen3.5-4B,evermemos,0,7380d9c1-9ec2-4ed2-94df-14c5a9e8b199,gpt4_2f91af09,3,0,False,False,0.0,222,85,0,0.38288288288288286,3,type_i,False,True
Qwen3.5-4B,evermemos,0,401cb37f-0f91-460e-8939-41bb178a2971,gpt4_31ff4165,4,0,False,False,0.0,226,99,0,0.43805309734513276,4,type_i,False,False
Qwen3.5-4B,evermemos,0,c92ea21e-3988-4c6c-97bf-bc99ccbb7541,gpt4_372c3eed,4,0,False,False,0.0,253,253,0,1.0,5,type_i,False,True
Qwen3.5-4B,evermemos,0,89543587-10d8-4cb5-bc06-b923d8f5aa7e,gpt4_385a5000,2,2,True,True,1.0,226,39,0,0.17256637168141592,4,type_i,False,False
Qwen3.5-4B,evermemos,0,46fc1d97-6afe-4c47-883d-1301dedccc77,gpt4_45189cb4,3,0,False,False,0.0,234,234,0,1.0,5,type_i,False,True
Qwen3.5-4B,evermemos,0,876b6b1a-e246-4eca-ba3a-a7e7eee457bb,gpt4_468eb063,1,0,False,False,0.0,231,231,0,1.0,5,type_i,False,True
Qwen3.5-4B,evermemos,0,fe6daeef-a9b6-4de1-a1a0-ab26905b6bf3,gpt4_468eb064,1,0,False,False,0.0,225,225,0,1.0,5,type_i,False,False
Qwen3.5-4B,evermemos,0,6b3d9d5d-f0be-4d2a-a51d-cc9ea6043457,gpt4_483dd43c,2,0,False,False,0.0,240,240,0,1.0,4,type_i,False,True
Qwen3.5-4B,evermemos,0,ae61cdf6-610b-4964-be40-b4e79584a0f3,gpt4_4929293a,2,1,True,False,0.5,139,43,0,0.30935251798561153,3,type_i,False,False
Qwen3.5-4B,evermemos,0,840fa9ed-a04f-45ae-b542-5396461f4ee2,gpt4_4929293b,1,0,False,False,0.0,240,240,0,1.0,5,type_i,False,False
Qwen3.5-4B,evermemos,0,586899d3-9e9a-4963-a97e-61ba6648470f,gpt4_4cd9eba1,2,0,False,False,0.0,243,243,0,1.0,5,type_i,False,True
Qwen3.5-4B,evermemos,0,14dc45a8-2c29-4793-8f9c-3ebad00d6862,gpt4_4edbafa2,1,0,False,False,0.0,216,216,0,1.0,4,type_i,False,False
Qwen3.5-4B,evermemos,0,abaed6da-7584-4ad9-9cc0-fa7c190a6a88,gpt4_4ef30696,2,1,True,False,0.5,214,0,0,0.0,3,type_i,False,False
Qwen3.5-4B,evermemos,0,eee5ef08-a8ba-48c8-b447-ec6b411bd111,gpt4_4fc4f797,2,2,True,True,1.0,211,100,0,0.47393364928909953,4,type_i,False,False
Qwen3.5-4B,evermemos,0,372892f0-fc4c-440a-86b7-6369825d380b,gpt4_5438fa52,1,0,False,False,0.0,218,218,0,1.0,5,type_i,False,True
Qwen3.5-4B,evermemos,0,6c63e7a3-c044-4252-8dc4-dae3ee23e019,gpt4_5501fe77,2,0,False,False,0.0,222,222,0,1.0,5,type_i,False,True
Qwen3.5-4B,evermemos,0,ee605735-a11e-448c-b944-085859379827,gpt4_59149c77,2,0,False,False,0.0,196,0,0,0.0,2,type_i,False,True
Qwen3.5-4B,evermemos,0,94443fb7-8294-454e-b9b3-de72a1ecfd45,gpt4_59149c78,1,0,False,False,0.0,236,236,0,1.0,5,type_i,False,True
Qwen3.5-4B,evermemos,0,f7ecd61c-391f-4e2c-a58f-72cdb25ef60e,gpt4_59c863d7,5,0,False,False,0.0,223,223,0,1.0,5,type_i,False,True
Qwen3.5-4B,evermemos,0,4916dc89-8a8c-4de5-9eef-64644bc2adb7,gpt4_5dcc0aab,1,0,False,False,0.0,220,141,0,0.6409090909090909,4,type_i,False,False
Qwen3.5-4B,evermemos,0,c66dee47-fd68-43ef-8897-96bffbf68fad,gpt4_61e13b3c,2,2,True,True,1.0,213,0,0,0.0,3,type_i,False,False
Qwen3.5-4B,evermemos,0,59dc4e5f-8f55-4f75-add9-fb9783b035e1,gpt4_65aabe59,2,0,False,False,0.0,194,194,0,1.0,4,type_i,False,True
Qwen3.5-4B,evermemos,0,b9c7dd66-97f1-4bec-a7c5-bd75e6e2ba80,gpt4_68e94287,2,1,True,False,0.5,212,0,0,0.0,3,type_i,False,False
Qwen3.5-4B,evermemos,0,bad03f75-8124-45c3-a0f0-70b6d6381630,gpt4_68e94288,1,0,False,False,0.0,225,225,0,1.0,5,type_i,False,True
Qwen3.5-4B,evermemos,0,3e95684c-3574-49c5-a5c2-339589264c81,gpt4_6dc9b45b,1,0,False,False,0.0,231,142,0,0.6147186147186147,4,type_i,False,True
Qwen3.5-4B,evermemos,0,da85c95c-e6c1-45d7-8c77-dcee3307ce15,gpt4_6ed717ea,2,0,False,False,0.0,229,179,0,0.7816593886462883,5,type_i,False,True
Qwen3.5-4B,evermemos,0,b84d8dcd-6915-403e-b172-c4da95c9a619,gpt4_70e84552,2,0,False,False,0.0,224,224,0,1.0,5,type_i,False,True
Qwen3.5-4B,evermemos,0,097efbdb-df21-4ddc-b0d1-b9727afbe377,gpt4_731e37d7,4,3,True,False,0.75,215,46,0,0.21395348837209302,4,type_i,False,False
Qwen3.5-4B,evermemos,0,20a552ef-080b-45bc-b4a2-2ddda5874db1,gpt4_74aed68e,2,1,True,False,0.5,231,101,0,0.43722943722943725,4,type_i,False,False
Qwen3.5-4B,evermemos,0,a6bfbbc2-1bf7-4d59-8c2e-27e4a829b504,gpt4_76048e76,2,0,False,False,0.0,227,227,0,1.0,4,type_i,False,True
Qwen3.5-4B,evermemos,0,75d0ff29-cd6f-45ad-a818-0709a69090ee,gpt4_78cf46a3,2,1,True,False,0.5,167,112,0,0.6706586826347305,3,type_i,False,False
Qwen3.5-4B,evermemos,0,cd1b7d28-0bd7-42ba-b086-1066f1041fbc,gpt4_7a0daae1,2,1,True,False,0.5,245,106,0,0.4326530612244898,4,type_i,False,False
Qwen3.5-4B,evermemos,0,ad5f0281-307d-4909-a430-fe81c37c60b9,gpt4_7abb270c,6,0,False,False,0.0,245,245,0,1.0,5,type_i,False,True
Qwen3.5-4B,evermemos,0,e2714b81-75d0-4f70-a236-e376570be698,gpt4_7bc6cf22,1,0,False,False,0.0,214,214,0,1.0,4,type_i,False,True
Qwen3.5-4B,evermemos,0,4f49dec5-649f-448a-9a68-9ccf7862fe9f,gpt4_7ca326fa,3,0,False,False,0.0,248,248,0,1.0,5,type_i,False,True
Qwen3.5-4B,evermemos,0,4786f000-6caa-4257-9fe2-e055d3478ac2,gpt4_7ddcf75f,1,1,True,True,1.0,207,148,0,0.714975845410628,4,type_i,False,False
Qwen3.5-4B,evermemos,0,09e721c8-4f33-4e1c-9e87-eb399dd7322f,gpt4_7de946e7,2,0,False,False,0.0,220,220,0,1.0,5,type_i,False,True
Qwen3.5-4B,evermemos,0,698fccde-b16a-4acf-a78c-378838ee6a4b,gpt4_7f6b06db,3,0,False,False,0.0,198,198,0,1.0,4,type_i,False,True
Qwen3.5-4B,evermemos,0,a35842ce-dc9f-40df-adcf-bc1ca557fa20,gpt4_7fce9456,5,1,True,False,0.2,236,92,0,0.3898305084745763,4,type_i,False,False
Qwen3.5-4B,evermemos,0,d1f1221d-aaca-4755-8712-f46528bbd968,gpt4_8279ba02,1,1,True,True,1.0,232,94,0,0.4051724137931034,4,type_i,False,False
Qwen3.5-4B,evermemos,0,c74b6ee9-cafe-470f-80dc-2d7b6784865e,gpt4_8279ba03,1,0,False,False,0.0,233,233,0,1.0,5,type_i,False,False
Qwen3.5-4B,evermemos,0,bf99b90b-fc35-480a-88df-f0edb11d660c,gpt4_85da3956,1,1,True,True,1.0,210,149,0,0.7095238095238096,4,type_i,False,False
Qwen3.5-4B,evermemos,0,dbd18363-f3e3-460e-ba67-f5ed5e6cebd0,gpt4_88806d6e,2,1,True,False,0.5,228,126,0,0.5526315789473685,5,type_i,False,False
Qwen3.5-4B,evermemos,0,c159488f-0ad4-4855-a6c2-86425aea2e67,gpt4_8c8961ae,2,1,True,False,0.5,225,133,0,0.5911111111111111,5,type_i,False,False
Qwen3.5-4B,evermemos,0,f83309a3-ebec-4304-aefa-672e9a1e4641,gpt4_8e165409,2,1,True,False,0.5,212,54,0,0.25471698113207547,3,type_i,False,False
Qwen3.5-4B,evermemos,0,8ebbaa53-c801-4d88-a374-a522b2162da4,gpt4_93159ced,2,0,False,False,0.0,219,0,0,0.0,4,type_i,False,True
Qwen3.5-4B,evermemos,0,43780a6a-87f4-407a-b129-132f92abc630,gpt4_93f6379c,2,0,False,False,0.0,210,210,0,1.0,4,type_i,False,True
Qwen3.5-4B,evermemos,0,52d20618-31b3-4b48-8d80-55344b2d3d58,gpt4_98f46fc6,2,0,False,False,0.0,241,241,0,1.0,5,type_i,False,True
Qwen3.5-4B,evermemos,0,edc9a943-eb10-4214-9db3-4ac72fbd769c,gpt4_9a159967,3,3,True,True,1.0,231,46,0,0.19913419913419914,5,type_i,False,False
Qwen3.5-4B,evermemos,0,549f8a73-e300-4cf7-8626-ded8f067fc8a,gpt4_a1b77f9c,6,2,True,False,0.3333333333333333,194,0,0,0.0,3,type_i,False,False
Qwen3.5-4B,evermemos,0,35c46d41-0cfd-45fe-b093-3a59c67c977c,gpt4_a2d1d1f6,1,1,True,True,1.0,220,43,0,0.19545454545454546,3,type_i,False,False
Qwen3.5-4B,evermemos,0,45d2094d-109b-4e9a-aa21-37d33ee1be91,gpt4_a56e767c,4,0,False,False,0.0,218,218,0,1.0,5,type_i,False,True
Qwen3.5-4B,evermemos,0,2633d76d-1537-42d8-a2f1-8777e5c1b281,gpt4_ab202e7f,5,0,False,False,0.0,179,179,0,1.0,4,type_i,False,True
Qwen3.5-4B,evermemos,0,f363e06e-c74b-4062-b7a0-da5649b9cd47,gpt4_af6db32f,1,0,False,False,0.0,216,216,0,1.0,5,type_i,False,True
Qwen3.5-4B,evermemos,0,dbb05a6e-b9b6-479c-a008-4f80e33ac346,gpt4_b0863698,1,1,True,True,1.0,209,47,0,0.22488038277511962,3,type_i,False,False
Qwen3.5-4B,evermemos,0,8d6e22a0-9782-4fe2-a54a-bf22fa08eb42,gpt4_b4a80587,2,0,False,False,0.0,245,245,0,1.0,5,type_i,False,True
Qwen3.5-4B,evermemos,0,d689b6e9-ecca-4e1a-9895-d42487ba6de2,gpt4_b5700ca0,1,0,False,False,0.0,221,221,0,1.0,5,type_i,False,False
Qwen3.5-4B,evermemos,0,bf5ca9b0-51f3-40ac-a40b-16804c2c7f92,gpt4_b5700ca9,1,1,True,True,1.0,227,96,0,0.42290748898678415,4,type_i,False,False
Qwen3.5-4B,evermemos,0,3be1a7e7-804c-4880-933d-d6e14b27efbe,gpt4_c27434e8,2,0,False,False,0.0,224,142,0,0.6339285714285714,4,type_i,False,True
Qwen3.5-4B,evermemos,0,8e328926-0232-4160-a42f-9eed54a49c17,gpt4_cd90e484,2,0,False,False,0.0,201,104,0,0.5174129353233831,3,type_i,False,True
Qwen3.5-4B,evermemos,0,ab68bb2b-c7b3-4c28-8fad-c77ad4957a8a,gpt4_d12ceb0e,6,0,False,False,0.0,235,235,0,1.0,5,type_i,False,True
Qwen3.5-4B,evermemos,0,c8c78165-5c03-49f5-bf3a-81ca39f00227,gpt4_d31cdae3,2,1,True,False,0.5,216,50,0,0.23148148148148148,3,type_i,False,False
Qwen3.5-4B,evermemos,0,d65aa4fb-b6b2-4b83-b96e-7eaa82fee443,gpt4_d6585ce8,5,0,False,False,0.0,246,246,0,1.0,5,type_i,False,True
Qwen3.5-4B,evermemos,0,b0a2d0d9-6ffa-4b2d-bb77-5446ed3f629f,gpt4_d6585ce9,1,0,False,False,0.0,233,233,0,1.0,5,type_i,False,True
Qwen3.5-4B,evermemos,0,7a9c5ae4-bcc4-4945-83d4-785297508938,gpt4_d84a3211,3,0,False,False,0.0,232,175,0,0.7543103448275862,5,type_i,False,True
Qwen3.5-4B,evermemos,0,5e73c7de-d24c-4912-bb5a-4fade2711d40,gpt4_d9af6064,1,0,False,False,0.0,224,151,0,0.6741071428571429,4,type_i,False,True
Qwen3.5-4B,evermemos,0,13d253b0-70d9-478a-b4ef-8ac98a2a89f1,gpt4_e05b82a6,6,0,False,False,0.0,215,110,0,0.5116279069767442,3,type_i,False,True
Qwen3.5-4B,evermemos,0,7e9c72c3-7fae-4ac5-8c09-5c53eeaa37c9,gpt4_e061b84f,3,0,False,False,0.0,229,85,0,0.37117903930131,3,type_i,False,True
Qwen3.5-4B,evermemos,0,23fb8e4b-bced-4bf3-b960-12355fbca3b4,gpt4_e061b84g,1,0,False,False,0.0,246,246,0,1.0,5,type_i,False,True
Qwen3.5-4B,evermemos,0,187a96ec-69b1-4af8-8af8-99066b0bfae0,gpt4_e072b769,1,0,False,False,0.0,236,236,0,1.0,5,type_i,False,False
Qwen3.5-4B,evermemos,0,b4ae4749-a304-4bd0-ba7e-c82a690632fe,gpt4_e414231e,2,1,True,False,0.5,219,51,0,0.2328767123287671,3,type_i,False,False
Qwen3.5-4B,evermemos,0,a999458e-b747-4bae-acd6-fdcbeda16a74,gpt4_e414231f,1,0,False,False,0.0,251,251,0,1.0,6,type_i,False,True
Qwen3.5-4B,evermemos,0,5173988d-039d-425a-9472-e00b79310502,gpt4_ec93e27f,2,0,False,False,0.0,255,186,0,0.7294117647058823,5,type_i,False,True
Qwen3.5-4B,evermemos,0,1d5a9032-aa9f-4f63-bbfc-abdcc0cec577,gpt4_f2262a51,3,0,False,False,0.0,244,99,0,0.4057377049180328,4,type_i,False,True
Qwen3.5-4B,evermemos,0,7f6487cb-622a-403b-b5eb-0eb8b697ca5e,gpt4_f420262c,4,0,False,False,0.0,226,226,0,1.0,5,type_i,False,True
Qwen3.5-4B,evermemos,0,050e0643-aa3e-4e92-aaad-7fc23748a973,gpt4_f420262d,1,1,True,True,1.0,226,91,0,0.4026548672566372,4,type_i,False,False
Qwen3.5-4B,evermemos,0,b7a7a6b2-1f2f-47b3-93e2-38629165d950,gpt4_f49edff3,3,2,True,False,0.6666666666666666,215,0,0,0.0,3,type_i,False,False
Qwen3.5-4B,evermemos,0,d882f2ba-ec82-461b-8a6b-f82adb474f4d,gpt4_fa19884c,2,1,True,False,0.5,248,106,0,0.4274193548387097,4,type_i,False,False
Qwen3.5-4B,evermemos,0,6bf750cc-24e3-4e11-ba20-dfbecfe9d079,gpt4_fa19884d,1,0,False,False,0.0,241,241,0,1.0,5,type_i,False,True
Qwen3.5-4B,evermemos,0,3fda734c-9023-4286-a86f-ebb03a4c04de,gpt4_fe651585,2,0,False,False,0.0,228,228,0,1.0,5,type_i,False,True
Qwen3.5-4B,mem0,0,c173141b-2b5d-424e-a184-9c595c6caa2b,001be529,1,1,True,True,1.0,208,162,0,0.7788461538461539,4,type_i,False,False
Qwen3.5-4B,mem0,0,67c785fd-b152-4f56-9b64-ee48bafcca4e,00ca467f,2,1,True,False,0.5,218,159,0,0.7293577981651376,4,type_i,False,False
Qwen3.5-4B,mem0,0,77df5602-6b49-48a6-aa53-1696386def42,0100672e,2,2,True,True,1.0,244,138,0,0.5655737704918032,5,type_i,False,False
Qwen3.5-4B,mem0,0,1fcfdc17-a482-4d25-8560-8060c1e0f055,01493427,2,0,False,False,0.0,203,203,0,1.0,4,type_ii,False,False
Qwen3.5-4B,mem0,0,afd53f5d-a910-4809-9f49-1f92d91f205c,031748ae,2,2,True,True,1.0,256,138,0,0.5390625,5,type_ii,False,False
Qwen3.5-4B,mem0,0,01694d0c-7085-4b05-9513-b433aa47a27e,06878be2,1,1,True,True,1.0,245,91,0,0.37142857142857144,5,type_i,False,False
Qwen3.5-4B,mem0,0,2737a228-efad-43c8-9992-2a7fceea408a,06db6396,2,2,True,True,1.0,228,44,0,0.19298245614035087,4,type_ii,False,False
Qwen3.5-4B,mem0,0,8530efe5-292c-4252-92bb-294b6bf859e1,06f04340,3,1,True,False,0.3333333333333333,228,49,0,0.2149122807017544,5,type_i,False,False
Qwen3.5-4B,mem0,0,5d5c2fa1-bccb-478d-852d-418b4c18684c,07741c44,2,0,False,False,0.0,238,238,0,1.0,5,type_ii,False,False
Qwen3.5-4B,mem0,0,1685c6c5-a80c-4a6c-a79e-7e9ab990b594,07741c45,2,0,False,False,0.0,235,235,0,1.0,5,type_ii,False,False
Qwen3.5-4B,mem0,0,a4a9e505-bede-46f7-82e3-23aecc93df7c,078150f1,2,2,True,True,1.0,221,95,0,0.4298642533936652,4,type_i,False,False
Qwen3.5-4B,mem0,0,f89600d2-fd30-4a3b-872e-021a20f8aa54,07b6f563,1,1,True,True,1.0,235,180,0,0.7659574468085106,5,type_i,False,False
Qwen3.5-4B,mem0,0,731a1390-5ad1-4f42-a458-fffae3439141,0862e8bf,1,0,False,False,0.0,216,216,0,1.0,5,type_i,False,False
Qwen3.5-4B,mem0,0,6c89b116-06fd-4095-97ab-113c41edc302,08e075c7,1,0,False,False,0.0,246,246,0,1.0,5,type_ii,False,False
Qwen3.5-4B,mem0,0,0764d171-4df8-4bc4-977f-9f3c836c302f,08f4fc43,2,1,True,False,0.5,225,170,0,0.7555555555555555,4,type_i,False,False
Qwen3.5-4B,mem0,0,91136fd2-8291-44a3-9463-2a5c1670de40,0977f2af,2,1,True,False,0.5,231,179,0,0.7748917748917749,5,type_ii,False,False
Qwen3.5-4B,mem0,0,cb166cb1-bfd8-44c7-b153-d26f97989e6c,099778bb,2,1,True,False,0.5,244,180,0,0.7377049180327869,5,type_i,False,False
Qwen3.5-4B,mem0,0,6a3ee968-7090-416a-b436-e1807bbfa9fc,09ba9854,2,2,True,True,1.0,249,151,0,0.606425702811245,5,type_i,False,False
Qwen3.5-4B,mem0,0,f8aa86dd-670b-42d8-9929-7e1ecaf337eb,09d032c9,2,1,True,False,0.5,240,200,0,0.8333333333333334,5,type_i,False,False
Qwen3.5-4B,mem0,0,5b88c82a-e4dd-4ba9-bc0c-438bafb2af50,0a34ad58,2,1,True,False,0.5,206,139,0,0.6747572815533981,4,type_i,False,False
Qwen3.5-4B,mem0,0,8e8dfad9-4e72-44ad-80f9-9ee34527ea44,0a995998,3,0,False,False,0.0,242,147,0,0.6074380165289256,5,type_i,False,False
Qwen3.5-4B,mem0,0,d1664d66-b2b4-46a9-a4d5-04479fcd9d93,0bb5a684,2,1,True,False,0.5,223,165,0,0.7399103139013453,4,type_i,False,False
Qwen3.5-4B,mem0,0,6998f7c2-7d1c-4fcd-85b8-40719a29e395,0bc8ad92,2,1,True,False,0.5,256,202,0,0.7890625,5,type_i,False,False
Qwen3.5-4B,mem0,0,90265e41-a6e8-4db1-8839-1d8b6e3a7ec1,0bc8ad93,1,1,True,True,1.0,252,205,0,0.8134920634920635,5,type_i,False,False
Qwen3.5-4B,mem0,0,5c96ffba-9867-4716-a433-134bfd37f0e7,0db4c65d,2,1,True,False,0.5,214,103,0,0.48130841121495327,4,type_i,False,False
Qwen3.5-4B,mem0,0,3ee0860b-6c64-444f-a7fe-9de87fd42ad3,0ddfec37,2,0,False,False,0.0,256,256,0,1.0,5,type_ii,False,False
Qwen3.5-4B,mem0,0,b2121489-7df4-4528-9b44-3258beebe829,0e4e4c46,2,0,False,False,0.0,241,197,0,0.8174273858921162,5,type_ii,False,False
Qwen3.5-4B,mem0,0,800ed4e3-3fdd-4a98-81a8-5d366924f0ea,0e5e2d1a,1,1,True,True,1.0,231,167,0,0.7229437229437229,4,type_i,False,False
Qwen3.5-4B,mem0,0,2b56a8bc-cd35-4679-96c1-7661b10963c4,0ea62687,2,2,True,True,1.0,235,0,0,0.0,3,type_i,False,False
Qwen3.5-4B,mem0,0,89aa2e16-cd5e-49ef-b378-21a6239db2a6,0edc2aef,1,0,False,False,0.0,235,235,0,1.0,5,type_i,False,False
Qwen3.5-4B,mem0,0,e7be70aa-6f46-4426-9cee-a68ac23e2f43,0f05491a,2,2,True,True,1.0,244,100,0,0.4098360655737705,4,type_ii,False,False
Qwen3.5-4B,mem0,0,f66b9294-cb8f-41e4-8f60-518b01814048,10d9b85a,3,2,True,False,0.6666666666666666,215,115,0,0.5348837209302325,4,type_i,False,False
Qwen3.5-4B,mem0,0,cfe15d7d-74ac-462e-b088-2703809cbdf9,10e09553,2,0,False,False,0.0,252,252,0,1.0,5,type_ii,False,False
Qwen3.5-4B,mem0,0,329ecd04-a0c3-4bed-84dd-b0471869929d,118b2229,1,1,True,True,1.0,228,183,0,0.8026315789473685,5,type_i,False,False
Qwen3.5-4B,mem0,0,a73ff9b8-7b4c-4e18-8731-493217775fce,1192316e,2,2,True,True,1.0,248,131,0,0.5282258064516129,5,type_i,False,False
Qwen3.5-4B,mem0,0,f66e9e83-c283-4ccf-9e36-0d38f28ab86d,129d1232,3,1,True,False,0.3333333333333333,230,184,0,0.8,5,type_i,False,False
Qwen3.5-4B,mem0,0,f6e77432-c7e4-4837-89d7-9ec779718346,1568498a,1,1,True,True,1.0,230,173,0,0.7521739130434782,4,type_i,False,False
Qwen3.5-4B,mem0,0,21934ed3-5b92-4e42-976a-5a3fea70d827,15745da0,1,1,True,True,1.0,256,190,0,0.7421875,5,type_i,False,False
Qwen3.5-4B,mem0,0,e6480499-87b4-400d-9349-89f8375289dd,157a136e,2,2,True,True,1.0,216,132,0,0.6111111111111112,5,type_i,False,False
Qwen3.5-4B,mem0,0,73cd326b-fdbb-49fb-8eed-9802b8a6eaa5,16c90bf4,1,1,True,True,1.0,250,154,0,0.616,5,type_i,False,False
Qwen3.5-4B,mem0,0,d677ccef-6fde-46ff-92c6-addd767b6803,184da446,2,0,False,False,0.0,209,209,0,1.0,4,type_ii,False,False
Qwen3.5-4B,mem0,0,e7920a20-2bc6-442e-9bc7-333e861a6782,18bc8abd,2,1,True,False,0.5,201,144,0,0.7164179104477612,4,type_ii,False,False
Qwen3.5-4B,mem0,0,2d3ef47c-2f5e-43bf-848d-3400ea57b247,18dcd5a5,1,1,True,True,1.0,232,160,0,0.6896551724137931,4,type_i,False,False
Qwen3.5-4B,mem0,0,f63440d1-23df-4ca6-b4b5-78cf8df47f68,1903aded,1,1,True,True,1.0,237,47,0,0.19831223628691982,5,type_i,False,False
Qwen3.5-4B,mem0,0,2d5ca7af-fa79-4b64-8c52-96d8de0b4b9d,195a1a1b,1,1,True,True,1.0,244,95,0,0.38934426229508196,5,type_i,False,False
Qwen3.5-4B,mem0,0,2c7e0d4d-6a6c-417c-ac9e-f275585493cc,19b5f2b3,1,1,True,True,1.0,252,186,0,0.7380952380952381,5,type_i,False,False
Qwen3.5-4B,mem0,0,b7d57339-1633-4130-afcb-647b70b03da4,1a1907b4,1,1,True,True,1.0,248,47,0,0.18951612903225806,5,type_i,False,False
Qwen3.5-4B,mem0,0,e29ae8f7-cdc8-4f6b-8b00-aa1f39b58c04,1a8a66a6,3,1,True,False,0.3333333333333333,235,184,0,0.7829787234042553,5,type_i,False,False
Qwen3.5-4B,mem0,0,c27c2f63-fa1f-4b26-b09c-41cd7b51718a,1b9b7252,1,1,True,True,1.0,255,173,0,0.6784313725490196,5,type_i,False,False
Qwen3.5-4B,mem0,0,145890bf-0cb9-42bd-bdee-29ca2daba1db,1c0ddc50,4,0,False,False,0.0,243,243,0,1.0,5,type_i,False,False
Qwen3.5-4B,mem0,0,99ba3cd0-9f8b-4f98-8c38-ccadfb53f939,1c549ce4,2,2,True,True,1.0,245,49,0,0.2,5,type_i,False,False
Qwen3.5-4B,mem0,0,01a74ca6-9cc4-472d-bdab-9cfea477ed36,1cea1afa,2,0,False,False,0.0,217,217,0,1.0,5,type_ii,False,False
Qwen3.5-4B,mem0,0,29295a67-be68-4e0d-8d4a-bb9e6289be50,1d4da289,1,1,True,True,1.0,240,188,0,0.7833333333333333,5,type_i,False,False
Qwen3.5-4B,mem0,0,f321a3c0-6590-4506-bc10-f1c02f157e87,1d4e3b97,2,0,False,False,0.0,230,230,0,1.0,4,type_i,False,False
Qwen3.5-4B,mem0,0,27e55708-9d39-4ac5-8fdf-1f278d9e8450,1da05512,2,1,True,False,0.5,228,131,0,0.5745614035087719,5,type_i,False,False
Qwen3.5-4B,mem0,0,fb7eac72-84fb-40b6-abac-7e49f4c50ace,1de5cff2,1,1,True,True,1.0,231,90,0,0.38961038961038963,5,type_i,False,False
Qwen3.5-4B,mem0,0,7d83c3ed-24e7-4ccf-9303-a7372562c7de,1e043500,1,1,True,True,1.0,245,100,0,0.40816326530612246,5,type_i,False,False
Qwen3.5-4B,mem0,0,f221b545-5950-407d-98d2-683306ea0062,1f2b8d4f,2,1,True,False,0.5,230,172,0,0.7478260869565218,5,type_i,False,False
Qwen3.5-4B,mem0,0,47abdc78-efad-45ce-8d6d-306ec846cc0d,1faac195,1,1,True,True,1.0,243,202,0,0.831275720164609,5,type_i,False,False
Qwen3.5-4B,mem0,0,cc435466-292f-418a-8b84-4a4716e8bf5a,2133c1b5,2,0,False,False,0.0,234,234,0,1.0,5,type_ii,False,False
Qwen3.5-4B,mem0,0,b2e38bc1-e0f9-46bd-be2f-fb1f26bccad2,21436231,1,1,True,True,1.0,246,57,0,0.23170731707317074,5,type_i,False,False
Qwen3.5-4B,mem0,0,f3027fc6-d5a3-47b1-8fa1-2c6545af9dc8,21d02d0d,2,2,True,True,1.0,232,97,0,0.41810344827586204,4,type_i,False,False
Qwen3.5-4B,mem0,0,a13f3869-559d-4ec9-8dd0-261c60c5906f,22d2cb42,1,0,False,False,0.0,239,196,0,0.8200836820083682,5,type_ii,False,False
Qwen3.5-4B,mem0,0,125bea9e-73ae-4d8e-bee8-21c9b2915614,2311e44b,2,1,True,False,0.5,200,150,0,0.75,4,type_i,False,False
Qwen3.5-4B,mem0,0,c59fc060-5273-407d-954b-a48eb93d5834,2318644b,2,2,True,True,1.0,214,103,0,0.48130841121495327,4,type_i,False,False
Qwen3.5-4B,mem0,0,6c1f533b-4890-4fe5-9fad-8f7484c86bf3,25e5aa4f,1,1,True,True,1.0,215,171,0,0.7953488372093023,5,type_i,False,False
Qwen3.5-4B,mem0,0,dea79f58-5c59-483f-81ee-777a881361b9,2698e78f,2,0,False,False,0.0,218,172,0,0.7889908256880734,5,type_ii,False,False
Qwen3.5-4B,mem0,0,2a9fe001-ae1b-4063-87a3-046cde0f05c3,26bdc477,2,1,True,False,0.5,214,151,0,0.705607476635514,4,type_ii,False,False
Qwen3.5-4B,mem0,0,5b176939-ceb4-4e64-84d0-6d95a0440dd7,27016adc,2,1,True,False,0.5,222,154,0,0.6936936936936937,4,type_i,False,False
Qwen3.5-4B,mem0,0,2e7a4af7-b80f-4eda-9df2-b816ad740ed6,2788b940,5,2,True,False,0.4,227,142,0,0.6255506607929515,5,type_i,False,False
Qwen3.5-4B,mem0,0,206e1dc0-e224-4f21-9edb-87a817849373,28bcfaac,1,1,True,True,1.0,255,91,0,0.3568627450980392,5,type_i,False,False
Qwen3.5-4B,mem0,0,9dc85466-349b-4eca-a129-eb30b15dd19e,28dc39ac,5,0,False,False,0.0,242,242,0,1.0,4,type_i,False,False
Qwen3.5-4B,mem0,0,7dca224b-4b9f-4c1a-89fc-43757df966c1,29f2956b,1,1,True,True,1.0,251,0,0,0.0,5,type_i,False,False
Qwen3.5-4B,mem0,0,c87979c2-1f7e-4e13-9dba-38c9dc5cafe3,2a1811e2,2,1,True,False,0.5,218,162,0,0.7431192660550459,4,type_i,False,False
Qwen3.5-4B,mem0,0,948e997e-2de4-4df6-af42-4eacdaa2fbdd,2b8f3739,3,0,False,False,0.0,189,189,0,1.0,4,type_i,False,False
Qwen3.5-4B,mem0,0,c2fa2909-a443-422e-8fe1-f387e311b1a0,2bf43736,1,1,True,True,1.0,240,168,0,0.7,4,type_i,False,False
Qwen3.5-4B,mem0,0,fa37881e-fc18-4a68-ba3f-edc8360c6184,2c63a862,2,0,False,False,0.0,248,158,0,0.6370967741935484,5,type_i,False,False
Qwen3.5-4B,mem0,0,e77d00b8-d218-4480-be88-a97339674ddb,2ce6a0f2,4,2,True,False,0.5,209,98,0,0.4688995215311005,4,type_i,False,False
Qwen3.5-4B,mem0,0,8b02d300-804b-4dee-9995-6330c349de82,2e6d26dc,5,1,True,False,0.2,209,158,0,0.7559808612440191,4,type_i,False,False
Qwen3.5-4B,mem0,0,64ff3a39-b136-4dbb-8b26-788848cd19db,2ebe6c90,2,1,True,False,0.5,221,162,0,0.7330316742081447,4,type_i,False,False
Qwen3.5-4B,mem0,0,e536323d-c73a-46b8-9189-d41f8e5b7e6f,2ebe6c92,2,0,False,False,0.0,236,150,0,0.635593220338983,5,type_i,False,False
Qwen3.5-4B,mem0,0,9ee1697c-8908-4fbe-88b3-ed60cba51dc9,311778f1,1,1,True,True,1.0,218,156,0,0.7155963302752294,4,type_i,False,False
Qwen3.5-4B,mem0,0,9ef3c446-55e9-4c25-a6a2-c5857cb93946,32260d93,1,0,False,False,0.0,218,91,0,0.41743119266055045,5,type_i,False,False
Qwen3.5-4B,mem0,0,bfa69cc3-b801-4f58-81ae-6d357b04bedc,3249768e,1,1,True,True,1.0,240,95,0,0.3958333333333333,4,type_i,False,False
Qwen3.5-4B,mem0,0,67e0628a-1eee-40ed-bd18-6f4c7f2aadcc,352ab8bd,1,1,True,True,1.0,209,128,0,0.6124401913875598,3,type_i,False,False
Qwen3.5-4B,mem0,0,1c73178c-97ce-4c84-b6db-bf5ddbf316e2,35a27287,2,0,False,False,0.0,229,186,0,0.8122270742358079,5,type_i,False,False
Qwen3.5-4B,mem0,0,62f5c32a-117d-4a76-b587-b3bbfeb106d4,36580ce8,1,1,True,True,1.0,251,188,0,0.749003984063745,5,type_i,False,False
Qwen3.5-4B,mem0,0,92c2df25-cd46-45dd-a979-3c36cb5aa6c4,36b9f61e,3,0,False,False,0.0,241,200,0,0.8298755186721992,5,type_i,False,False
Qwen3.5-4B,mem0,0,f54cdf49-5752-48df-b8ce-156fc8339405,370a8ff4,2,2,True,True,1.0,252,145,0,0.5753968253968254,5,type_i,False,False
Qwen3.5-4B,mem0,0,abb38a88-df08-48eb-90ce-930e96f4600d,37d43f65,1,1,True,True,1.0,243,183,0,0.7530864197530864,5,type_i,False,False
Qwen3.5-4B,mem0,0,2e90eff8-0d33-4c1f-801b-57ef06007b34,37f165cf,2,1,True,False,0.5,248,198,0,0.7983870967741935,5,type_i,False,False
Qwen3.5-4B,mem0,0,e38482fa-b871-4833-9496-9c13ee327194,38146c39,2,1,True,False,0.5,250,148,0,0.592,5,type_i,False,False
Qwen3.5-4B,mem0,0,c597e88f-e135-4314-adb1-e8b66a25bcc7,3a704032,3,3,True,True,1.0,246,97,0,0.3943089430894309,5,type_i,False,False
Qwen3.5-4B,mem0,0,5fb074d9-fe36-408b-8cf2-b80370036fff,3b6f954b,1,1,True,True,1.0,228,46,0,0.20175438596491227,5,type_i,False,False
Qwen3.5-4B,mem0,0,29ec17f4-deef-4a82-a2f6-03bb9ad3171b,3ba21379,1,0,False,False,0.0,218,170,0,0.7798165137614679,5,type_ii,False,False
Qwen3.5-4B,mem0,0,e8444951-efca-4915-8c05-514bc98d8536,3c1045c8,2,1,True,False,0.5,204,141,0,0.6911764705882353,4,type_i,False,False
Qwen3.5-4B,mem0,0,8c51cb70-b376-448f-a828-d6f86cb22d37,3d86fd0a,1,1,True,True,1.0,227,183,0,0.8061674008810573,5,type_i,False,False
Qwen3.5-4B,mem0,0,8f521aee-c3eb-43de-9db7-e3a62ef9a630,3e321797,1,1,True,True,1.0,223,119,0,0.5336322869955157,4,type_i,False,False
Qwen3.5-4B,mem0,0,6b726144-8651-4ccd-8a3f-e4c6bdc31f34,3f1e9474,1,1,True,True,1.0,226,91,0,0.4026548672566372,5,type_i,False,False
Qwen3.5-4B,mem0,0,e8da42ed-0f99-4438-b9c0-609d60ca12dd,3fdac837,2,2,True,True,1.0,234,95,0,0.405982905982906,5,type_i,False,False
Qwen3.5-4B,mem0,0,9c969664-85c9-4101-ada8-56a08990ee5b,3fe836c9,2,0,False,False,0.0,240,240,0,1.0,5,type_i,False,False
Qwen3.5-4B,mem0,0,4899b6ba-5dc1-4dcb-a991-39bdb7ddf51c,4100d0a0,1,0,False,False,0.0,225,179,0,0.7955555555555556,5,type_i,False,False
Qwen3.5-4B,mem0,0,01714c5a-b394-4de4-9a7e-3be9de655f0b,41275add,1,1,True,True,1.0,222,133,0,0.5990990990990991,4,type_i,False,False
Qwen3.5-4B,mem0,0,206ae6d9-b36c-41fe-9d7d-5c8b082b0cf5,41698283,2,0,False,False,0.0,238,238,0,1.0,5,type_ii,False,False
Qwen3.5-4B,mem0,0,1caed7e6-d163-43dd-b8c6-00730ba747d3,42ec0761,2,0,False,False,0.0,192,152,0,0.7916666666666666,4,type_ii,False,False
Qwen3.5-4B,mem0,0,61d1fc44-0ca0-49a7-b64c-f2f44c2244ce,4388e9dd,1,0,False,False,0.0,249,249,0,1.0,5,type_i,False,False
Qwen3.5-4B,mem0,0,7ca74350-bc64-49ba-8d06-645e41c99114,45dc21b6,2,0,False,False,0.0,215,173,0,0.8046511627906977,5,type_ii,False,False
Qwen3.5-4B,mem0,0,f477bdc4-3f51-4e8a-a846-d5e822937a41,46a3abf7,3,1,True,False,0.3333333333333333,207,142,0,0.6859903381642513,4,type_i,False,False
Qwen3.5-4B,mem0,0,8433f2c7-2840-495a-9a78-4252cec9f75f,488d3006,1,1,True,True,1.0,218,118,0,0.5412844036697247,4,type_i,False,False
Qwen3.5-4B,mem0,0,e30e3f52-74e1-432c-bfc7-88a4de49e459,4adc0475,2,2,True,True,1.0,207,89,0,0.42995169082125606,4,type_i,False,False
Qwen3.5-4B,mem0,0,047440dc-477f-4ea4-ad3d-39949324fe80,4b24c848,2,1,True,False,0.5,232,42,0,0.1810344827586207,5,type_ii,False,False
Qwen3.5-4B,mem0,0,20c4bf50-1603-4097-878d-eb055fbee6ab,4baee567,1,1,True,True,1.0,224,169,0,0.7544642857142857,4,type_i,False,False
Qwen3.5-4B,mem0,0,3c73b785-add4-4f7c-b750-3dc5a512cb45,4bc144e2,2,2,True,True,1.0,223,127,0,0.5695067264573991,5,type_i,False,False
Qwen3.5-4B,mem0,0,6c65e399-db9c-4bc6-a7e1-313af181864b,4c36ccef,1,1,True,True,1.0,247,191,0,0.7732793522267206,5,type_i,False,False
Qwen3.5-4B,mem0,0,c64e2cc7-8c60-478b-a266-e9c695db8b80,4d6b87c8,2,0,False,False,0.0,224,179,0,0.7991071428571429,5,type_ii,False,False
Qwen3.5-4B,mem0,0,8c381455-0095-4a17-b421-504de0a9e246,4dfccbf7,2,1,True,False,0.5,255,149,0,0.5843137254901961,5,type_i,False,False
Qwen3.5-4B,mem0,0,67797d2e-ef26-401c-898d-359ede41bf10,4dfccbf8,1,0,False,False,0.0,220,220,0,1.0,5,type_i,False,False
Qwen3.5-4B,mem0,0,9e168126-933c-460e-bf5f-972fb65746d0,4f54b7c9,5,0,False,False,0.0,225,225,0,1.0,5,type_i,False,False
Qwen3.5-4B,mem0,0,7844331e-c0ef-45f4-b3de-26f6393a9f5f,4fd1909e,1,1,True,True,1.0,241,187,0,0.7759336099585062,5,type_i,False,False
Qwen3.5-4B,mem0,0,89106fd4-066d-4a27-a0bd-ebe58fc6527d,5025383b,2,2,True,True,1.0,231,99,0,0.42857142857142855,5,type_i,False,False
Qwen3.5-4B,mem0,0,ca7393e0-9a64-4ec5-9f2e-a39e8c80a7ab,505af2f5,3,1,True,False,0.3333333333333333,211,94,0,0.44549763033175355,4,type_i,False,False
Qwen3.5-4B,mem0,0,a0900915-c26b-463a-96ea-6eda1de47899,50635ada,1,1,True,True,1.0,227,131,0,0.5770925110132159,5,type_ii,False,False
Qwen3.5-4B,mem0,0,30187ef4-edb2-45e9-bd78-d02fd63e7781,51a45a95,1,1,True,True,1.0,245,181,0,0.7387755102040816,5,type_i,False,False
Qwen3.5-4B,mem0,0,28ab5097-2cff-493a-8b1d-9427c9d8a925,51b23612,1,1,True,True,1.0,243,94,0,0.3868312757201646,5,type_i,False,False
Qwen3.5-4B,mem0,0,7519b440-683a-45be-8f7b-663950ee371a,51c32626,1,1,True,True,1.0,253,195,0,0.7707509881422925,5,type_i,False,False
Qwen3.5-4B,mem0,0,6e49bbfa-d7e2-4dc7-ac05-27a68ca30f0c,54026fce,1,1,True,True,1.0,243,139,0,0.5720164609053497,5,type_i,False,False
Qwen3.5-4B,mem0,0,fada485e-c299-4696-b484-f747a4c3decc,545bd2b5,1,1,True,True,1.0,223,159,0,0.7130044843049327,4,type_i,False,False
Qwen3.5-4B,mem0,0,a1c4c936-a762-408b-a92b-877835d534a1,55241a1f,2,0,False,False,0.0,239,239,0,1.0,5,type_i,False,False
Qwen3.5-4B,mem0,0,bcecda4e-9a0b-4333-b2d4-bb30ba787d2e,561fabcd,1,1,True,True,1.0,249,153,0,0.6144578313253012,5,type_i,False,False
Qwen3.5-4B,mem0,0,7a476879-d052-42a7-ba0a-91297fbad7bb,577d4d32,1,1,True,True,1.0,251,102,0,0.4063745019920319,5,type_i,False,False
Qwen3.5-4B,mem0,0,61efc212-ad33-4dc0-a57f-13ec2844501b,57f827a0,1,1,True,True,1.0,222,113,0,0.509009009009009,4,type_i,False,False
Qwen3.5-4B,mem0,0,8c682be6-5454-403a-b7ca-7ea0e6393119,5809eb10,1,0,False,False,0.0,217,217,0,1.0,4,type_i,False,False
Qwen3.5-4B,mem0,0,79c7de50-2b40-4347-a324-325eb12299ba,5831f84d,2,2,True,True,1.0,243,48,0,0.19753086419753085,4,type_ii,False,False
Qwen3.5-4B,mem0,0,42151af5-f627-4dfc-8f84-70981ebe935e,58470ed2,1,1,True,True,1.0,218,147,0,0.6743119266055045,4,type_i,False,False
Qwen3.5-4B,mem0,0,526dcaf6-74e4-4b71-8aee-b569c9a3e6a0,58bf7951,1,1,True,True,1.0,233,44,0,0.1888412017167382,5,type_i,False,False
Qwen3.5-4B,mem0,0,d3eb1600-db98-4498-a436-c0af9042c8e1,58ef2f1c,1,1,True,True,1.0,242,145,0,0.5991735537190083,5,type_i,False,False
Qwen3.5-4B,mem0,0,e3ee35c8-7b2e-4207-8031-d3898fc0fe69,59524333,2,0,False,False,0.0,244,244,0,1.0,5,type_ii,False,False
Qwen3.5-4B,mem0,0,c3c3eb74-999f-4c45-9016-2080c1522bdb,5a4f22c0,1,1,True,True,1.0,213,141,0,0.6619718309859155,4,type_ii,False,False
Qwen3.5-4B,mem0,0,7d975007-b2a1-4647-b69d-c50c9e0fdd0b,5a7937c8,3,1,True,False,0.3333333333333333,255,204,0,0.8,5,type_i,False,False
Qwen3.5-4B,mem0,0,2f326770-f443-4f39-85df-24b5c548faed,5c40ec5b,1,1,True,True,1.0,243,181,0,0.7448559670781894,5,type_ii,False,False
Qwen3.5-4B,mem0,0,9e56379b-11d6-4e31-a8ae-4f4af72982fd,5d3d2817,1,1,True,True,1.0,222,90,0,0.40540540540540543,5,type_i,False,False
Qwen3.5-4B,mem0,0,2fe1c72b-f046-42cd-8752-1b0b48a578a3,5e1b23de,1,1,True,True,1.0,236,137,0,0.5805084745762712,5,type_i,False,False
Qwen3.5-4B,mem0,0,b963ee67-e99d-4a09-89c9-926d8814d9aa,60036106,2,2,True,True,1.0,254,137,0,0.5393700787401575,5,type_i,False,False
Qwen3.5-4B,mem0,0,0ceef3fd-4e4d-41ff-8fec-27c93581c2cb,60159905,3,2,True,False,0.6666666666666666,216,105,0,0.4861111111111111,4,type_i,False,False
Qwen3.5-4B,mem0,0,04b2f60a-a0cf-43af-bc8d-ed0ead2147bf,603deb26,2,1,True,False,0.5,189,106,0,0.5608465608465608,3,type_ii,False,False
Qwen3.5-4B,mem0,0,2d04bda8-ec5f-4028-b4fc-0de82a1d8384,60472f9c,3,2,True,False,0.6666666666666666,249,45,0,0.18072289156626506,5,type_i,False,False
Qwen3.5-4B,mem0,0,217969c2-2a59-4197-84d9-35ef13e8a418,6071bd76,2,2,True,True,1.0,238,102,0,0.42857142857142855,4,type_ii,False,False
Qwen3.5-4B,mem0,0,1d3dba10-acd3-444f-97b5-52b40a740099,60bf93ed,1,0,False,False,0.0,252,252,0,1.0,5,type_i,False,False
Qwen3.5-4B,mem0,0,ebed30bc-a32b-466e-a37d-a51c53bd2969,60d45044,1,1,True,True,1.0,238,187,0,0.7857142857142857,5,type_i,False,False
Qwen3.5-4B,mem0,0,51cf13aa-2a1e-4bf8-8789-d117b5e1a114,618f13b2,2,0,False,False,0.0,208,208,0,1.0,4,type_ii,False,False
Qwen3.5-4B,mem0,0,19431c25-4689-4fbe-8c5e-51f9ea9f6392,61f8c8f8,2,1,True,False,0.5,237,185,0,0.7805907172995781,5,type_i,False,False
Qwen3.5-4B,mem0,0,ba5c7b6c-37f0-4d8e-b6d1-2f75b66375d5,6222b6eb,1,0,False,False,0.0,197,197,0,1.0,4,type_i,False,False
Qwen3.5-4B,mem0,0,4739bccb-6009-4d4d-bbe8-1d63378770d8,6456829e,2,2,True,True,1.0,216,88,0,0.4074074074074074,5,type_i,False,False
Qwen3.5-4B,mem0,0,c7c7e0d6-37af-44bd-b15b-b164121d781d,65240037,1,1,True,True,1.0,255,154,0,0.6039215686274509,5,type_i,False,False
Qwen3.5-4B,mem0,0,367f5a88-0774-4d08-a580-7ae9260b24f3,6613b389,2,0,False,False,0.0,242,242,0,1.0,5,type_i,False,False
Qwen3.5-4B,mem0,0,9da3b696-1a0c-41a9-b022-59d1df0b7802,66f24dbb,2,1,True,False,0.5,228,182,0,0.7982456140350878,5,type_i,False,False
Qwen3.5-4B,mem0,0,fe7b4b28-1557-430b-be9c-3f5efdfb5793,67e0d0f2,2,1,True,False,0.5,216,149,0,0.6898148148148148,4,type_i,False,False
Qwen3.5-4B,mem0,0,7de79f1c-6a0e-448d-8829-99a72990743b,681a1674,2,0,False,False,0.0,204,204,0,1.0,4,type_i,False,False
Qwen3.5-4B,mem0,0,aa080c0a-9326-443c-aa2a-ba49247875ea,69fee5aa,2,2,True,True,1.0,247,51,0,0.20647773279352227,4,type_ii,False,False
Qwen3.5-4B,mem0,0,c38ad49a-da03-4548-a6a5-87e2a3e18f37,6a1eabeb,2,0,False,False,0.0,212,212,0,1.0,4,type_ii,False,False
Qwen3.5-4B,mem0,0,d11fc4ca-1882-459e-9c50-c0156a28b773,6a27ffc2,2,1,True,False,0.5,247,49,0,0.19838056680161945,5,type_ii,False,False
Qwen3.5-4B,mem0,0,8e93c38e-946c-46c9-b90d-cf08a9ba08b3,6ade9755,1,1,True,True,1.0,239,43,0,0.1799163179916318,5,type_i,False,False
Qwen3.5-4B,mem0,0,a623a1fc-9fb2-46ac-8384-616ec9e2403a,6ae235be,1,1,True,True,1.0,210,150,0,0.7142857142857143,4,type_i,False,False
Qwen3.5-4B,mem0,0,dfa3ceaa-1f1e-48bd-b64b-e04209568fd8,6aeb4375,2,0,False,False,0.0,220,220,0,1.0,5,type_ii,False,False
Qwen3.5-4B,mem0,0,ef621f57-cae3-43cf-97c2-ad2676a5e2d0,6b168ec8,1,1,True,True,1.0,239,86,0,0.3598326359832636,5,type_i,False,False
Qwen3.5-4B,mem0,0,7518cdb5-8b0c-443f-ac81-20007410bb10,6b7dfb22,5,1,True,False,0.2,202,133,0,0.6584158415841584,4,type_i,False,False
Qwen3.5-4B,mem0,0,b5f837c9-7e45-4c53-8841-0518e42e015a,6c49646a,2,0,False,False,0.0,232,232,0,1.0,5,type_i,False,False
Qwen3.5-4B,mem0,0,a55d6edb-77cc-40e7-b379-c65f28271151,6cb6f249,2,1,True,False,0.5,229,169,0,0.7379912663755459,4,type_i,False,False
Qwen3.5-4B,mem0,0,0c4a8909-4a19-4dcb-92f6-e22cde93fde1,6d550036,2,0,False,False,0.0,236,236,0,1.0,6,type_i,False,False
Qwen3.5-4B,mem0,0,cc6d5c5f-b0da-406b-81df-b09905664439,6e984301,2,2,True,True,1.0,218,55,0,0.25229357798165136,4,type_i,False,False
Qwen3.5-4B,mem0,0,ac5faf63-ca4b-40c5-84e6-5e0a4f33e61f,6e984302,1,0,False,False,0.0,241,104,0,0.4315352697095436,5,type_i,False,False
Qwen3.5-4B,mem0,0,d1fd1997-8922-47c0-b397-0b0efeed3633,6f9b354f,1,1,True,True,1.0,218,150,0,0.6880733944954128,4,type_i,False,False
Qwen3.5-4B,mem0,0,05942610-5b45-47b2-bc4e-5d4d0f8ce7ea,7024f17c,1,1,True,True,1.0,227,172,0,0.7577092511013216,5,type_i,False,False
Qwen3.5-4B,mem0,0,23c0991c-0b79-440c-a5dc-af147c43e73a,70b3e69b,1,1,True,True,1.0,252,139,0,0.5515873015873016,5,type_i,False,False
Qwen3.5-4B,mem0,0,75f74b8a-e3b1-4ea2-a5cb-0af5aa1a6292,71017276,1,0,False,False,0.0,243,243,0,1.0,4,type_i,False,False
Qwen3.5-4B,mem0,0,934fa6fe-1249-4099-9b13-ac815129e699,71017277,2,1,True,False,0.5,238,186,0,0.7815126050420168,5,type_i,False,False
Qwen3.5-4B,mem0,0,d9c1b9bf-04e9-4f8d-be47-61456db218eb,71315a70,2,1,True,False,0.5,216,145,0,0.6712962962962963,4,type_ii,False,False
Qwen3.5-4B,mem0,0,fa592da8-500b-4fa7-abd1-b7c8c6a9cc72,7161e7e2,1,1,True,True,1.0,241,174,0,0.7219917012448133,4,type_i,False,False
Qwen3.5-4B,mem0,0,76a1c4f0-d6fb-4f08-ae58-04190bad96ae,71a3fd6b,1,1,True,True,1.0,241,155,0,0.6431535269709544,4,type_i,False,False
Qwen3.5-4B,mem0,0,345a5ea9-2edf-4cc1-aa7e-791e41932d20,720133ac,2,2,True,True,1.0,252,134,0,0.5317460317460317,5,type_i,False,False
Qwen3.5-4B,mem0,0,47c5aa50-3f9b-44a9-b97d-ab48d6ffe94b,726462e0,1,1,True,True,1.0,217,151,0,0.695852534562212,4,type_i,False,False
Qwen3.5-4B,mem0,0,f99c143a-54f7-477e-b68a-1926cb697ab3,72e3ee87,2,0,False,False,0.0,238,238,0,1.0,5,type_ii,False,False
Qwen3.5-4B,mem0,0,9474ada3-7620-47b5-8a7d-a4bc86c4cce2,73d42213,2,2,True,True,1.0,241,107,0,0.44398340248962653,4,type_i,False,False
Qwen3.5-4B,mem0,0,770c25da-8997-4db9-8cec-926396956907,7401057b,2,0,False,False,0.0,244,192,0,0.7868852459016393,5,type_ii,False,False
Qwen3.5-4B,mem0,0,d38843b4-9c14-442e-bade-8b1fed756b5e,7405e8b1,2,2,True,True,1.0,214,105,0,0.49065420560747663,4,type_i,False,False
Qwen3.5-4B,mem0,0,23385bf1-c4f8-476a-9c15-1d425f8188a2,7527f7e2,1,1,True,True,1.0,229,46,0,0.20087336244541484,5,type_i,False,False
Qwen3.5-4B,mem0,0,2fdc9fee-fb74-4b71-87f6-9a5996b0a79a,75499fd8,1,1,True,True,1.0,218,131,0,0.6009174311926605,5,type_i,False,False
Qwen3.5-4B,mem0,0,0305e0b5-7860-43ff-bdf6-df158a6f5f9b,75832dbd,2,0,False,False,0.0,230,92,0,0.4,5,type_i,False,False
Qwen3.5-4B,mem0,0,729f915a-ed3e-4a34-9916-2abebee6a423,75f70248,1,0,False,False,0.0,218,98,0,0.44954128440366975,5,type_i,False,False
Qwen3.5-4B,mem0,0,0c974d98-7fcd-4fef-91df-b3f06e6ea30c,76d63226,1,1,True,True,1.0,247,99,0,0.4008097165991903,5,type_i,False,False
Qwen3.5-4B,mem0,0,2a59831a-0c77-45f6-8dfd-df2176f72bf4,778164c6,1,1,True,True,1.0,211,87,0,0.41232227488151657,4,type_i,False,False
Qwen3.5-4B,mem0,0,a8f243df-8f6c-403b-8169-816c48525553,77eafa52,2,0,False,False,0.0,225,225,0,1.0,5,type_i,False,False
Qwen3.5-4B,mem0,0,487b652b-e28c-4dd3-929e-d49da094919c,7a87bd0c,2,1,True,False,0.5,252,49,0,0.19444444444444445,5,type_ii,False,False
Qwen3.5-4B,mem0,0,8670bba2-df05-4094-9b29-55cdc0de1375,7a8d0b71,1,1,True,True,1.0,230,146,0,0.6347826086956522,4,type_i,False,False
Qwen3.5-4B,mem0,0,39b5b399-520a-445f-addf-56493fa6d598,7e00a6cb,1,1,True,True,1.0,232,171,0,0.7370689655172413,4,type_i,False,False
Qwen3.5-4B,mem0,0,bb0fa2d3-c566-4517-aff3-5025a6394731,7e974930,2,0,False,False,0.0,232,232,0,1.0,5,type_ii,False,False
Qwen3.5-4B,mem0,0,6d83f67b-ecfb-49c2-bb9a-213eda00306e,8077ef71,1,1,True,True,1.0,243,144,0,0.5925925925925926,5,type_i,False,False
Qwen3.5-4B,mem0,0,7d3b14c0-4d3a-4b13-b299-2996771dc719,80ec1f4f,2,0,False,False,0.0,207,207,0,1.0,4,type_i,False,False
Qwen3.5-4B,mem0,0,3a9b24d8-deac-40bd-b7f4-282c4ce05c8e,81507db6,3,0,False,False,0.0,216,216,0,1.0,5,type_i,False,False
Qwen3.5-4B,mem0,0,dfa908c8-a331-4d5c-9aa7-60b5650d39d2,830ce83f,2,0,False,False,0.0,219,219,0,1.0,5,type_ii,False,False
Qwen3.5-4B,mem0,0,f4418894-b1f9-4476-82eb-1d9bd5722f31,8464fc84,1,1,True,True,1.0,253,197,0,0.7786561264822134,5,type_i,False,False
Qwen3.5-4B,mem0,0,23bf26d2-93e3-4b93-9e57-615040bad4da,852ce960,2,0,False,False,0.0,210,210,0,1.0,4,type_ii,False,False
Qwen3.5-4B,mem0,0,c3d00e4e-27b9-4ef2-98eb-bd4ae82f7d9b,853b0a1d,1,1,True,True,1.0,249,196,0,0.7871485943775101,5,type_i,False,False
Qwen3.5-4B,mem0,0,aa64d5fb-a6a6-42de-b882-0d459286a09b,8550ddae,1,1,True,True,1.0,242,147,0,0.6074380165289256,5,type_i,False,False
Qwen3.5-4B,mem0,0,5821411a-9666-4e6b-973c-cfb32738efa5,85fa3a3f,4,3,True,False,0.75,231,49,0,0.21212121212121213,4,type_i,False,False
Qwen3.5-4B,mem0,0,65c01363-be47-4672-ab02-fd84bfc183ef,86b68151,1,1,True,True,1.0,230,185,0,0.8043478260869565,5,type_i,False,False
Qwen3.5-4B,mem0,0,90b402a2-e6aa-4a37-9d67-1629fe7e7bc6,86f00804,1,0,False,False,0.0,212,212,0,1.0,5,type_i,False,False
Qwen3.5-4B,mem0,0,42b506bc-aff7-49e3-af90-032521532ff0,8752c811,1,1,True,True,1.0,255,101,0,0.396078431372549,4,type_i,False,False
Qwen3.5-4B,mem0,0,c642e18c-eb88-4e51-9939-494b36ceca25,87f22b4a,2,2,True,True,1.0,234,91,0,0.3888888888888889,5,type_i,False,False
Qwen3.5-4B,mem0,0,767e239c-ace3-4b06-be9e-c9fe2a8e97ea,88432d0a,4,1,True,False,0.25,202,145,0,0.7178217821782178,4,type_i,False,False
Qwen3.5-4B,mem0,0,f43882a9-c075-4b76-a0f1-63a37f2731ae,89527b6b,3,3,True,True,1.0,216,45,0,0.20833333333333334,4,type_i,False,False
Qwen3.5-4B,mem0,0,e183c429-89b2-4b54-90cf-4e0d7f9bedc3,8979f9ec,2,1,True,False,0.5,199,52,0,0.2613065326633166,4,type_i,False,False
Qwen3.5-4B,mem0,0,4e3e22d8-4a09-404c-b190-9415bf927c19,89941a93,2,2,True,True,1.0,232,88,0,0.3793103448275862,4,type_ii,False,False
Qwen3.5-4B,mem0,0,395db416-2319-41d5-ac5c-6b264b20d7ee,89941a94,1,0,False,False,0.0,237,237,0,1.0,5,type_ii,False,False
Qwen3.5-4B,mem0,0,f0daf1b6-7b05-4e3f-a82d-3a04d42cb8a1,8a137a7f,1,1,True,True,1.0,238,186,0,0.7815126050420168,5,type_i,False,False
Qwen3.5-4B,mem0,0,24501fe5-b206-40d1-8df4-ef9b33083afc,8a2466db,1,1,True,True,1.0,247,51,0,0.20647773279352227,5,type_i,False,False
Qwen3.5-4B,mem0,0,80c2ad3e-dbe2-4847-80ba-d68bd08b717b,8aef76bc,1,1,True,True,1.0,241,93,0,0.38589211618257263,5,type_i,False,False
Qwen3.5-4B,mem0,0,1d603e16-0d44-425b-b4a2-9a3dffd1dd76,8b9d4367,1,1,True,True,1.0,216,142,0,0.6574074074074074,4,type_i,False,False
Qwen3.5-4B,mem0,0,db95e79d-e6a8-4f74-b1db-89f2f98614fd,8c18457d,2,0,False,False,0.0,228,228,0,1.0,4,type_i,False,False
Qwen3.5-4B,mem0,0,2c2cb60b-6014-46cb-bfc0-0c4d61be174d,8cf4d046,2,2,True,True,1.0,250,93,0,0.372,4,type_i,False,False
Qwen3.5-4B,mem0,0,6024e6ea-e5e7-45d5-83d6-ef9180307ccd,8cf51dda,3,3,True,True,1.0,208,0,0,0.0,3,type_i,False,False
Qwen3.5-4B,mem0,0,ab9aab69-e811-42de-9d53-efcc95c31a19,8e91e7d9,2,2,True,True,1.0,246,159,0,0.6463414634146342,6,type_i,False,False
Qwen3.5-4B,mem0,0,815b1a1a-d856-4060-9a32-c7dee3bd4235,8e9d538c,1,0,False,False,0.0,202,202,0,1.0,4,type_i,False,False
Qwen3.5-4B,mem0,0,ff4f09c2-8e76-4aea-8e5e-eb5e46e55c66,8ebdbe50,1,1,True,True,1.0,235,144,0,0.6127659574468085,5,type_i,False,False
Qwen3.5-4B,mem0,0,96d5c4d9-e021-46d7-a42d-09b024b94288,8fb83627,2,2,True,True,1.0,250,87,0,0.348,5,type_ii,False,False
Qwen3.5-4B,mem0,0,c609d026-ea03-4033-b3d4-6335e0fe2f37,91b15a6e,2,2,True,True,1.0,236,142,0,0.6016949152542372,5,type_i,False,False
Qwen3.5-4B,mem0,0,b2c28e01-9511-450c-8931-c3d44aa9209a,92a0aa75,2,0,False,False,0.0,199,199,0,1.0,4,type_i,False,False
Qwen3.5-4B,mem0,0,e03e1896-7056-4bff-b5d1-f72e50c4ed93,945e3d21,2,2,True,True,1.0,212,93,0,0.4386792452830189,4,type_ii,False,False
Qwen3.5-4B,mem0,0,2c350959-757a-4305-86fb-d3c13b4afc50,94f70d80,1,1,True,True,1.0,246,201,0,0.8170731707317073,5,type_i,False,False
Qwen3.5-4B,mem0,0,6ec7fa20-4f33-4d97-954b-e166066040ae,95228167,1,0,False,False,0.0,246,246,0,1.0,5,type_i,False,False
Qwen3.5-4B,mem0,0,8f70a385-18ba-4416-afca-81f7e352c9eb,95bcc1c8,1,1,True,True,1.0,213,108,0,0.5070422535211268,4,type_i,False,False
Qwen3.5-4B,mem0,0,133394bc-c41d-4dbf-adcd-06a24fd339bd,982b5123,1,0,False,False,0.0,190,190,0,1.0,4,type_i,False,False
Qwen3.5-4B,mem0,0,d12fed01-0d43-46d6-bfed-fb4186b7c33d,993da5e2,2,1,True,False,0.5,239,94,0,0.39330543933054396,5,type_i,False,False
Qwen3.5-4B,mem0,0,332c5196-159a-49ee-9ce6-1b1aad82a732,9a707b81,2,1,True,False,0.5,206,146,0,0.7087378640776699,4,type_i,False,False
Qwen3.5-4B,mem0,0,a4d6a10d-d4f6-488e-a793-4773fcd19e87,9a707b82,1,1,True,True,1.0,243,186,0,0.7654320987654321,5,type_i,False,False
Qwen3.5-4B,mem0,0,7d44177d-7fda-42fe-8137-2013e42874e7,9aaed6a3,2,1,True,False,0.5,228,179,0,0.7850877192982456,4,type_i,False,False
Qwen3.5-4B,mem0,0,6efa5dc7-8408-4c8d-9694-85d89de16643,9bbe84a2,2,0,False,False,0.0,231,231,0,1.0,5,type_ii,False,False
Qwen3.5-4B,mem0,0,63a71733-18b9-4151-bb44-70284045673a,9d25d4e0,3,2,True,False,0.6666666666666666,210,101,0,0.48095238095238096,4,type_i,False,False
Qwen3.5-4B,mem0,0,00ca8952-66be-4269-834a-4c058f6fb938,9ea5eabc,2,0,False,False,0.0,256,213,0,0.83203125,6,type_ii,False,False
Qwen3.5-4B,mem0,0,b04c4a08-a3e3-4c45-9cc4-d1ebbccc7e01,9ee3ecd6,2,1,True,False,0.5,234,168,0,0.717948717948718,4,type_i,False,False
Qwen3.5-4B,mem0,0,214db36f-f4e8-487e-9d0a-6a08de668ab4,a06e4cfe,1,1,True,True,1.0,250,165,0,0.66,4,type_i,False,False
Qwen3.5-4B,mem0,0,da7306c5-6327-40c3-b506-befc6d45bd68,a08a253f,2,1,True,False,0.5,213,148,0,0.6948356807511737,4,type_i,False,False
Qwen3.5-4B,mem0,0,f882916b-84fb-47ae-a5d7-1aceb798eb86,a11281a2,2,1,True,False,0.5,211,136,0,0.6445497630331753,4,type_i,False,False
Qwen3.5-4B,mem0,0,cf4a3e4f-6021-4216-bf90-64edf8cb5fab,a1cc6108,3,1,True,False,0.3333333333333333,216,164,0,0.7592592592592593,5,type_i,False,False
Qwen3.5-4B,mem0,0,6926fa7e-0ef8-47b5-82db-cc4dcbca1255,a1eacc2a,2,0,False,False,0.0,234,234,0,1.0,5,type_ii,False,False
Qwen3.5-4B,mem0,0,6bf61860-3f3f-46c6-9e78-18b43d733132,a2f3aa27,2,0,False,False,0.0,223,223,0,1.0,5,type_ii,False,False
Qwen3.5-4B,mem0,0,948d3deb-7cf9-424d-bcfe-05caf7212393,a3045048,2,2,True,True,1.0,255,97,0,0.3803921568627451,5,type_i,False,False
Qwen3.5-4B,mem0,0,ac641315-f1c0-4937-86f9-0edcd383d0e6,a3332713,2,0,False,False,0.0,214,131,0,0.6121495327102804,5,type_i,False,False
Qwen3.5-4B,mem0,0,bc72e671-37f6-40b5-b515-7b950659d285,a346bb18,2,1,True,False,0.5,212,142,0,0.6698113207547169,4,type_i,False,False
Qwen3.5-4B,mem0,0,1eb0ca3b-9d29-4d70-a67d-b2a4c97eaec4,a3838d2b,5,2,True,False,0.4,247,96,0,0.38866396761133604,5,type_i,False,False
Qwen3.5-4B,mem0,0,a5e4abef-11ce-47c0-a921-5ceb7f4de9e2,a40e080f,3,1,True,False,0.3333333333333333,235,157,0,0.6680851063829787,4,type_i,False,False
Qwen3.5-4B,mem0,0,6807c722-4bc7-47a8-a8d3-30164aaa0ced,a4996e51,2,1,True,False,0.5,237,168,0,0.7088607594936709,4,type_i,False,False
Qwen3.5-4B,mem0,0,dc1b9880-70d0-48b9-b345-bf7699c9f459,a82c026e,1,0,False,False,0.0,241,241,0,1.0,5,type_i,False,False
Qwen3.5-4B,mem0,0,1fabe84d-fe6f-439e-bfe2-94eb2501f789,a89d7624,2,1,True,False,0.5,225,141,0,0.6266666666666667,5,type_i,False,False
Qwen3.5-4B,mem0,0,7dd6bac2-c8cf-40ea-91dc-aa99adda7599,a96c20ee,1,1,True,True,1.0,213,164,0,0.7699530516431925,4,type_i,False,False
Qwen3.5-4B,mem0,0,a2298104-2c47-4336-8cc8-aa5c29b8b08f,a9f6b44c,2,2,True,True,1.0,237,128,0,0.540084388185654,5,type_i,False,False
Qwen3.5-4B,mem0,0,f925018c-25d6-4419-a1bf-b3027bbdd323,aae3761f,3,3,True,True,1.0,243,104,0,0.4279835390946502,5,type_i,False,False
Qwen3.5-4B,mem0,0,e4512088-37a8-492d-9ac1-c67d35bfacc0,ac031881,1,0,False,False,0.0,236,236,0,1.0,5,type_i,False,False
Qwen3.5-4B,mem0,0,6c7d248a-8ebe-42c2-927f-3880882538ce,ad7109d1,1,1,True,True,1.0,246,189,0,0.7682926829268293,5,type_i,False,False
Qwen3.5-4B,mem0,0,85c744f7-5922-4f13-a8dc-f0e0cd7f94ca,af082822,1,1,True,True,1.0,209,152,0,0.7272727272727273,4,type_i,False,False
Qwen3.5-4B,mem0,0,7d68c540-ec6a-4ece-a009-0124b9f54455,af8d2e46,1,0,False,False,0.0,224,224,0,1.0,4,type_i,False,False
Qwen3.5-4B,mem0,0,d6a91e26-b9d8-4ee8-9e38-026ad46337fd,afdc33df,2,2,True,True,1.0,226,133,0,0.588495575221239,5,type_i,False,False
Qwen3.5-4B,mem0,0,d09c6820-5ba4-4824-ad0f-c55b51c3b5de,affe2881,2,2,True,True,1.0,215,93,0,0.4325581395348837,4,type_ii,False,False
Qwen3.5-4B,mem0,0,348732d0-fbfe-465f-b47e-c1f33dcee8e0,b01defab,1,1,True,True,1.0,214,153,0,0.7149532710280374,4,type_ii,False,False
Qwen3.5-4B,mem0,0,4b721411-9aeb-496c-ac33-d1a5755d34ae,b0479f84,1,0,False,False,0.0,202,202,0,1.0,4,type_i,False,False
Qwen3.5-4B,mem0,0,fb5cebd5-bfa4-48e2-a257-f3131ae67600,b29f3365,2,2,True,True,1.0,208,54,0,0.25961538461538464,4,type_i,False,False
Qwen3.5-4B,mem0,0,6953add0-8720-43d0-8780-9782bff22ffb,b320f3f8,1,1,True,True,1.0,255,47,0,0.1843137254901961,5,type_i,False,False
Qwen3.5-4B,mem0,0,0424facf-99ad-4ca1-88db-4f9420d09bad,b3c15d39,2,1,True,False,0.5,241,195,0,0.8091286307053942,5,type_i,False,False
Qwen3.5-4B,mem0,0,9b24e063-1772-48b4-829a-174536d381f4,b46e15ed,2,1,True,False,0.5,202,142,0,0.7029702970297029,4,type_i,False,False
Qwen3.5-4B,mem0,0,5bb46f42-f6e2-48d7-aebf-8372e77491f3,b46e15ee,1,1,True,True,1.0,206,87,0,0.4223300970873786,4,type_i,False,False
Qwen3.5-4B,mem0,0,c38f61f3-1eaf-4514-9a7e-0f0b9433de21,b5ef892d,2,2,True,True,1.0,214,105,0,0.49065420560747663,4,type_i,False,False
Qwen3.5-4B,mem0,0,08e92f39-cfd4-4083-b668-ed44a76afcdf,b6019101,2,0,False,False,0.0,228,49,0,0.2149122807017544,5,type_ii,False,False
Qwen3.5-4B,mem0,0,09539ad3-1cd0-4b25-8b7b-ca9519ddff1f,b6025781,2,1,True,False,0.5,254,135,0,0.531496062992126,5,type_i,False,False
Qwen3.5-4B,mem0,0,08576bad-cfbd-4bd7-bd64-5ee3bbc2b0f4,b759caee,1,1,True,True,1.0,216,96,0,0.4444444444444444,4,type_i,False,False
Qwen3.5-4B,mem0,0,2eddd562-90fe-416f-b1a3-1ffbf2a5dcb3,b86304ba,1,1,True,True,1.0,220,165,0,0.75,4,type_i,False,False
Qwen3.5-4B,mem0,0,01f8933b-ad95-4cf3-b19a-9f8635c2c0d1,b9cfe692,2,2,True,True,1.0,227,64,0,0.28193832599118945,4,type_i,False,False
Qwen3.5-4B,mem0,0,3e6e608f-bcdc-463f-a564-b6b7078e6d30,ba358f49,2,1,True,False,0.5,238,191,0,0.8025210084033614,5,type_i,False,False
Qwen3.5-4B,mem0,0,6a19ea24-df95-46c1-a677-08ea3f7cf346,ba61f0b9,2,0,False,False,0.0,225,185,0,0.8222222222222222,5,type_ii,False,False
Qwen3.5-4B,mem0,0,7d651c4d-78d7-4311-9de1-5de39e1b46a0,bb7c3b45,2,1,True,False,0.5,215,145,0,0.6744186046511628,4,type_i,False,False
Qwen3.5-4B,mem0,0,3089b713-f249-4200-9308-92ae781579b2,bbf86515,2,2,True,True,1.0,218,66,0,0.30275229357798167,4,type_i,False,False
Qwen3.5-4B,mem0,0,20312127-bac6-4046-9729-b914f82a37e3,bc149d6b,2,2,True,True,1.0,211,98,0,0.46445497630331756,4,type_i,False,False
Qwen3.5-4B,mem0,0,6cc08de2-7dae-4480-ac4a-354dd75b6174,bc8a6e93,1,1,True,True,1.0,256,155,0,0.60546875,5,type_i,False,False
Qwen3.5-4B,mem0,0,5a1c54e5-72af-470a-af58-3cf5ef6bd8dd,bcbe585f,1,1,True,True,1.0,217,158,0,0.728110599078341,4,type_i,False,False
Qwen3.5-4B,mem0,0,bb7e6d3e-8af6-44f1-b85e-ff9ccdefce13,bf659f65,3,0,False,False,0.0,223,179,0,0.8026905829596412,5,type_i,False,False
Qwen3.5-4B,mem0,0,b8e93668-afd5-4a55-b9f4-87a9d36d233e,c14c00dd,1,1,True,True,1.0,244,141,0,0.5778688524590164,5,type_i,False,False
Qwen3.5-4B,mem0,0,68acf422-454d-4ad3-b7ce-be8ebda19921,c18a7dc8,2,0,False,False,0.0,220,177,0,0.8045454545454546,5,type_i,False,False
Qwen3.5-4B,mem0,0,65d400af-79d9-44a1-989a-5e579ff2f2ac,c19f7a0b,1,1,True,True,1.0,253,58,0,0.22924901185770752,5,type_i,False,False
Qwen3.5-4B,mem0,0,e32a65bb-cae3-438c-8863-fca98296f2d6,c2ac3c61,2,1,True,False,0.5,222,176,0,0.7927927927927928,5,type_i,False,False
Qwen3.5-4B,mem0,0,cca8030d-a5e6-4ed4-85bb-4138546f42dc,c4a1ceb8,5,2,True,False,0.4,207,88,0,0.4251207729468599,4,type_i,False,False
Qwen3.5-4B,mem0,0,d5fdf6ef-ca50-4507-8942-5bf30f5683fd,c4ea545c,2,1,True,False,0.5,240,173,0,0.7208333333333333,5,type_ii,False,False
Qwen3.5-4B,mem0,0,923218df-c7ff-4321-9064-cfcd0a7e70fc,c4f10528,1,1,True,True,1.0,254,200,0,0.7874015748031497,5,type_i,False,False
Qwen3.5-4B,mem0,0,c3ce5b28-4b64-4054-bf26-8c94bd04a45e,c5e8278d,3,3,True,True,1.0,225,94,0,0.4177777777777778,5,type_i,False,False
Qwen3.5-4B,mem0,0,81adc3e9-8186-4671-bca6-3f2aed42b2a3,c6853660,2,1,True,False,0.5,239,180,0,0.7531380753138075,5,type_ii,False,False
Qwen3.5-4B,mem0,0,d962e7e0-d325-4272-8f5e-5cbc7c99e020,c7cf7dfd,3,2,True,False,0.6666666666666666,214,94,0,0.4392523364485981,4,type_i,False,False
Qwen3.5-4B,mem0,0,9067b3ae-d3e3-4374-95ce-fd150ba992b7,c7dc5443,2,0,False,False,0.0,229,135,0,0.5895196506550219,5,type_ii,False,False
Qwen3.5-4B,mem0,0,5efc66e1-a110-4e03-975f-65e8e9d5b583,c8090214,2,2,True,True,1.0,216,103,0,0.47685185185185186,4,type_i,False,False
Qwen3.5-4B,mem0,0,cb8e71f8-f4e7-4e55-baaf-9a5ea5f5fda2,c8c3f81d,1,1,True,True,1.0,229,86,0,0.37554585152838427,5,type_i,False,False
Qwen3.5-4B,mem0,0,af5f8ec6-529c-4e7d-85b7-31ce85a52e5e,c8f1aeed,1,1,True,True,1.0,230,105,0,0.45652173913043476,4,type_i,False,False
Qwen3.5-4B,mem0,0,92d950f8-84de-438b-b334-2c10a60d2df8,c960da58,1,1,True,True,1.0,238,87,0,0.36554621848739494,5,type_i,False,False
Qwen3.5-4B,mem0,0,fd296397-6aee-4811-b186-01d5b3778f3a,c9f37c46,2,2,True,True,1.0,252,57,0,0.2261904761904762,5,type_i,False,False
Qwen3.5-4B,mem0,0,11a55f9a-b377-4746-bbb4-9dfabb6e9b1a,caf03d32,1,1,True,True,1.0,227,132,0,0.5814977973568282,5,type_i,False,False
Qwen3.5-4B,mem0,0,d033a1f0-96ee-46f2-8fa7-2a2ca4113e4b,caf9ead2,1,0,False,False,0.0,199,199,0,1.0,4,type_i,False,False
Qwen3.5-4B,mem0,0,abe6c216-85e7-4294-bece-5f37fb43e1e1,cc06de0d,2,1,True,False,0.5,220,166,0,0.7545454545454545,4,type_i,False,False
Qwen3.5-4B,mem0,0,9664aeec-a2c0-4eac-8fff-1dbf20cea365,cc539528,1,1,True,True,1.0,220,149,0,0.6772727272727272,4,type_i,False,False
Qwen3.5-4B,mem0,0,530159f1-dcde-470d-9364-c91b8ca0042b,cc5ded98,2,0,False,False,0.0,222,177,0,0.7972972972972973,5,type_ii,False,False
Qwen3.5-4B,mem0,0,ae71852c-6dfa-4ed2-b8a0-23492c241730,cc6d1ec1,2,1,True,False,0.5,215,165,0,0.7674418604651163,4,type_i,False,False
Qwen3.5-4B,mem0,0,030f92fe-f759-4eda-b725-50ece2935989,ccb36322,1,1,True,True,1.0,217,88,0,0.4055299539170507,5,type_i,False,False
Qwen3.5-4B,mem0,0,24aebf39-924d-4ff4-aa00-d861ce65d0c0,ce6d2d27,2,0,False,False,0.0,215,173,0,0.8046511627906977,5,type_ii,False,False
Qwen3.5-4B,mem0,0,ed04049d-877d-4b8f-af04-16fc5679477d,ceb54acb,1,1,True,True,1.0,226,99,0,0.43805309734513276,4,type_i,False,False
Qwen3.5-4B,mem0,0,bd8878e1-d82a-4cdb-9457-d413e80ad61b,cf22b7bf,2,0,False,False,0.0,196,196,0,1.0,4,type_ii,False,False
Qwen3.5-4B,mem0,0,a34bc6e2-dd0a-441e-a8eb-239010bbdcf6,d01c6aa8,1,0,False,False,0.0,252,252,0,1.0,5,type_i,False,False
Qwen3.5-4B,mem0,0,6967f3b0-afe3-4c03-97eb-39e369b6f201,d23cf73b,4,3,True,False,0.75,255,95,0,0.37254901960784315,5,type_i,False,False
Qwen3.5-4B,mem0,0,37bfe823-68c3-4e89-8527-064140e11c09,d24813b1,1,1,True,True,1.0,242,143,0,0.5909090909090909,5,type_i,False,False
Qwen3.5-4B,mem0,0,670a2a62-0e7a-47cd-9ec9-ca33eeeed0f1,d3ab962e,2,1,True,False,0.5,235,178,0,0.7574468085106383,5,type_i,False,False
Qwen3.5-4B,mem0,0,014c72af-40a8-4ba8-a248-db3bc0e383e1,d52b4f67,1,1,True,True,1.0,248,191,0,0.7701612903225806,5,type_i,False,False
Qwen3.5-4B,mem0,0,fe58d41c-5c8f-4584-a02e-fa34867dfc83,d596882b,1,1,True,True,1.0,254,102,0,0.4015748031496063,5,type_i,False,False
Qwen3.5-4B,mem0,0,39c5c7ca-4f12-4985-b8d4-c2d16e5ae5c8,d6062bb9,2,1,True,False,0.5,254,141,0,0.5551181102362205,5,type_i,False,False
Qwen3.5-4B,mem0,0,d72aad0f-a9b6-4abb-bbf0-b991d0442c8c,d6233ab6,2,1,True,False,0.5,212,137,0,0.6462264150943396,4,type_i,False,False
Qwen3.5-4B,mem0,0,cdc557a3-44a4-4ecb-90a9-acfc19cd37b8,d682f1a2,3,3,True,True,1.0,231,92,0,0.39826839826839827,5,type_i,False,False
Qwen3.5-4B,mem0,0,5aeb784f-e50a-465e-89f7-bf59aa7092d0,d7c942c3,2,0,False,False,0.0,241,241,0,1.0,5,type_ii,False,False
Qwen3.5-4B,mem0,0,d48c864f-0611-4106-8799-6195a1c6c373,d851d5ba,4,0,False,False,0.0,223,223,0,1.0,5,type_i,False,False
Qwen3.5-4B,mem0,0,4f1abf97-1055-46ac-a0f7-a2b480627b65,d905b33f,2,1,True,False,0.5,254,196,0,0.7716535433070866,5,type_i,False,False
Qwen3.5-4B,mem0,0,a7f450b3-3ee0-43b8-b968-32970659bbd1,dad224aa,2,0,False,False,0.0,237,237,0,1.0,5,type_ii,False,False
Qwen3.5-4B,mem0,0,87d4c704-e019-46af-a516-c79a27721cd1,db467c8c,1,0,False,False,0.0,196,145,0,0.7397959183673469,4,type_ii,False,False
Qwen3.5-4B,mem0,0,e2aa690a-6332-492e-80a6-5490be36d367,dc439ea3,1,1,True,True,1.0,237,52,0,0.21940928270042195,5,type_i,False,False
Qwen3.5-4B,mem0,0,8161876a-1859-42da-8e5b-1834f5f421d9,dccbc061,1,1,True,True,1.0,231,169,0,0.7316017316017316,5,type_i,False,False
Qwen3.5-4B,mem0,0,3587e6c1-4b4b-4366-beca-1cc50eeb2bf8,dcfa8644,2,1,True,False,0.5,213,102,0,0.4788732394366197,4,type_i,False,False
Qwen3.5-4B,mem0,0,3287eff8-abd8-4fa4-a9ca-45c4d203cd94,dd2973ad,2,0,False,False,0.0,235,235,0,1.0,4,type_i,False,False
Qwen3.5-4B,mem0,0,8306ab13-1afe-44b5-b0b1-0b48adb9527a,dfde3500,2,2,True,True,1.0,217,132,0,0.6082949308755761,5,type_ii,False,False
Qwen3.5-4B,mem0,0,afd2e386-85fd-4c5a-95cf-6283c533c3f9,e01b8e2f,1,1,True,True,1.0,237,47,0,0.19831223628691982,5,type_i,False,False
Qwen3.5-4B,mem0,0,3242a8ad-11b2-4b22-a7d3-965570dfeb20,e25c3b8d,2,1,True,False,0.5,220,158,0,0.7181818181818181,4,type_i,False,False
Qwen3.5-4B,mem0,0,cb63a61c-71df-4e03-a0c8-bcdc87817e5c,e3038f8c,4,0,False,False,0.0,225,184,0,0.8177777777777778,5,type_i,False,False
Qwen3.5-4B,mem0,0,8e476dfe-24dc-475e-a5c2-2b4607bb38c7,e3fc4d6e,1,1,True,True,1.0,224,122,0,0.5446428571428571,4,type_i,False,False
Qwen3.5-4B,mem0,0,f774b79d-c50d-4172-b5be-98aa6336e84c,e47becba,1,1,True,True,1.0,235,139,0,0.5914893617021276,5,type_i,False,False
Qwen3.5-4B,mem0,0,2c1c00b3-a296-4868-8357-f24258fd9a3f,e48988bc,1,1,True,True,1.0,249,47,0,0.18875502008032127,5,type_i,False,False
Qwen3.5-4B,mem0,0,c84c3af8-8d57-4698-8a89-c5fa96046949,e493bb7c,2,1,True,False,0.5,228,157,0,0.6885964912280702,4,type_ii,False,False
Qwen3.5-4B,mem0,0,74ac4431-1d0c-4d5b-a844-564fdae23121,e4e14d04,2,1,True,False,0.5,254,197,0,0.7755905511811023,5,type_i,False,False
Qwen3.5-4B,mem0,0,11dec1d9-1bcf-4cea-bdf9-1bc9e2103b45,e56a43b9,2,2,True,True,1.0,216,54,0,0.25,4,type_i,False,False
Qwen3.5-4B,mem0,0,31d310c0-5cd9-48be-9a95-3167294f2689,e6041065,2,1,True,False,0.5,249,204,0,0.8192771084337349,5,type_i,False,False
Qwen3.5-4B,mem0,0,8be40756-7ccc-4607-ae93-46dbd91853cf,e61a7584,2,2,True,True,1.0,241,46,0,0.1908713692946058,5,type_ii,False,False
Qwen3.5-4B,mem0,0,9742ce87-14e8-491c-bc88-49d39560fd53,e66b632c,2,1,True,False,0.5,187,112,0,0.5989304812834224,3,type_ii,False,False
Qwen3.5-4B,mem0,0,249339ed-ded3-4707-84bc-26372108fbc4,e831120c,2,0,False,False,0.0,222,222,0,1.0,4,type_i,False,False
Qwen3.5-4B,mem0,0,db5e553f-7aca-48f7-9683-5ffd7a622d29,e8a79c70,1,1,True,True,1.0,245,106,0,0.4326530612244898,5,type_i,False,False
Qwen3.5-4B,mem0,0,c7999c5e-a890-4770-b59e-3e19541e3c7f,e9327a54,1,1,True,True,1.0,217,150,0,0.6912442396313364,4,type_i,False,False
Qwen3.5-4B,mem0,0,28677ede-c609-44d6-a3f8-f890a49e2cb2,e982271f,1,0,False,False,0.0,233,233,0,1.0,5,type_i,False,False
Qwen3.5-4B,mem0,0,54a7f15e-c6cd-48d7-903e-a3aec65a760d,eac54adc,2,0,False,False,0.0,222,222,0,1.0,4,type_i,False,False
Qwen3.5-4B,mem0,0,d499b742-ca4e-4609-b7fd-a7db3722d239,eac54add,1,0,False,False,0.0,249,164,0,0.6586345381526104,6,type_i,False,False
Qwen3.5-4B,mem0,0,21aa11ea-56fa-4b32-9282-f2cdcb64080a,eaca4986,1,1,True,True,1.0,237,162,0,0.6835443037974683,4,type_i,False,False
Qwen3.5-4B,mem0,0,fff54c74-8205-4cc3-aa33-4acda06f4def,eace081b,2,2,True,True,1.0,225,141,0,0.6266666666666667,5,type_ii,False,False
Qwen3.5-4B,mem0,0,e07fa30a-e980-43fa-8e5c-e1b4cab3dd32,ec81a493,1,1,True,True,1.0,246,178,0,0.7235772357723578,5,type_i,False,False
Qwen3.5-4B,mem0,0,9f0340f2-7f26-486a-bebe-b132ed51c1d5,ed4ddc30,2,0,False,False,0.0,228,228,0,1.0,5,type_ii,False,False
Qwen3.5-4B,mem0,0,8285f62d-4768-4f76-93df-35d44abe19ed,edced276,2,0,False,False,0.0,208,208,0,1.0,4,type_i,False,False
Qwen3.5-4B,mem0,0,06acb700-6984-4d51-8069-d90a25ea1f5f,eeda8a6d,4,2,True,False,0.5,215,87,0,0.4046511627906977,4,type_i,False,False
Qwen3.5-4B,mem0,0,4a6f8895-9f41-4022-8784-4fa10e6313d5,ef66a6e5,2,1,True,False,0.5,221,179,0,0.8099547511312217,5,type_i,False,False
Qwen3.5-4B,mem0,0,786864dc-884f-4788-8416-31e26fdee815,ef9cf60a,2,2,True,True,1.0,237,90,0,0.379746835443038,5,type_i,False,False
Qwen3.5-4B,mem0,0,579eaf0d-4902-48b9-8611-d845ffb3ddc4,efc3f7c2,2,2,True,True,1.0,247,46,0,0.1862348178137652,5,type_i,False,False
Qwen3.5-4B,mem0,0,3f699918-a2b1-4a91-baa8-1c0ee9a22ec6,f0853d11,2,1,True,False,0.5,212,159,0,0.75,4,type_i,False,False
Qwen3.5-4B,mem0,0,2104ef32-5b8e-47a9-bce3-3dcd8d7203a5,f0e564bc,2,1,True,False,0.5,248,99,0,0.39919354838709675,5,type_i,False,False
Qwen3.5-4B,mem0,0,a2c8c470-7a29-4ed8-9fd7-f2430f429959,f35224e0,2,2,True,True,1.0,233,100,0,0.4291845493562232,4,type_i,False,False
Qwen3.5-4B,mem0,0,7c382e2c-0eae-4b2f-b44a-fa66f6c79ef9,f4f1d8a4,1,1,True,True,1.0,228,53,0,0.2324561403508772,5,type_i,False,False
Qwen3.5-4B,mem0,0,292f34d1-63f0-4a1f-9c07-f73ef1a24e3c,f523d9fe,1,1,True,True,1.0,215,153,0,0.7116279069767442,4,type_i,False,False
Qwen3.5-4B,mem0,0,4b0ab876-9de6-4924-aa5d-6f938b12dc4a,f685340e,2,0,False,False,0.0,234,234,0,1.0,5,type_ii,False,False
Qwen3.5-4B,mem0,0,3ae48412-39c3-4104-ad1d-cebf151bbfb4,f8c5f88b,1,1,True,True,1.0,245,200,0,0.8163265306122449,5,type_i,False,False
Qwen3.5-4B,mem0,0,7d1c3d99-8162-4160-b40d-b6a9adaf09e6,f9e8c073,2,2,True,True,1.0,248,45,0,0.1814516129032258,5,type_ii,False,False
Qwen3.5-4B,mem0,0,c6a75dcd-2075-43a3-a565-6e8dfcf5aeef,faba32e5,1,1,True,True,1.0,199,144,0,0.7236180904522613,4,type_i,False,False
Qwen3.5-4B,mem0,0,493aca93-d330-4a40-84fd-6698738d1391,fca70973,6,0,False,False,0.0,248,248,0,1.0,5,type_i,False,False
Qwen3.5-4B,mem0,0,ba40c74e-1391-4082-a85d-fcf1335b874b,fca762bc,1,1,True,True,1.0,251,99,0,0.3944223107569721,5,type_i,False,False
Qwen3.5-4B,mem0,0,9943ca88-1895-4b06-9460-3367d30221a9,fea54f57,1,1,True,True,1.0,219,152,0,0.6940639269406392,4,type_i,False,False
Qwen3.5-4B,mem0,0,5a605de8-90dc-46ed-bb25-ef1b593f8655,gpt4_0a05b494,2,1,True,False,0.5,236,177,0,0.75,5,type_i,False,False
Qwen3.5-4B,mem0,0,8c55cf81-9b56-4e54-a16d-e68ca6615336,gpt4_0b2f1d21,2,2,True,True,1.0,248,103,0,0.4153225806451613,5,type_i,False,False
Qwen3.5-4B,mem0,0,b71af42a-b9eb-41e4-a564-c8266bba8fc5,gpt4_15e38248,4,1,True,False,0.25,234,175,0,0.7478632478632479,5,type_i,False,False
Qwen3.5-4B,mem0,0,851868a8-4fde-488b-a21b-d8e80602568c,gpt4_18c2b244,3,2,True,False,0.6666666666666666,220,53,0,0.2409090909090909,4,type_i,False,False
Qwen3.5-4B,mem0,0,fe1c6063-37a6-45fc-a341-99036ece9ff8,gpt4_1916e0ea,2,2,True,True,1.0,243,93,0,0.38271604938271603,5,type_i,False,False
Qwen3.5-4B,mem0,0,be1faf8a-6b41-4da0-9a23-8119ff183c7e,gpt4_194be4b3,5,1,True,False,0.2,212,146,0,0.6886792452830188,4,type_i,False,False
Qwen3.5-4B,mem0,0,c8d0ed93-8289-4942-ab7e-860df5d3b254,gpt4_1a1dc16d,2,1,True,False,0.5,232,176,0,0.7586206896551724,5,type_i,False,False
Qwen3.5-4B,mem0,0,98fc785d-6ebd-43a6-8a85-e386c69118ec,gpt4_1d4ab0c9,2,2,True,True,1.0,213,100,0,0.4694835680751174,4,type_i,False,False
Qwen3.5-4B,mem0,0,30fef842-977f-43d5-87a5-bfa1d1a4f3b9,gpt4_1d80365e,2,2,True,True,1.0,215,102,0,0.4744186046511628,4,type_i,False,False
Qwen3.5-4B,mem0,0,720482a8-817c-47f7-9bfc-51391ef5c7bd,gpt4_1e4a8aeb,2,1,True,False,0.5,239,188,0,0.7866108786610879,5,type_i,False,False
Qwen3.5-4B,mem0,0,c825341c-c192-4404-aa18-c8ce5f848387,gpt4_1e4a8aec,1,1,True,True,1.0,217,124,0,0.5714285714285714,5,type_i,False,False
Qwen3.5-4B,mem0,0,c03498a4-ee0f-4557-8c80-4871ed4ec644,gpt4_213fd887,2,1,True,False,0.5,251,93,0,0.3705179282868526,5,type_i,False,False
Qwen3.5-4B,mem0,0,361d6fb4-7b30-4105-bdc3-feb29eb6d1b6,gpt4_21adecb5,2,2,True,True,1.0,245,101,0,0.4122448979591837,5,type_i,False,False
Qwen3.5-4B,mem0,0,13bdbbe2-5d6a-40bf-b78b-fee6b57226cd,gpt4_2312f94c,2,1,True,False,0.5,229,174,0,0.759825327510917,4,type_i,False,False
Qwen3.5-4B,mem0,0,297140a8-04d4-4994-a86d-4f96a39c123a,gpt4_2487a7cb,2,0,False,False,0.0,202,152,0,0.7524752475247525,4,type_i,False,False
Qwen3.5-4B,mem0,0,3632de59-485d-4042-9b85-d90f022aec51,gpt4_2655b836,2,1,True,False,0.5,256,50,0,0.1953125,5,type_i,False,False
Qwen3.5-4B,mem0,0,db149a68-04e0-4008-8e8d-7882e563a02e,gpt4_2ba83207,4,1,True,False,0.25,221,127,0,0.5746606334841629,5,type_i,False,False
Qwen3.5-4B,mem0,0,46ec4c61-49d0-413b-a29c-0884898555f1,gpt4_2c50253f,3,1,True,False,0.3333333333333333,231,113,0,0.48917748917748916,4,type_i,False,False
Qwen3.5-4B,mem0,0,ad523920-af63-4ebd-a6d8-0c520e813b2f,gpt4_2d58bcd6,2,1,True,False,0.5,230,0,0,0.0,4,type_i,False,False
Qwen3.5-4B,mem0,0,8b00ee82-e387-4fee-b60c-dfe52e0b056d,gpt4_2f56ae70,3,1,True,False,0.3333333333333333,236,172,0,0.7288135593220338,5,type_i,False,False
Qwen3.5-4B,mem0,0,807fadd3-7fc0-4f1d-85c6-e37260f8105e,gpt4_2f584639,2,1,True,False,0.5,222,169,0,0.7612612612612613,5,type_i,False,False
Qwen3.5-4B,mem0,0,adc2ab84-0170-477a-bbad-43c7a6a2375f,gpt4_2f8be40d,4,2,True,False,0.5,237,142,0,0.5991561181434599,5,type_i,False,False
Qwen3.5-4B,mem0,0,7380d9c1-9ec2-4ed2-94df-14c5a9e8b199,gpt4_2f91af09,3,2,True,False,0.6666666666666666,239,128,0,0.5355648535564853,5,type_i,False,False
Qwen3.5-4B,mem0,0,401cb37f-0f91-460e-8939-41bb178a2971,gpt4_31ff4165,4,1,True,False,0.25,242,197,0,0.8140495867768595,5,type_i,False,False
Qwen3.5-4B,mem0,0,c92ea21e-3988-4c6c-97bf-bc99ccbb7541,gpt4_372c3eed,4,1,True,False,0.25,253,207,0,0.8181818181818182,5,type_i,False,False
Qwen3.5-4B,mem0,0,89543587-10d8-4cb5-bc06-b923d8f5aa7e,gpt4_385a5000,2,2,True,True,1.0,236,87,0,0.3686440677966102,5,type_i,False,False
Qwen3.5-4B,mem0,0,46fc1d97-6afe-4c47-883d-1301dedccc77,gpt4_45189cb4,3,1,True,False,0.3333333333333333,249,194,0,0.7791164658634538,5,type_i,False,False
Qwen3.5-4B,mem0,0,876b6b1a-e246-4eca-ba3a-a7e7eee457bb,gpt4_468eb063,1,1,True,True,1.0,252,48,0,0.19047619047619047,5,type_i,False,False
Qwen3.5-4B,mem0,0,fe6daeef-a9b6-4de1-a1a0-ab26905b6bf3,gpt4_468eb064,1,1,True,True,1.0,242,137,0,0.5661157024793388,5,type_i,False,False
Qwen3.5-4B,mem0,0,6b3d9d5d-f0be-4d2a-a51d-cc9ea6043457,gpt4_483dd43c,2,2,True,True,1.0,227,120,0,0.5286343612334802,4,type_i,False,False
Qwen3.5-4B,mem0,0,ae61cdf6-610b-4964-be40-b4e79584a0f3,gpt4_4929293a,2,2,True,True,1.0,241,133,0,0.5518672199170125,5,type_i,False,False
Qwen3.5-4B,mem0,0,840fa9ed-a04f-45ae-b542-5396461f4ee2,gpt4_4929293b,1,0,False,False,0.0,249,249,0,1.0,5,type_i,False,False
Qwen3.5-4B,mem0,0,586899d3-9e9a-4963-a97e-61ba6648470f,gpt4_4cd9eba1,2,1,True,False,0.5,204,146,0,0.7156862745098039,4,type_i,False,False
Qwen3.5-4B,mem0,0,14dc45a8-2c29-4793-8f9c-3ebad00d6862,gpt4_4edbafa2,1,0,False,False,0.0,213,213,0,1.0,4,type_i,False,False
Qwen3.5-4B,mem0,0,abaed6da-7584-4ad9-9cc0-fa7c190a6a88,gpt4_4ef30696,2,2,True,True,1.0,219,52,0,0.2374429223744292,4,type_i,False,False
Qwen3.5-4B,mem0,0,eee5ef08-a8ba-48c8-b447-ec6b411bd111,gpt4_4fc4f797,2,2,True,True,1.0,211,100,0,0.47393364928909953,4,type_i,False,False
Qwen3.5-4B,mem0,0,372892f0-fc4c-440a-86b7-6369825d380b,gpt4_5438fa52,1,1,True,True,1.0,244,99,0,0.4057377049180328,5,type_i,False,False
Qwen3.5-4B,mem0,0,6c63e7a3-c044-4252-8dc4-dae3ee23e019,gpt4_5501fe77,2,1,True,False,0.5,245,181,0,0.7387755102040816,5,type_i,False,False
Qwen3.5-4B,mem0,0,ee605735-a11e-448c-b944-085859379827,gpt4_59149c77,2,2,True,True,1.0,220,48,0,0.21818181818181817,4,type_i,False,False
Qwen3.5-4B,mem0,0,94443fb7-8294-454e-b9b3-de72a1ecfd45,gpt4_59149c78,1,0,False,False,0.0,254,254,0,1.0,5,type_i,False,False
Qwen3.5-4B,mem0,0,f7ecd61c-391f-4e2c-a58f-72cdb25ef60e,gpt4_59c863d7,5,2,True,False,0.4,216,92,0,0.42592592592592593,4,type_i,False,False
Qwen3.5-4B,mem0,0,4916dc89-8a8c-4de5-9eef-64644bc2adb7,gpt4_5dcc0aab,1,0,False,False,0.0,256,90,0,0.3515625,5,type_i,False,False
Qwen3.5-4B,mem0,0,c66dee47-fd68-43ef-8897-96bffbf68fad,gpt4_61e13b3c,2,2,True,True,1.0,212,102,0,0.4811320754716981,4,type_i,False,False
Qwen3.5-4B,mem0,0,59dc4e5f-8f55-4f75-add9-fb9783b035e1,gpt4_65aabe59,2,1,True,False,0.5,235,89,0,0.37872340425531914,5,type_i,False,False
Qwen3.5-4B,mem0,0,b9c7dd66-97f1-4bec-a7c5-bd75e6e2ba80,gpt4_68e94287,2,1,True,False,0.5,252,153,0,0.6071428571428571,5,type_i,False,False
Qwen3.5-4B,mem0,0,bad03f75-8124-45c3-a0f0-70b6d6381630,gpt4_68e94288,1,1,True,True,1.0,236,138,0,0.5847457627118644,5,type_i,False,False
Qwen3.5-4B,mem0,0,3e95684c-3574-49c5-a5c2-339589264c81,gpt4_6dc9b45b,1,0,False,False,0.0,241,241,0,1.0,5,type_i,False,False
Qwen3.5-4B,mem0,0,da85c95c-e6c1-45d7-8c77-dcee3307ce15,gpt4_6ed717ea,2,1,True,False,0.5,245,137,0,0.5591836734693878,5,type_i,False,False
Qwen3.5-4B,mem0,0,b84d8dcd-6915-403e-b172-c4da95c9a619,gpt4_70e84552,2,2,True,True,1.0,231,47,0,0.20346320346320346,5,type_i,False,False
Qwen3.5-4B,mem0,0,097efbdb-df21-4ddc-b0d1-b9727afbe377,gpt4_731e37d7,4,3,True,False,0.75,255,86,0,0.33725490196078434,5,type_i,False,False
Qwen3.5-4B,mem0,0,20a552ef-080b-45bc-b4a2-2ddda5874db1,gpt4_74aed68e,2,2,True,True,1.0,209,100,0,0.4784688995215311,4,type_i,False,False
Qwen3.5-4B,mem0,0,a6bfbbc2-1bf7-4d59-8c2e-27e4a829b504,gpt4_76048e76,2,1,True,False,0.5,242,96,0,0.39669421487603307,5,type_i,False,False
Qwen3.5-4B,mem0,0,75d0ff29-cd6f-45ad-a818-0709a69090ee,gpt4_78cf46a3,2,1,True,False,0.5,234,137,0,0.5854700854700855,5,type_i,False,False
Qwen3.5-4B,mem0,0,cd1b7d28-0bd7-42ba-b086-1066f1041fbc,gpt4_7a0daae1,2,2,True,True,1.0,245,99,0,0.40408163265306124,5,type_i,False,False
Qwen3.5-4B,mem0,0,ad5f0281-307d-4909-a430-fe81c37c60b9,gpt4_7abb270c,6,0,False,False,0.0,235,101,0,0.4297872340425532,5,type_i,False,False
Qwen3.5-4B,mem0,0,e2714b81-75d0-4f70-a236-e376570be698,gpt4_7bc6cf22,1,1,True,True,1.0,223,159,0,0.7130044843049327,4,type_i,False,False
Qwen3.5-4B,mem0,0,4f49dec5-649f-448a-9a68-9ccf7862fe9f,gpt4_7ca326fa,3,3,True,True,1.0,248,51,0,0.2056451612903226,5,type_i,False,False
Qwen3.5-4B,mem0,0,4786f000-6caa-4257-9fe2-e055d3478ac2,gpt4_7ddcf75f,1,1,True,True,1.0,215,156,0,0.7255813953488373,4,type_i,False,False
Qwen3.5-4B,mem0,0,09e721c8-4f33-4e1c-9e87-eb399dd7322f,gpt4_7de946e7,2,2,True,True,1.0,230,87,0,0.3782608695652174,5,type_i,False,False
Qwen3.5-4B,mem0,0,698fccde-b16a-4acf-a78c-378838ee6a4b,gpt4_7f6b06db,3,0,False,False,0.0,250,208,0,0.832,5,type_i,False,False
Qwen3.5-4B,mem0,0,a35842ce-dc9f-40df-adcf-bc1ca557fa20,gpt4_7fce9456,5,2,True,False,0.4,226,104,0,0.46017699115044247,4,type_i,False,False
Qwen3.5-4B,mem0,0,d1f1221d-aaca-4755-8712-f46528bbd968,gpt4_8279ba02,1,1,True,True,1.0,237,185,0,0.7805907172995781,5,type_i,False,False
Qwen3.5-4B,mem0,0,c74b6ee9-cafe-470f-80dc-2d7b6784865e,gpt4_8279ba03,1,1,True,True,1.0,235,95,0,0.40425531914893614,5,type_i,False,False
Qwen3.5-4B,mem0,0,bf99b90b-fc35-480a-88df-f0edb11d660c,gpt4_85da3956,1,1,True,True,1.0,211,104,0,0.4928909952606635,4,type_i,False,False
Qwen3.5-4B,mem0,0,dbd18363-f3e3-460e-ba67-f5ed5e6cebd0,gpt4_88806d6e,2,2,True,True,1.0,223,85,0,0.3811659192825112,5,type_i,False,False
Qwen3.5-4B,mem0,0,c159488f-0ad4-4855-a6c2-86425aea2e67,gpt4_8c8961ae,2,1,True,False,0.5,241,149,0,0.6182572614107884,5,type_i,False,False
Qwen3.5-4B,mem0,0,f83309a3-ebec-4304-aefa-672e9a1e4641,gpt4_8e165409,2,0,False,False,0.0,42,0,0,0.0,1,type_i,False,False
Qwen3.5-4B,mem0,0,8ebbaa53-c801-4d88-a374-a522b2162da4,gpt4_93159ced,2,1,True,False,0.5,210,47,0,0.22380952380952382,4,type_i,False,False
Qwen3.5-4B,mem0,0,43780a6a-87f4-407a-b129-132f92abc630,gpt4_93f6379c,2,1,True,False,0.5,211,110,0,0.5213270142180095,4,type_i,False,False
Qwen3.5-4B,mem0,0,52d20618-31b3-4b48-8d80-55344b2d3d58,gpt4_98f46fc6,2,2,True,True,1.0,248,145,0,0.5846774193548387,5,type_i,False,False
Qwen3.5-4B,mem0,0,edc9a943-eb10-4214-9db3-4ac72fbd769c,gpt4_9a159967,3,2,True,False,0.6666666666666666,229,92,0,0.4017467248908297,5,type_i,False,False
Qwen3.5-4B,mem0,0,549f8a73-e300-4cf7-8626-ded8f067fc8a,gpt4_a1b77f9c,6,3,True,False,0.5,224,45,0,0.20089285714285715,4,type_i,False,False
Qwen3.5-4B,mem0,0,35c46d41-0cfd-45fe-b093-3a59c67c977c,gpt4_a2d1d1f6,1,1,True,True,1.0,203,142,0,0.6995073891625616,4,type_i,False,False
Qwen3.5-4B,mem0,0,45d2094d-109b-4e9a-aa21-37d33ee1be91,gpt4_a56e767c,4,2,True,False,0.5,227,145,0,0.6387665198237885,5,type_i,False,False
Qwen3.5-4B,mem0,0,2633d76d-1537-42d8-a2f1-8777e5c1b281,gpt4_ab202e7f,5,3,True,False,0.6,244,91,0,0.3729508196721312,5,type_i,False,False
Qwen3.5-4B,mem0,0,f363e06e-c74b-4062-b7a0-da5649b9cd47,gpt4_af6db32f,1,1,True,True,1.0,243,51,0,0.20987654320987653,5,type_i,False,False
Qwen3.5-4B,mem0,0,dbb05a6e-b9b6-479c-a008-4f80e33ac346,gpt4_b0863698,1,1,True,True,1.0,231,48,0,0.2077922077922078,5,type_i,False,False
Qwen3.5-4B,mem0,0,8d6e22a0-9782-4fe2-a54a-bf22fa08eb42,gpt4_b4a80587,2,1,True,False,0.5,210,152,0,0.7238095238095238,4,type_i,False,False
Qwen3.5-4B,mem0,0,d689b6e9-ecca-4e1a-9895-d42487ba6de2,gpt4_b5700ca0,1,1,True,True,1.0,254,95,0,0.37401574803149606,5,type_i,False,False
Qwen3.5-4B,mem0,0,bf5ca9b0-51f3-40ac-a40b-16804c2c7f92,gpt4_b5700ca9,1,1,True,True,1.0,244,148,0,0.6065573770491803,5,type_i,False,False
Qwen3.5-4B,mem0,0,3be1a7e7-804c-4880-933d-d6e14b27efbe,gpt4_c27434e8,2,2,True,True,1.0,229,50,0,0.2183406113537118,4,type_i,False,False
Qwen3.5-4B,mem0,0,8e328926-0232-4160-a42f-9eed54a49c17,gpt4_cd90e484,2,1,True,False,0.5,209,153,0,0.7320574162679426,4,type_i,False,False
Qwen3.5-4B,mem0,0,ab68bb2b-c7b3-4c28-8fad-c77ad4957a8a,gpt4_d12ceb0e,6,1,True,False,0.16666666666666666,232,189,0,0.8146551724137931,5,type_i,False,False
Qwen3.5-4B,mem0,0,c8c78165-5c03-49f5-bf3a-81ca39f00227,gpt4_d31cdae3,2,2,True,True,1.0,252,93,0,0.36904761904761907,5,type_i,False,False
Qwen3.5-4B,mem0,0,d65aa4fb-b6b2-4b83-b96e-7eaa82fee443,gpt4_d6585ce8,5,2,True,False,0.4,250,48,0,0.192,5,type_i,False,False
Qwen3.5-4B,mem0,0,b0a2d0d9-6ffa-4b2d-bb77-5446ed3f629f,gpt4_d6585ce9,1,0,False,False,0.0,238,238,0,1.0,5,type_i,False,False
Qwen3.5-4B,mem0,0,7a9c5ae4-bcc4-4945-83d4-785297508938,gpt4_d84a3211,3,2,True,False,0.6666666666666666,215,88,0,0.40930232558139534,4,type_i,False,False
Qwen3.5-4B,mem0,0,5e73c7de-d24c-4912-bb5a-4fade2711d40,gpt4_d9af6064,1,1,True,True,1.0,246,93,0,0.3780487804878049,5,type_i,False,False
Qwen3.5-4B,mem0,0,13d253b0-70d9-478a-b4ef-8ac98a2a89f1,gpt4_e05b82a6,6,0,False,False,0.0,213,213,0,1.0,4,type_i,False,False
Qwen3.5-4B,mem0,0,7e9c72c3-7fae-4ac5-8c09-5c53eeaa37c9,gpt4_e061b84f,3,0,False,False,0.0,250,250,0,1.0,5,type_i,False,False
Qwen3.5-4B,mem0,0,23fb8e4b-bced-4bf3-b960-12355fbca3b4,gpt4_e061b84g,1,1,True,True,1.0,220,164,0,0.7454545454545455,4,type_i,False,False
Qwen3.5-4B,mem0,0,187a96ec-69b1-4af8-8af8-99066b0bfae0,gpt4_e072b769,1,1,True,True,1.0,232,139,0,0.5991379310344828,5,type_i,False,False
Qwen3.5-4B,mem0,0,b4ae4749-a304-4bd0-ba7e-c82a690632fe,gpt4_e414231e,2,1,True,False,0.5,205,150,0,0.7317073170731707,4,type_i,False,False
Qwen3.5-4B,mem0,0,a999458e-b747-4bae-acd6-fdcbeda16a74,gpt4_e414231f,1,0,False,False,0.0,228,181,0,0.793859649122807,5,type_i,False,False
Qwen3.5-4B,mem0,0,5173988d-039d-425a-9472-e00b79310502,gpt4_ec93e27f,2,0,False,False,0.0,225,184,0,0.8177777777777778,5,type_i,False,False
Qwen3.5-4B,mem0,0,1d5a9032-aa9f-4f63-bbfc-abdcc0cec577,gpt4_f2262a51,3,2,True,False,0.6666666666666666,230,143,0,0.6217391304347826,5,type_i,False,False
Qwen3.5-4B,mem0,0,7f6487cb-622a-403b-b5eb-0eb8b697ca5e,gpt4_f420262c,4,1,True,False,0.25,246,193,0,0.7845528455284553,5,type_i,False,False
Qwen3.5-4B,mem0,0,050e0643-aa3e-4e92-aaad-7fc23748a973,gpt4_f420262d,1,1,True,True,1.0,223,172,0,0.7713004484304933,5,type_i,False,False
Qwen3.5-4B,mem0,0,b7a7a6b2-1f2f-47b3-93e2-38629165d950,gpt4_f49edff3,3,3,True,True,1.0,212,45,0,0.21226415094339623,4,type_i,False,False
Qwen3.5-4B,mem0,0,d882f2ba-ec82-461b-8a6b-f82adb474f4d,gpt4_fa19884c,2,1,True,False,0.5,254,196,0,0.7716535433070866,5,type_i,False,False
Qwen3.5-4B,mem0,0,6bf750cc-24e3-4e11-ba20-dfbecfe9d079,gpt4_fa19884d,1,0,False,False,0.0,241,241,0,1.0,5,type_i,False,False
Qwen3.5-4B,mem0,0,3fda734c-9023-4286-a86f-ebb03a4c04de,gpt4_fe651585,2,0,False,False,0.0,226,226,0,1.0,5,type_i,False,False
